usuario_id,nombre,periodo_inicio,periodo_fin,fecha,descripcion,monto,tipo_movimiento,categoria,grupo,tipo_pago,tasa_interes_tarjeta,descripcion_limpia
1,Paula Flores,2026-07-01,2026-07-31,2026-07-01,reparación del coche,40.11,Consumo,Transporte,Esencial,tarjeta de crédito,67.4,reparación del coche
1,Paula Flores,2026-07-01,2026-07-31,2026-07-01,súper,121.08,Consumo,Alimentación,Esencial,transferencia bancaria,,súper
1,Paula Flores,2026-07-01,2026-07-31,2026-07-01,reparación inesperada,196.97,Consumo,Otros,,tarjeta de crédito,63.0,reparación inesperada
1,Paula Flores,2026-07-01,2026-07-31,2026-07-01,colegiatura,189.72,Consumo,Educación,Esencial,tarjeta de crédito,47.2,colegiatura
1,Paula Flores,2026-07-01,2026-07-31,2026-07-04,pasaje,356.55,Consumo,Transporte,Esencial,tarjeta de crédito,40.0,pasaje
1,Paula Flores,2026-07-01,2026-07-31,2026-07-06,Bodega Aurrera,75.1,Consumo,Alimentación,Esencial,tarjeta de crédito,43.0,bodega aurrera
1,Paula Flores,2026-07-01,2026-07-31,2026-07-06,renta,45.03,Consumo,Vivienda,Esencial,tarjeta de crédito,48.6,renta
1,Paula Flores,2026-07-01,2026-07-31,2026-07-08,peaje,55.7,Consumo,Transporte,Esencial,transferencia bancaria,,peaje
1,Paula Flores,2026-07-01,2026-07-31,2026-07-08,súper,108.21,Consumo,Alimentación,Esencial,efectivo,,súper
1,Paula Flores,2026-07-01,2026-07-31,2026-07-08,accesorios,58.38,Consumo,Compras personales,Discrecional,tarjeta de crédito,61.0,accesorios
1,Paula Flores,2026-07-01,2026-07-31,2026-07-09,pagaré bancario,100.0,Ahorro e inversión,,,transferencia bancaria,,pagaré bancario
1,Paula Flores,2026-07-01,2026-07-31,2026-07-09,peaje,148.09,Consumo,Transporte,Esencial,efectivo,,peaje
1,Paula Flores,2026-07-01,2026-07-31,2026-07-09,súper,222.26,Consumo,Alimentación,Esencial,tarjeta de crédito,42.7,súper
1,Paula Flores,2026-07-01,2026-07-31,2026-07-09,despensa,130.73,Consumo,Alimentación,Esencial,tarjeta de crédito,50.1,despensa
1,Paula Flores,2026-07-01,2026-07-31,2026-07-09,Mercado Libre,70.55,Consumo,Compras personales,Discrecional,transferencia bancaria,,mercado libre
1,Paula Flores,2026-07-01,2026-07-31,2026-07-11,renta,129.16,Consumo,Vivienda,Esencial,efectivo,,renta
1,Paula Flores,2026-07-01,2026-07-31,2026-07-12,pescado,44.14,Consumo,Alimentación,Esencial,tarjeta de crédito,56.6,pescado
1,Paula Flores,2026-07-01,2026-07-31,2026-07-13,recibo de luz,158.15,Consumo,Vivienda,Esencial,tarjeta de crédito,53.6,recibo de luz
1,Paula Flores,2026-07-01,2026-07-31,2026-07-14,camión,37.88,Consumo,Transporte,Esencial,tarjeta de crédito,52.6,camión
1,Paula Flores,2026-07-01,2026-07-31,2026-07-14,ingredientes para cocinar,250.06,Consumo,Alimentación,Esencial,tarjeta de débito,,ingredientes para cocinar
1,Paula Flores,2026-07-01,2026-07-31,2026-07-14,libros,109.82,Consumo,Educación,Esencial,transferencia bancaria,,libros
1,Paula Flores,2026-07-01,2026-07-31,2026-07-15,fiesta,111.85,Consumo,Entretenimiento y ocio,Discrecional,tarjeta de crédito,48.3,fiesta
1,Paula Flores,2026-07-01,2026-07-31,2026-07-15,nómina,3599.74,Ingreso,,,transferencia bancaria,,nómina
1,Paula Flores,2026-07-01,2026-07-31,2026-07-15,pago TDC,559.58,Pago de deuda,,,transferencia bancaria,,pago tdc
1,Paula Flores,2026-07-01,2026-07-31,2026-07-16,pan y tortillas,137.86,Consumo,Alimentación,Esencial,tarjeta de crédito,55.0,pan y tortillas
1,Paula Flores,2026-07-01,2026-07-31,2026-07-17,mercado,622.27,Consumo,Alimentación,Esencial,tarjeta de crédito,58.5,mercado
1,Paula Flores,2026-07-01,2026-07-31,2026-07-17,apoyo familiar,54.57,Consumo,Otros,,tarjeta de crédito,61.0,apoyo familiar
1,Paula Flores,2026-07-01,2026-07-31,2026-07-18,peaje,324.71,Consumo,Transporte,Esencial,tarjeta de crédito,68.6,peaje
1,Paula Flores,2026-07-01,2026-07-31,2026-07-18,compras de comida,413.98,Consumo,Alimentación,Esencial,tarjeta de crédito,71.0,compras de comida
1,Paula Flores,2026-07-01,2026-07-31,2026-07-20,recibo de agua,73.13,Consumo,Vivienda,Esencial,transferencia bancaria,,recibo de agua
1,Paula Flores,2026-07-01,2026-07-31,2026-07-22,CETES Directo,104.45,Ahorro e inversión,,,transferencia bancaria,,cetes directo
1,Paula Flores,2026-07-01,2026-07-31,2026-07-22,cambio de aceite,118.02,Consumo,Transporte,Esencial,tarjeta de débito,,cambio de aceite
1,Paula Flores,2026-07-01,2026-07-31,2026-07-22,pago de renta,51.05,Consumo,Vivienda,Esencial,tarjeta de crédito,36.1,pago de renta
1,Paula Flores,2026-07-01,2026-07-31,2026-07-22,pago de renta,56.13,Consumo,Vivienda,Esencial,tarjeta de crédito,59.9,pago de renta
1,Paula Flores,2026-07-01,2026-07-31,2026-07-25,maleta,136.26,Consumo,Viajes y vacaciones,Discrecional,tarjeta de crédito,47.3,maleta
1,Paula Flores,2026-07-01,2026-07-31,2026-07-25,ropa nueva,39.52,Consumo,Compras personales,Discrecional,tarjeta de crédito,52.1,ropa nueva
1,Paula Flores,2026-07-01,2026-07-31,2026-07-25,consulta,193.88,Consumo,Salud,Esencial,tarjeta de crédito,50.7,consulta
1,Paula Flores,2026-07-01,2026-07-31,2026-07-26,electricista,254.11,Consumo,Vivienda,Esencial,tarjeta de crédito,50.3,electricista
1,Paula Flores,2026-07-01,2026-07-31,2026-07-27,bonos gubernamentales,100.0,Ahorro e inversión,,,transferencia bancaria,,bonos gubernamentales
1,Paula Flores,2026-07-01,2026-07-31,2026-07-27,verificación,111.64,Consumo,Transporte,Esencial,tarjeta de crédito,61.3,verificación
1,Paula Flores,2026-07-01,2026-07-31,2026-07-27,arreglo de fuga de agua,118.62,Consumo,Vivienda,Esencial,transferencia bancaria,,arreglo de fuga de agua
1,Paula Flores,2026-07-01,2026-07-31,2026-07-28,Costco,247.76,Consumo,Alimentación,Esencial,tarjeta de crédito,50.4,costco
1,Paula Flores,2026-07-01,2026-07-31,2026-07-28,teatro,124.45,Consumo,Entretenimiento y ocio,Discrecional,tarjeta de crédito,62.0,teatro
1,Paula Flores,2026-07-01,2026-07-31,2026-07-29,salida con amigos,136.09,Consumo,Entretenimiento y ocio,Discrecional,tarjeta de crédito,43.9,salida con amigos
1,Paula Flores,2026-07-01,2026-07-31,2026-07-30,pago de trabajo,3599.74,Ingreso,,,transferencia bancaria,,pago de trabajo
1,Paula Flores,2026-07-01,2026-07-31,2026-07-31,mandado,382.73,Consumo,Alimentación,Esencial,tarjeta de crédito,71.1,mandado
1,Paula Flores,2026-07-01,2026-07-31,2026-07-31,cartera,444.52,Consumo,Compras personales,Discrecional,tarjeta de crédito,67.4,cartera
2,Iván Silva,2026-07-01,2026-07-31,2026-07-02,despensa,44.23,Consumo,Alimentación,Esencial,transferencia bancaria,,despensa
2,Iván Silva,2026-07-01,2026-07-31,2026-07-02,certificación,39.4,Consumo,Educación,Esencial,efectivo,,certificación
2,Iván Silva,2026-07-01,2026-07-31,2026-07-04,Google One,300.13,Consumo,Suscripciones digitales,Discrecional,tarjeta de débito,,google one
2,Iván Silva,2026-07-01,2026-07-31,2026-07-05,acciones,207.57,Ahorro e inversión,,,transferencia bancaria,,acciones
2,Iván Silva,2026-07-01,2026-07-31,2026-07-05,playera,183.85,Consumo,Compras personales,Discrecional,tarjeta de débito,,playera
2,Iván Silva,2026-07-01,2026-07-31,2026-07-06,recibo de luz,62.74,Consumo,Vivienda,Esencial,transferencia bancaria,,recibo de luz
2,Iván Silva,2026-07-01,2026-07-31,2026-07-06,llantas,192.99,Consumo,Transporte,Esencial,tarjeta de débito,,llantas
2,Iván Silva,2026-07-01,2026-07-31,2026-07-07,cuota de condominio,1047.24,Consumo,Vivienda,Esencial,tarjeta de crédito,64.7,cuota de condominio
2,Iván Silva,2026-07-01,2026-07-31,2026-07-07,celular,187.49,Consumo,Compras personales,Discrecional,tarjeta de crédito,68.4,celular
2,Iván Silva,2026-07-01,2026-07-31,2026-07-08,wifi,197.16,Consumo,Vivienda,Esencial,efectivo,,wifi
2,Iván Silva,2026-07-01,2026-07-31,2026-07-09,metrobús,571.06,Consumo,Transporte,Esencial,efectivo,,metrobús
2,Iván Silva,2026-07-01,2026-07-31,2026-07-09,remesa recibida,3090.87,Ingreso,,,transferencia bancaria,,remesa recibida
2,Iván Silva,2026-07-01,2026-07-31,2026-07-10,Bodega Aurrera,76.19,Consumo,Alimentación,Esencial,tarjeta de crédito,46.6,bodega aurrera
2,Iván Silva,2026-07-01,2026-07-31,2026-07-12,pagué la luz,267.18,Consumo,Vivienda,Esencial,tarjeta de débito,,pagué la luz
2,Iván Silva,2026-07-01,2026-07-31,2026-07-12,despensa de la semana,1095.9,Consumo,Alimentación,Esencial,tarjeta de crédito,62.2,despensa de la semana
2,Iván Silva,2026-07-01,2026-07-31,2026-07-13,abarrotes,133.77,Consumo,Alimentación,Esencial,tarjeta de crédito,71.6,abarrotes
2,Iván Silva,2026-07-01,2026-07-31,2026-07-14,comida,510.18,Consumo,Alimentación,Esencial,tarjeta de crédito,39.6,comida
2,Iván Silva,2026-07-01,2026-07-31,2026-07-14,súper,560.02,Consumo,Alimentación,Esencial,tarjeta de débito,,súper
2,Iván Silva,2026-07-01,2026-07-31,2026-07-15,salario,6571.9,Ingreso,,,transferencia bancaria,,salario
2,Iván Silva,2026-07-01,2026-07-31,2026-07-16,aportación AFORE,159.78,Ahorro e inversión,,,transferencia bancaria,,aportación afore
2,Iván Silva,2026-07-01,2026-07-31,2026-07-16,boliche,54.66,Consumo,Entretenimiento y ocio,Discrecional,tarjeta de débito,,boliche
2,Iván Silva,2026-07-01,2026-07-31,2026-07-16,escuela,209.89,Consumo,Educación,Esencial,efectivo,,escuela
2,Iván Silva,2026-07-01,2026-07-31,2026-07-17,Chedraui,397.7,Consumo,Alimentación,Esencial,transferencia bancaria,,chedraui
2,Iván Silva,2026-07-01,2026-07-31,2026-07-18,concierto,53.46,Consumo,Entretenimiento y ocio,Discrecional,efectivo,,concierto
2,Iván Silva,2026-07-01,2026-07-31,2026-07-18,perfume,114.35,Consumo,Compras personales,Discrecional,tarjeta de crédito,53.2,perfume
2,Iván Silva,2026-07-01,2026-07-31,2026-07-19,recibo de agua,132.39,Consumo,Vivienda,Esencial,tarjeta de débito,,recibo de agua
2,Iván Silva,2026-07-01,2026-07-31,2026-07-19,estacionamiento,1073.18,Consumo,Transporte,Esencial,tarjeta de crédito,69.8,estacionamiento
2,Iván Silva,2026-07-01,2026-07-31,2026-07-21,apartado de ahorro,146.88,Ahorro e inversión,,,transferencia bancaria,,apartado de ahorro
2,Iván Silva,2026-07-01,2026-07-31,2026-07-22,audífonos,487.66,Consumo,Compras personales,Discrecional,tarjeta de débito,,audífonos
2,Iván Silva,2026-07-01,2026-07-31,2026-07-23,comida fuera,439.13,Consumo,Entretenimiento y ocio,Discrecional,tarjeta de crédito,39.5,comida fuera
2,Iván Silva,2026-07-01,2026-07-31,2026-07-23,karaoke,177.43,Consumo,Entretenimiento y ocio,Discrecional,efectivo,,karaoke
2,Iván Silva,2026-07-01,2026-07-31,2026-07-23,vestido,248.88,Consumo,Compras personales,Discrecional,tarjeta de crédito,71.1,vestido
2,Iván Silva,2026-07-01,2026-07-31,2026-07-24,pago TDC,351.67,Pago de deuda,,,transferencia bancaria,,pago tdc
2,Iván Silva,2026-07-01,2026-07-31,2026-07-25,domingo de paseo,91.8,Consumo,Entretenimiento y ocio,Discrecional,tarjeta de crédito,46.8,domingo de paseo
2,Iván Silva,2026-07-01,2026-07-31,2026-07-25,agua,382.09,Consumo,Vivienda,Esencial,tarjeta de crédito,47.0,agua
2,Iván Silva,2026-07-01,2026-07-31,2026-07-26,Bodega Aurrera,1105.93,Consumo,Alimentación,Esencial,tarjeta de crédito,43.5,bodega aurrera
2,Iván Silva,2026-07-01,2026-07-31,2026-07-26,Bodega Aurrera,299.08,Consumo,Alimentación,Esencial,tarjeta de débito,,bodega aurrera
2,Iván Silva,2026-07-01,2026-07-31,2026-07-28,Costco,688.91,Consumo,Alimentación,Esencial,tarjeta de débito,,costco
2,Iván Silva,2026-07-01,2026-07-31,2026-07-28,frutas y verduras,643.95,Consumo,Alimentación,Esencial,transferencia bancaria,,frutas y verduras
2,Iván Silva,2026-07-01,2026-07-31,2026-07-29,Amazon,290.89,Consumo,Compras personales,Discrecional,tarjeta de débito,,amazon
2,Iván Silva,2026-07-01,2026-07-31,2026-07-29,inscripción,360.97,Consumo,Educación,Esencial,efectivo,,inscripción
2,Iván Silva,2026-07-01,2026-07-31,2026-07-30,verificación,712.66,Consumo,Transporte,Esencial,tarjeta de crédito,48.9,verificación
2,Iván Silva,2026-07-01,2026-07-31,2026-07-30,quincena,6571.9,Ingreso,,,transferencia bancaria,,quincena
3,Arturo Ortega,2026-07-01,2026-07-31,2026-07-01,mandado,711.44,Consumo,Alimentación,Esencial,tarjeta de crédito,48.7,mandado
3,Arturo Ortega,2026-07-01,2026-07-31,2026-07-01,tenis,414.22,Consumo,Compras personales,Discrecional,tarjeta de crédito,47.9,tenis
3,Arturo Ortega,2026-07-01,2026-07-31,2026-07-02,perfume,268.87,Consumo,Compras personales,Discrecional,transferencia bancaria,,perfume
3,Arturo Ortega,2026-07-01,2026-07-31,2026-07-06,despensa,82.51,Consumo,Alimentación,Esencial,tarjeta de crédito,48.3,despensa
3,Arturo Ortega,2026-07-01,2026-07-31,2026-07-06,chamarra,335.01,Consumo,Compras personales,Discrecional,tarjeta de crédito,45.1,chamarra
3,Arturo Ortega,2026-07-01,2026-07-31,2026-07-06,cargo bancario,134.61,Consumo,Otros,,efectivo,,cargo bancario
3,Arturo Ortega,2026-07-01,2026-07-31,2026-07-07,abarrotes,122.5,Consumo,Alimentación,Esencial,tarjeta de crédito,59.7,abarrotes
3,Arturo Ortega,2026-07-01,2026-07-31,2026-07-07,mandado,64.64,Consumo,Alimentación,Esencial,tarjeta de crédito,42.6,mandado
3,Arturo Ortega,2026-07-01,2026-07-31,2026-07-08,acciones,179.14,Ahorro e inversión,,,transferencia bancaria,,acciones
3,Arturo Ortega,2026-07-01,2026-07-31,2026-07-09,lonche,240.58,Consumo,Alimentación,Esencial,tarjeta de crédito,61.3,lonche
3,Arturo Ortega,2026-07-01,2026-07-31,2026-07-09,ingredientes para cocinar,331.69,Consumo,Alimentación,Esencial,tarjeta de crédito,44.0,ingredientes para cocinar
3,Arturo Ortega,2026-07-01,2026-07-31,2026-07-09,boletos de avión,44.42,Consumo,Viajes y vacaciones,Discrecional,tarjeta de crédito,60.8,boletos de avión
3,Arturo Ortega,2026-07-01,2026-07-31,2026-07-11,evento,190.15,Consumo,Entretenimiento y ocio,Discrecional,tarjeta de crédito,36.9,evento
3,Arturo Ortega,2026-07-01,2026-07-31,2026-07-11,seguro personal,161.65,Consumo,Otros,,tarjeta de crédito,37.8,seguro personal
3,Arturo Ortega,2026-07-01,2026-07-31,2026-07-12,streaming,178.93,Consumo,Suscripciones digitales,Discrecional,tarjeta de crédito,57.9,streaming
3,Arturo Ortega,2026-07-01,2026-07-31,2026-07-14,Airbnb,58.73,Consumo,Viajes y vacaciones,Discrecional,tarjeta de crédito,39.4,airbnb
3,Arturo Ortega,2026-07-01,2026-07-31,2026-07-14,comida de vacaciones,72.65,Consumo,Viajes y vacaciones,Discrecional,transferencia bancaria,,comida de vacaciones
3,Arturo Ortega,2026-07-01,2026-07-31,2026-07-15,sueldo,5017.94,Ingreso,,,transferencia bancaria,,sueldo
3,Arturo Ortega,2026-07-01,2026-07-31,2026-07-16,cargo bancario,87.96,Consumo,Otros,,tarjeta de crédito,42.6,cargo bancario
3,Arturo Ortega,2026-07-01,2026-07-31,2026-07-17,clases particulares,51.55,Consumo,Educación,Esencial,tarjeta de débito,,clases particulares
3,Arturo Ortega,2026-07-01,2026-07-31,2026-07-18,pago de renta,365.44,Consumo,Vivienda,Esencial,tarjeta de crédito,55.1,pago de renta
3,Arturo Ortega,2026-07-01,2026-07-31,2026-07-19,leche y huevos,137.74,Consumo,Alimentación,Esencial,tarjeta de crédito,62.3,leche y huevos
3,Arturo Ortega,2026-07-01,2026-07-31,2026-07-21,seguro del coche,322.79,Consumo,Transporte,Esencial,tarjeta de crédito,54.8,seguro del coche
3,Arturo Ortega,2026-07-01,2026-07-31,2026-07-21,metrobús,704.58,Consumo,Transporte,Esencial,tarjeta de crédito,51.5,metrobús
3,Arturo Ortega,2026-07-01,2026-07-31,2026-07-21,luz,499.34,Consumo,Vivienda,Esencial,tarjeta de crédito,60.0,luz
3,Arturo Ortega,2026-07-01,2026-07-31,2026-07-21,carne,48.62,Consumo,Alimentación,Esencial,tarjeta de crédito,44.4,carne
3,Arturo Ortega,2026-07-01,2026-07-31,2026-07-23,teatro,268.37,Consumo,Entretenimiento y ocio,Discrecional,tarjeta de crédito,63.2,teatro
3,Arturo Ortega,2026-07-01,2026-07-31,2026-07-23,pago TDC,812.87,Pago de deuda,,,transferencia bancaria,,pago tdc
3,Arturo Ortega,2026-07-01,2026-07-31,2026-07-24,agua y refrescos,318.11,Consumo,Alimentación,Esencial,tarjeta de crédito,60.5,agua y refrescos
3,Arturo Ortega,2026-07-01,2026-07-31,2026-07-25,metrobús,123.44,Consumo,Transporte,Esencial,tarjeta de crédito,40.8,metrobús
3,Arturo Ortega,2026-07-01,2026-07-31,2026-07-26,Chedraui,1398.05,Consumo,Alimentación,Esencial,transferencia bancaria,,chedraui
3,Arturo Ortega,2026-07-01,2026-07-31,2026-07-27,pasajes de la semana,578.29,Consumo,Transporte,Esencial,tarjeta de débito,,pasajes de la semana
3,Arturo Ortega,2026-07-01,2026-07-31,2026-07-27,pago TDC,1105.56,Pago de deuda,,,transferencia bancaria,,pago tdc
3,Arturo Ortega,2026-07-01,2026-07-31,2026-07-29,despensa,64.53,Consumo,Alimentación,Esencial,tarjeta de crédito,41.2,despensa
3,Arturo Ortega,2026-07-01,2026-07-31,2026-07-29,colegiatura,287.71,Consumo,Educación,Esencial,tarjeta de débito,,colegiatura
3,Arturo Ortega,2026-07-01,2026-07-31,2026-07-30,Soriana,326.14,Consumo,Alimentación,Esencial,tarjeta de crédito,56.3,soriana
3,Arturo Ortega,2026-07-01,2026-07-31,2026-07-30,pago de trabajo,5017.94,Ingreso,,,transferencia bancaria,,pago de trabajo
3,Arturo Ortega,2026-07-01,2026-07-31,2026-07-31,hipoteca,263.72,Consumo,Vivienda,Esencial,tarjeta de crédito,45.2,hipoteca
4,Patricia Fuentes,2026-07-01,2026-07-31,2026-07-02,internet de la casa,742.45,Consumo,Vivienda,Esencial,efectivo,,internet de la casa
4,Patricia Fuentes,2026-07-01,2026-07-31,2026-07-04,cuota de condominio,293.11,Consumo,Vivienda,Esencial,tarjeta de débito,,cuota de condominio
4,Patricia Fuentes,2026-07-01,2026-07-31,2026-07-05,frutas y verduras,2100.17,Consumo,Alimentación,Esencial,efectivo,,frutas y verduras
4,Patricia Fuentes,2026-07-01,2026-07-31,2026-07-06,decoración,126.16,Consumo,Compras personales,Discrecional,tarjeta de débito,,decoración
4,Patricia Fuentes,2026-07-01,2026-07-31,2026-07-07,Walmart,262.61,Consumo,Alimentación,Esencial,transferencia bancaria,,walmart
4,Patricia Fuentes,2026-07-01,2026-07-31,2026-07-07,Soriana,145.0,Consumo,Alimentación,Esencial,tarjeta de débito,,soriana
4,Patricia Fuentes,2026-07-01,2026-07-31,2026-07-08,acciones,711.09,Ahorro e inversión,,,transferencia bancaria,,acciones
4,Patricia Fuentes,2026-07-01,2026-07-31,2026-07-09,lonche,2704.75,Consumo,Alimentación,Esencial,transferencia bancaria,,lonche
4,Patricia Fuentes,2026-07-01,2026-07-31,2026-07-09,iCloud,309.6,Consumo,Suscripciones digitales,Discrecional,tarjeta de débito,,icloud
4,Patricia Fuentes,2026-07-01,2026-07-31,2026-07-10,Microsoft 365,36.28,Consumo,Suscripciones digitales,Discrecional,tarjeta de débito,,microsoft 365
4,Patricia Fuentes,2026-07-01,2026-07-31,2026-07-11,Costco,487.45,Consumo,Alimentación,Esencial,tarjeta de crédito,62.4,costco
4,Patricia Fuentes,2026-07-01,2026-07-31,2026-07-13,uber,76.27,Consumo,Transporte,Esencial,efectivo,,uber
4,Patricia Fuentes,2026-07-01,2026-07-31,2026-07-14,despensa de la semana,48.89,Consumo,Alimentación,Esencial,transferencia bancaria,,despensa de la semana
4,Patricia Fuentes,2026-07-01,2026-07-31,2026-07-15,nómina,12221.83,Ingreso,,,transferencia bancaria,,nómina
4,Patricia Fuentes,2026-07-01,2026-07-31,2026-07-16,tablet,696.4,Consumo,Compras personales,Discrecional,tarjeta de crédito,60.9,tablet
4,Patricia Fuentes,2026-07-01,2026-07-31,2026-07-17,estacionamiento,565.12,Consumo,Transporte,Esencial,tarjeta de crédito,61.5,estacionamiento
4,Patricia Fuentes,2026-07-01,2026-07-31,2026-07-17,pago de crédito,332.68,Pago de deuda,,,transferencia bancaria,,pago de crédito
4,Patricia Fuentes,2026-07-01,2026-07-31,2026-07-18,Netflix,95.87,Consumo,Suscripciones digitales,Discrecional,tarjeta de crédito,37.5,netflix
4,Patricia Fuentes,2026-07-01,2026-07-31,2026-07-18,plataforma educativa,225.69,Consumo,Educación,Esencial,transferencia bancaria,,plataforma educativa
4,Patricia Fuentes,2026-07-01,2026-07-31,2026-07-18,mensualidad del coche,1690.25,Pago de deuda,,,transferencia bancaria,,mensualidad del coche
4,Patricia Fuentes,2026-07-01,2026-07-31,2026-07-19,hipoteca,220.49,Consumo,Vivienda,Esencial,tarjeta de crédito,61.2,hipoteca
4,Patricia Fuentes,2026-07-01,2026-07-31,2026-07-20,cremas,107.4,Consumo,Compras personales,Discrecional,efectivo,,cremas
4,Patricia Fuentes,2026-07-01,2026-07-31,2026-07-20,donación,724.34,Consumo,Otros,,tarjeta de débito,,donación
4,Patricia Fuentes,2026-07-01,2026-07-31,2026-07-22,agua y refrescos,1141.86,Consumo,Alimentación,Esencial,tarjeta de débito,,agua y refrescos
4,Patricia Fuentes,2026-07-01,2026-07-31,2026-07-22,llené el tanque,303.38,Consumo,Transporte,Esencial,tarjeta de débito,,llené el tanque
4,Patricia Fuentes,2026-07-01,2026-07-31,2026-07-23,despensa,469.36,Consumo,Alimentación,Esencial,tarjeta de débito,,despensa
4,Patricia Fuentes,2026-07-01,2026-07-31,2026-07-23,agua,594.2,Consumo,Vivienda,Esencial,transferencia bancaria,,agua
4,Patricia Fuentes,2026-07-01,2026-07-31,2026-07-23,zapatos,1220.61,Consumo,Compras personales,Discrecional,tarjeta de débito,,zapatos
4,Patricia Fuentes,2026-07-01,2026-07-31,2026-07-24,carne,689.48,Consumo,Alimentación,Esencial,tarjeta de débito,,carne
4,Patricia Fuentes,2026-07-01,2026-07-31,2026-07-24,reparación del coche,419.01,Consumo,Transporte,Esencial,tarjeta de débito,,reparación del coche
4,Patricia Fuentes,2026-07-01,2026-07-31,2026-07-24,pago mínimo de tarjeta,1158.53,Pago de deuda,,,transferencia bancaria,,pago mínimo de tarjeta
4,Patricia Fuentes,2026-07-01,2026-07-31,2026-07-26,súper,158.26,Consumo,Alimentación,Esencial,tarjeta de débito,,súper
4,Patricia Fuentes,2026-07-01,2026-07-31,2026-07-26,hipoteca,801.55,Consumo,Vivienda,Esencial,transferencia bancaria,,hipoteca
4,Patricia Fuentes,2026-07-01,2026-07-31,2026-07-28,peaje,1123.33,Consumo,Transporte,Esencial,tarjeta de crédito,49.5,peaje
4,Patricia Fuentes,2026-07-01,2026-07-31,2026-07-29,frutas y verduras,468.03,Consumo,Alimentación,Esencial,efectivo,,frutas y verduras
4,Patricia Fuentes,2026-07-01,2026-07-31,2026-07-30,metrobús,189.63,Consumo,Transporte,Esencial,transferencia bancaria,,metrobús
4,Patricia Fuentes,2026-07-01,2026-07-31,2026-07-30,seguro del coche,706.65,Consumo,Transporte,Esencial,tarjeta de crédito,51.5,seguro del coche
4,Patricia Fuentes,2026-07-01,2026-07-31,2026-07-30,salario,12221.83,Ingreso,,,transferencia bancaria,,salario
4,Patricia Fuentes,2026-07-01,2026-07-31,2026-07-31,comida,120.52,Consumo,Alimentación,Esencial,tarjeta de crédito,53.6,comida
4,Patricia Fuentes,2026-07-01,2026-07-31,2026-07-31,útiles escolares,492.76,Consumo,Educación,Esencial,efectivo,,útiles escolares
5,Raúl Ruiz,2026-07-01,2026-07-31,2026-07-01,clases particulares,169.85,Consumo,Educación,Esencial,tarjeta de crédito,62.2,clases particulares
5,Raúl Ruiz,2026-07-01,2026-07-31,2026-07-01,agua,305.24,Consumo,Vivienda,Esencial,efectivo,,agua
5,Raúl Ruiz,2026-07-01,2026-07-31,2026-07-05,pagaré bancario,100.0,Ahorro e inversión,,,transferencia bancaria,,pagaré bancario
5,Raúl Ruiz,2026-07-01,2026-07-31,2026-07-06,reparación del coche,243.22,Consumo,Transporte,Esencial,transferencia bancaria,,reparación del coche
5,Raúl Ruiz,2026-07-01,2026-07-31,2026-07-08,Mercado Libre,86.33,Consumo,Compras personales,Discrecional,tarjeta de crédito,67.3,mercado libre
5,Raúl Ruiz,2026-07-01,2026-07-31,2026-07-08,karaoke,63.74,Consumo,Entretenimiento y ocio,Discrecional,tarjeta de débito,,karaoke
5,Raúl Ruiz,2026-07-01,2026-07-31,2026-07-10,reloj,420.36,Consumo,Compras personales,Discrecional,tarjeta de débito,,reloj
5,Raúl Ruiz,2026-07-01,2026-07-31,2026-07-11,celular,544.22,Consumo,Compras personales,Discrecional,tarjeta de crédito,37.7,celular
5,Raúl Ruiz,2026-07-01,2026-07-31,2026-07-11,doctor,511.05,Consumo,Salud,Esencial,tarjeta de débito,,doctor
5,Raúl Ruiz,2026-07-01,2026-07-31,2026-07-11,renta,139.77,Consumo,Vivienda,Esencial,transferencia bancaria,,renta
5,Raúl Ruiz,2026-07-01,2026-07-31,2026-07-11,pasajes de la semana,941.83,Consumo,Transporte,Esencial,tarjeta de débito,,pasajes de la semana
5,Raúl Ruiz,2026-07-01,2026-07-31,2026-07-12,súper,529.84,Consumo,Alimentación,Esencial,tarjeta de crédito,53.7,súper
5,Raúl Ruiz,2026-07-01,2026-07-31,2026-07-12,pago automotriz,1772.6,Pago de deuda,,,transferencia bancaria,,pago automotriz
5,Raúl Ruiz,2026-07-01,2026-07-31,2026-07-13,viaje de fin de semana,114.74,Consumo,Viajes y vacaciones,Discrecional,tarjeta de débito,,viaje de fin de semana
5,Raúl Ruiz,2026-07-01,2026-07-31,2026-07-13,concierto,768.24,Consumo,Entretenimiento y ocio,Discrecional,efectivo,,concierto
5,Raúl Ruiz,2026-07-01,2026-07-31,2026-07-14,videojuego,250.52,Consumo,Entretenimiento y ocio,Discrecional,transferencia bancaria,,videojuego
5,Raúl Ruiz,2026-07-01,2026-07-31,2026-07-15,quincena,10223.18,Ingreso,,,transferencia bancaria,,quincena
5,Raúl Ruiz,2026-07-01,2026-07-31,2026-07-16,mercado,1790.19,Consumo,Alimentación,Esencial,tarjeta de débito,,mercado
5,Raúl Ruiz,2026-07-01,2026-07-31,2026-07-18,playera,84.71,Consumo,Compras personales,Discrecional,efectivo,,playera
5,Raúl Ruiz,2026-07-01,2026-07-31,2026-07-18,mandado,365.73,Consumo,Alimentación,Esencial,transferencia bancaria,,mandado
5,Raúl Ruiz,2026-07-01,2026-07-31,2026-07-18,despensa de la semana,487.94,Consumo,Alimentación,Esencial,tarjeta de débito,,despensa de la semana
5,Raúl Ruiz,2026-07-01,2026-07-31,2026-07-18,carne,640.29,Consumo,Alimentación,Esencial,efectivo,,carne
5,Raúl Ruiz,2026-07-01,2026-07-31,2026-07-20,audífonos,340.47,Consumo,Compras personales,Discrecional,tarjeta de débito,,audífonos
5,Raúl Ruiz,2026-07-01,2026-07-31,2026-07-20,comida para la casa,1034.38,Consumo,Alimentación,Esencial,tarjeta de débito,,comida para la casa
5,Raúl Ruiz,2026-07-01,2026-07-31,2026-07-21,apartado de ahorro,116.79,Ahorro e inversión,,,transferencia bancaria,,apartado de ahorro
5,Raúl Ruiz,2026-07-01,2026-07-31,2026-07-22,muebles para la casa,710.47,Consumo,Vivienda,Esencial,tarjeta de débito,,muebles para la casa
5,Raúl Ruiz,2026-07-01,2026-07-31,2026-07-22,cambio de aceite,1281.21,Consumo,Transporte,Esencial,transferencia bancaria,,cambio de aceite
5,Raúl Ruiz,2026-07-01,2026-07-31,2026-07-23,viaje,482.4,Consumo,Viajes y vacaciones,Discrecional,tarjeta de crédito,52.9,viaje
5,Raúl Ruiz,2026-07-01,2026-07-31,2026-07-24,chamarra,262.82,Consumo,Compras personales,Discrecional,tarjeta de crédito,47.1,chamarra
5,Raúl Ruiz,2026-07-01,2026-07-31,2026-07-27,ahorro,139.49,Ahorro e inversión,,,transferencia bancaria,,ahorro
5,Raúl Ruiz,2026-07-01,2026-07-31,2026-07-27,concierto,528.29,Consumo,Entretenimiento y ocio,Discrecional,tarjeta de crédito,38.1,concierto
5,Raúl Ruiz,2026-07-01,2026-07-31,2026-07-28,ropa nueva,463.26,Consumo,Compras personales,Discrecional,tarjeta de débito,,ropa nueva
5,Raúl Ruiz,2026-07-01,2026-07-31,2026-07-28,mandado,1465.19,Consumo,Alimentación,Esencial,transferencia bancaria,,mandado
5,Raúl Ruiz,2026-07-01,2026-07-31,2026-07-28,hipoteca,1107.48,Consumo,Vivienda,Esencial,efectivo,,hipoteca
5,Raúl Ruiz,2026-07-01,2026-07-31,2026-07-29,maquillaje,1277.09,Consumo,Compras personales,Discrecional,tarjeta de crédito,54.7,maquillaje
5,Raúl Ruiz,2026-07-01,2026-07-31,2026-07-30,inscripción,453.46,Consumo,Educación,Esencial,tarjeta de débito,,inscripción
5,Raúl Ruiz,2026-07-01,2026-07-31,2026-07-30,sueldo,10223.18,Ingreso,,,transferencia bancaria,,sueldo
5,Raúl Ruiz,2026-07-01,2026-07-31,2026-07-31,lonche,256.96,Consumo,Alimentación,Esencial,tarjeta de crédito,57.7,lonche
6,David Cervantes,2026-07-01,2026-07-31,2026-07-02,cremas,1323.23,Consumo,Compras personales,Discrecional,tarjeta de crédito,73.5,cremas
6,David Cervantes,2026-07-01,2026-07-31,2026-07-05,mercado,136.15,Consumo,Alimentación,Esencial,transferencia bancaria,,mercado
6,David Cervantes,2026-07-01,2026-07-31,2026-07-06,Bodega Aurrera,327.79,Consumo,Alimentación,Esencial,tarjeta de crédito,72.2,bodega aurrera
6,David Cervantes,2026-07-01,2026-07-31,2026-07-07,PlayStation Plus,361.89,Consumo,Suscripciones digitales,Discrecional,tarjeta de crédito,90.3,playstation plus
6,David Cervantes,2026-07-01,2026-07-31,2026-07-07,pago mínimo de tarjeta,517.69,Pago de deuda,,,transferencia bancaria,,pago mínimo de tarjeta
6,David Cervantes,2026-07-01,2026-07-31,2026-07-08,frutas y verduras,262.89,Consumo,Alimentación,Esencial,tarjeta de crédito,76.7,frutas y verduras
6,David Cervantes,2026-07-01,2026-07-31,2026-07-08,verificación,143.09,Consumo,Transporte,Esencial,transferencia bancaria,,verificación
6,David Cervantes,2026-07-01,2026-07-31,2026-07-08,metro,467.74,Consumo,Transporte,Esencial,tarjeta de crédito,66.1,metro
6,David Cervantes,2026-07-01,2026-07-31,2026-07-09,abarrotes,1038.47,Consumo,Alimentación,Esencial,tarjeta de crédito,68.9,abarrotes
6,David Cervantes,2026-07-01,2026-07-31,2026-07-09,metro,518.11,Consumo,Transporte,Esencial,transferencia bancaria,,metro
6,David Cervantes,2026-07-01,2026-07-31,2026-07-10,pago mínimo de tarjeta,310.48,Pago de deuda,,,transferencia bancaria,,pago mínimo de tarjeta
6,David Cervantes,2026-07-01,2026-07-31,2026-07-11,ingredientes para cocinar,629.34,Consumo,Alimentación,Esencial,tarjeta de crédito,80.2,ingredientes para cocinar
6,David Cervantes,2026-07-01,2026-07-31,2026-07-11,cambio de aceite,706.86,Consumo,Transporte,Esencial,transferencia bancaria,,cambio de aceite
6,David Cervantes,2026-07-01,2026-07-31,2026-07-11,comida fuera,156.26,Consumo,Entretenimiento y ocio,Discrecional,tarjeta de crédito,77.1,comida fuera
6,David Cervantes,2026-07-01,2026-07-31,2026-07-11,gasto imprevisto,546.7,Consumo,Otros,,tarjeta de crédito,82.7,gasto imprevisto
6,David Cervantes,2026-07-01,2026-07-31,2026-07-11,pago mínimo de tarjeta,1382.05,Pago de deuda,,,transferencia bancaria,,pago mínimo de tarjeta
6,David Cervantes,2026-07-01,2026-07-31,2026-07-12,fondo de emergencia,618.63,Ahorro e inversión,,,transferencia bancaria,,fondo de emergencia
6,David Cervantes,2026-07-01,2026-07-31,2026-07-14,leche y huevos,1191.01,Consumo,Alimentación,Esencial,tarjeta de crédito,72.0,leche y huevos
6,David Cervantes,2026-07-01,2026-07-31,2026-07-14,estacionamiento,625.21,Consumo,Transporte,Esencial,transferencia bancaria,,estacionamiento
6,David Cervantes,2026-07-01,2026-07-31,2026-07-15,comida,999.06,Consumo,Alimentación,Esencial,tarjeta de crédito,86.2,comida
6,David Cervantes,2026-07-01,2026-07-31,2026-07-15,mandado,1080.51,Consumo,Alimentación,Esencial,tarjeta de crédito,86.5,mandado
6,David Cervantes,2026-07-01,2026-07-31,2026-07-15,sueldo,12201.97,Ingreso,,,transferencia bancaria,,sueldo
6,David Cervantes,2026-07-01,2026-07-31,2026-07-16,ETF,484.77,Ahorro e inversión,,,transferencia bancaria,,etf
6,David Cervantes,2026-07-01,2026-07-31,2026-07-16,despensa de la semana,185.98,Consumo,Alimentación,Esencial,tarjeta de crédito,77.4,despensa de la semana
6,David Cervantes,2026-07-01,2026-07-31,2026-07-17,teatro,769.8,Consumo,Entretenimiento y ocio,Discrecional,transferencia bancaria,,teatro
6,David Cervantes,2026-07-01,2026-07-31,2026-07-18,mercado,104.61,Consumo,Alimentación,Esencial,tarjeta de débito,,mercado
6,David Cervantes,2026-07-01,2026-07-31,2026-07-19,diplomado,684.52,Consumo,Educación,Esencial,tarjeta de crédito,92.4,diplomado
6,David Cervantes,2026-07-01,2026-07-31,2026-07-21,agua y refrescos,574.43,Consumo,Alimentación,Esencial,tarjeta de débito,,agua y refrescos
6,David Cervantes,2026-07-01,2026-07-31,2026-07-24,lonche,207.65,Consumo,Alimentación,Esencial,tarjeta de crédito,84.9,lonche
6,David Cervantes,2026-07-01,2026-07-31,2026-07-26,comisión bancaria,177.82,Consumo,Otros,,transferencia bancaria,,comisión bancaria
6,David Cervantes,2026-07-01,2026-07-31,2026-07-27,Soriana,76.32,Consumo,Alimentación,Esencial,tarjeta de crédito,93.2,soriana
6,David Cervantes,2026-07-01,2026-07-31,2026-07-27,comida para la casa,137.54,Consumo,Alimentación,Esencial,tarjeta de crédito,82.3,comida para la casa
6,David Cervantes,2026-07-01,2026-07-31,2026-07-27,carga de gasolina,47.52,Consumo,Transporte,Esencial,transferencia bancaria,,carga de gasolina
6,David Cervantes,2026-07-01,2026-07-31,2026-07-28,leche y huevos,77.91,Consumo,Alimentación,Esencial,tarjeta de crédito,60.3,leche y huevos
6,David Cervantes,2026-07-01,2026-07-31,2026-07-28,gas,838.7,Consumo,Vivienda,Esencial,transferencia bancaria,,gas
6,David Cervantes,2026-07-01,2026-07-31,2026-07-28,gas,1406.49,Consumo,Vivienda,Esencial,tarjeta de crédito,73.9,gas
6,David Cervantes,2026-07-01,2026-07-31,2026-07-29,abarrotes,779.75,Consumo,Alimentación,Esencial,tarjeta de crédito,72.9,abarrotes
6,David Cervantes,2026-07-01,2026-07-31,2026-07-29,pagué la luz,309.76,Consumo,Vivienda,Esencial,tarjeta de crédito,72.5,pagué la luz
6,David Cervantes,2026-07-01,2026-07-31,2026-07-30,gasolina,42.78,Consumo,Transporte,Esencial,tarjeta de débito,,gasolina
6,David Cervantes,2026-07-01,2026-07-31,2026-07-30,salario,12201.97,Ingreso,,,transferencia bancaria,,salario
6,David Cervantes,2026-07-01,2026-07-31,2026-07-31,transporte al trabajo,341.31,Consumo,Transporte,Esencial,tarjeta de crédito,83.1,transporte al trabajo
6,David Cervantes,2026-07-01,2026-07-31,2026-07-31,maquillaje,486.26,Consumo,Compras personales,Discrecional,transferencia bancaria,,maquillaje
7,Carolina Ruiz,2026-07-01,2026-07-31,2026-07-01,ingredientes para cocinar,959.51,Consumo,Alimentación,Esencial,tarjeta de débito,,ingredientes para cocinar
7,Carolina Ruiz,2026-07-01,2026-07-31,2026-07-01,plomero,712.69,Consumo,Vivienda,Esencial,transferencia bancaria,,plomero
7,Carolina Ruiz,2026-07-01,2026-07-31,2026-07-01,pintura de la casa,1211.75,Consumo,Vivienda,Esencial,tarjeta de débito,,pintura de la casa
7,Carolina Ruiz,2026-07-01,2026-07-31,2026-07-03,Costco,781.07,Consumo,Alimentación,Esencial,tarjeta de crédito,48.9,costco
7,Carolina Ruiz,2026-07-01,2026-07-31,2026-07-04,comida,68.09,Consumo,Alimentación,Esencial,tarjeta de crédito,64.1,comida
7,Carolina Ruiz,2026-07-01,2026-07-31,2026-07-04,mercado,568.59,Consumo,Alimentación,Esencial,tarjeta de crédito,36.8,mercado
7,Carolina Ruiz,2026-07-01,2026-07-31,2026-07-05,tratamiento,586.8,Consumo,Salud,Esencial,transferencia bancaria,,tratamiento
7,Carolina Ruiz,2026-07-01,2026-07-31,2026-07-06,casetas,377.55,Consumo,Transporte,Esencial,tarjeta de crédito,36.3,casetas
7,Carolina Ruiz,2026-07-01,2026-07-31,2026-07-06,transporte al trabajo,497.59,Consumo,Transporte,Esencial,efectivo,,transporte al trabajo
7,Carolina Ruiz,2026-07-01,2026-07-31,2026-07-06,frutas y verduras,119.66,Consumo,Alimentación,Esencial,tarjeta de crédito,54.5,frutas y verduras
7,Carolina Ruiz,2026-07-01,2026-07-31,2026-07-06,pago de crédito,387.23,Pago de deuda,,,transferencia bancaria,,pago de crédito
7,Carolina Ruiz,2026-07-01,2026-07-31,2026-07-07,compras de comida,494.82,Consumo,Alimentación,Esencial,transferencia bancaria,,compras de comida
7,Carolina Ruiz,2026-07-01,2026-07-31,2026-07-14,camión,320.83,Consumo,Transporte,Esencial,tarjeta de débito,,camión
7,Carolina Ruiz,2026-07-01,2026-07-31,2026-07-14,comida,51.2,Consumo,Alimentación,Esencial,transferencia bancaria,,comida
7,Carolina Ruiz,2026-07-01,2026-07-31,2026-07-14,mercado,504.96,Consumo,Alimentación,Esencial,tarjeta de crédito,68.5,mercado
7,Carolina Ruiz,2026-07-01,2026-07-31,2026-07-15,salario,13021.35,Ingreso,,,transferencia bancaria,,salario
7,Carolina Ruiz,2026-07-01,2026-07-31,2026-07-17,abarrotes,924.47,Consumo,Alimentación,Esencial,efectivo,,abarrotes
7,Carolina Ruiz,2026-07-01,2026-07-31,2026-07-17,Bodega Aurrera,899.11,Consumo,Alimentación,Esencial,transferencia bancaria,,bodega aurrera
7,Carolina Ruiz,2026-07-01,2026-07-31,2026-07-17,abarrotes,66.34,Consumo,Alimentación,Esencial,efectivo,,abarrotes
7,Carolina Ruiz,2026-07-01,2026-07-31,2026-07-21,llené el tanque,749.07,Consumo,Transporte,Esencial,tarjeta de débito,,llené el tanque
7,Carolina Ruiz,2026-07-01,2026-07-31,2026-07-21,pago TDC,410.26,Pago de deuda,,,transferencia bancaria,,pago tdc
7,Carolina Ruiz,2026-07-01,2026-07-31,2026-07-22,pollo,2237.55,Consumo,Alimentación,Esencial,tarjeta de crédito,48.4,pollo
7,Carolina Ruiz,2026-07-01,2026-07-31,2026-07-22,mensualidad del depa,531.38,Consumo,Vivienda,Esencial,efectivo,,mensualidad del depa
7,Carolina Ruiz,2026-07-01,2026-07-31,2026-07-23,llené el tanque,554.42,Consumo,Transporte,Esencial,transferencia bancaria,,llené el tanque
7,Carolina Ruiz,2026-07-01,2026-07-31,2026-07-23,Chedraui,77.32,Consumo,Alimentación,Esencial,efectivo,,chedraui
7,Carolina Ruiz,2026-07-01,2026-07-31,2026-07-24,accesorios,1700.43,Consumo,Compras personales,Discrecional,tarjeta de débito,,accesorios
7,Carolina Ruiz,2026-07-01,2026-07-31,2026-07-25,verificación,376.3,Consumo,Transporte,Esencial,tarjeta de crédito,45.3,verificación
7,Carolina Ruiz,2026-07-01,2026-07-31,2026-07-28,pagaré bancario,4776.46,Ahorro e inversión,,,transferencia bancaria,,pagaré bancario
7,Carolina Ruiz,2026-07-01,2026-07-31,2026-07-30,boletos de concierto,950.13,Consumo,Entretenimiento y ocio,Discrecional,tarjeta de débito,,boletos de concierto
7,Carolina Ruiz,2026-07-01,2026-07-31,2026-07-30,nómina,13021.35,Ingreso,,,transferencia bancaria,,nómina
8,Nicolás Rosales,2026-07-01,2026-07-31,2026-07-01,seguro del coche,1214.91,Consumo,Transporte,Esencial,efectivo,,seguro del coche
8,Nicolás Rosales,2026-07-01,2026-07-31,2026-07-01,Bodega Aurrera,192.28,Consumo,Alimentación,Esencial,transferencia bancaria,,bodega aurrera
8,Nicolás Rosales,2026-07-01,2026-07-31,2026-07-02,abarrotes,44.4,Consumo,Alimentación,Esencial,tarjeta de crédito,42.4,abarrotes
8,Nicolás Rosales,2026-07-01,2026-07-31,2026-07-03,compras de comida,468.53,Consumo,Alimentación,Esencial,tarjeta de crédito,62.3,compras de comida
8,Nicolás Rosales,2026-07-01,2026-07-31,2026-07-04,arreglo de fuga de agua,641.45,Consumo,Vivienda,Esencial,tarjeta de débito,,arreglo de fuga de agua
8,Nicolás Rosales,2026-07-01,2026-07-31,2026-07-04,internet de la casa,1026.62,Consumo,Vivienda,Esencial,efectivo,,internet de la casa
8,Nicolás Rosales,2026-07-01,2026-07-31,2026-07-04,hospital,260.23,Consumo,Salud,Esencial,tarjeta de débito,,hospital
8,Nicolás Rosales,2026-07-01,2026-07-31,2026-07-05,audífonos,1460.36,Consumo,Compras personales,Discrecional,tarjeta de débito,,audífonos
8,Nicolás Rosales,2026-07-01,2026-07-31,2026-07-06,pago de crédito,1510.83,Pago de deuda,,,transferencia bancaria,,pago de crédito
8,Nicolás Rosales,2026-07-01,2026-07-31,2026-07-07,abarrotes,1556.47,Consumo,Alimentación,Esencial,efectivo,,abarrotes
8,Nicolás Rosales,2026-07-01,2026-07-31,2026-07-07,despensa,1029.46,Consumo,Alimentación,Esencial,transferencia bancaria,,despensa
8,Nicolás Rosales,2026-07-01,2026-07-31,2026-07-08,pollo,389.47,Consumo,Alimentación,Esencial,tarjeta de débito,,pollo
8,Nicolás Rosales,2026-07-01,2026-07-31,2026-07-08,pollo,1367.97,Consumo,Alimentación,Esencial,tarjeta de crédito,44.7,pollo
8,Nicolás Rosales,2026-07-01,2026-07-31,2026-07-09,taxi,927.58,Consumo,Transporte,Esencial,tarjeta de crédito,52.2,taxi
8,Nicolás Rosales,2026-07-01,2026-07-31,2026-07-10,Soriana,513.95,Consumo,Alimentación,Esencial,tarjeta de débito,,soriana
8,Nicolás Rosales,2026-07-01,2026-07-31,2026-07-12,compras de comida,58.19,Consumo,Alimentación,Esencial,transferencia bancaria,,compras de comida
8,Nicolás Rosales,2026-07-01,2026-07-31,2026-07-12,agua y refrescos,378.86,Consumo,Alimentación,Esencial,efectivo,,agua y refrescos
8,Nicolás Rosales,2026-07-01,2026-07-31,2026-07-13,plomero,346.3,Consumo,Vivienda,Esencial,tarjeta de débito,,plomero
8,Nicolás Rosales,2026-07-01,2026-07-31,2026-07-13,abarrotes,186.24,Consumo,Alimentación,Esencial,tarjeta de crédito,61.1,abarrotes
8,Nicolás Rosales,2026-07-01,2026-07-31,2026-07-14,ingredientes para cocinar,231.04,Consumo,Alimentación,Esencial,tarjeta de crédito,68.9,ingredientes para cocinar
8,Nicolás Rosales,2026-07-01,2026-07-31,2026-07-14,consulta dental,447.03,Consumo,Salud,Esencial,tarjeta de crédito,50.6,consulta dental
8,Nicolás Rosales,2026-07-01,2026-07-31,2026-07-15,Soriana,52.35,Consumo,Alimentación,Esencial,tarjeta de crédito,66.5,soriana
8,Nicolás Rosales,2026-07-01,2026-07-31,2026-07-15,quincena,16023.24,Ingreso,,,transferencia bancaria,,quincena
8,Nicolás Rosales,2026-07-01,2026-07-31,2026-07-16,compras de comida,1271.05,Consumo,Alimentación,Esencial,tarjeta de crédito,66.2,compras de comida
8,Nicolás Rosales,2026-07-01,2026-07-31,2026-07-17,skincare,677.2,Consumo,Compras personales,Discrecional,transferencia bancaria,,skincare
8,Nicolás Rosales,2026-07-01,2026-07-31,2026-07-19,cuota anual,862.39,Consumo,Otros,,tarjeta de débito,,cuota anual
8,Nicolás Rosales,2026-07-01,2026-07-31,2026-07-20,inversión GBM,1318.92,Ahorro e inversión,,,transferencia bancaria,,inversión gbm
8,Nicolás Rosales,2026-07-01,2026-07-31,2026-07-24,gasolina,357.87,Consumo,Transporte,Esencial,tarjeta de crédito,47.8,gasolina
8,Nicolás Rosales,2026-07-01,2026-07-31,2026-07-24,compras de comida,271.26,Consumo,Alimentación,Esencial,tarjeta de crédito,69.1,compras de comida
8,Nicolás Rosales,2026-07-01,2026-07-31,2026-07-24,pago de colegiatura,830.86,Consumo,Educación,Esencial,tarjeta de crédito,70.7,pago de colegiatura
8,Nicolás Rosales,2026-07-01,2026-07-31,2026-07-24,pago TDC,1168.74,Pago de deuda,,,transferencia bancaria,,pago tdc
8,Nicolás Rosales,2026-07-01,2026-07-31,2026-07-26,verificación,1295.44,Consumo,Transporte,Esencial,efectivo,,verificación
8,Nicolás Rosales,2026-07-01,2026-07-31,2026-07-26,compras de comida,323.56,Consumo,Alimentación,Esencial,tarjeta de débito,,compras de comida
8,Nicolás Rosales,2026-07-01,2026-07-31,2026-07-27,pan y tortillas,325.53,Consumo,Alimentación,Esencial,transferencia bancaria,,pan y tortillas
8,Nicolás Rosales,2026-07-01,2026-07-31,2026-07-30,cuota de condominio,835.93,Consumo,Vivienda,Esencial,tarjeta de débito,,cuota de condominio
8,Nicolás Rosales,2026-07-01,2026-07-31,2026-07-30,nómina,16023.24,Ingreso,,,transferencia bancaria,,nómina
8,Nicolás Rosales,2026-07-01,2026-07-31,2026-07-31,iCloud,464.47,Consumo,Suscripciones digitales,Discrecional,transferencia bancaria,,icloud
9,Mariana Torres,2026-07-01,2026-07-31,2026-07-01,pollo,2879.68,Consumo,Alimentación,Esencial,transferencia bancaria,,pollo
9,Mariana Torres,2026-07-01,2026-07-31,2026-07-01,transporte al trabajo,396.2,Consumo,Transporte,Esencial,efectivo,,transporte al trabajo
9,Mariana Torres,2026-07-01,2026-07-31,2026-07-01,reparación del coche,71.34,Consumo,Transporte,Esencial,tarjeta de débito,,reparación del coche
9,Mariana Torres,2026-07-01,2026-07-31,2026-07-02,reparación del coche,949.12,Consumo,Transporte,Esencial,tarjeta de débito,,reparación del coche
9,Mariana Torres,2026-07-01,2026-07-31,2026-07-03,escuela,1021.92,Consumo,Educación,Esencial,tarjeta de crédito,64.6,escuela
9,Mariana Torres,2026-07-01,2026-07-31,2026-07-05,despensa de la semana,2441.77,Consumo,Alimentación,Esencial,transferencia bancaria,,despensa de la semana
9,Mariana Torres,2026-07-01,2026-07-31,2026-07-06,tour,517.18,Consumo,Viajes y vacaciones,Discrecional,tarjeta de débito,,tour
9,Mariana Torres,2026-07-01,2026-07-31,2026-07-07,pago TDC,427.72,Pago de deuda,,,transferencia bancaria,,pago tdc
9,Mariana Torres,2026-07-01,2026-07-31,2026-07-08,leche y huevos,480.53,Consumo,Alimentación,Esencial,tarjeta de débito,,leche y huevos
9,Mariana Torres,2026-07-01,2026-07-31,2026-07-09,gasolina,1446.78,Consumo,Transporte,Esencial,tarjeta de débito,,gasolina
9,Mariana Torres,2026-07-01,2026-07-31,2026-07-10,didi,1089.88,Consumo,Transporte,Esencial,tarjeta de débito,,didi
9,Mariana Torres,2026-07-01,2026-07-31,2026-07-11,tenis,439.47,Consumo,Compras personales,Discrecional,efectivo,,tenis
9,Mariana Torres,2026-07-01,2026-07-31,2026-07-12,Costco,1136.61,Consumo,Alimentación,Esencial,transferencia bancaria,,costco
9,Mariana Torres,2026-07-01,2026-07-31,2026-07-12,internet de la casa,3424.43,Consumo,Vivienda,Esencial,transferencia bancaria,,internet de la casa
9,Mariana Torres,2026-07-01,2026-07-31,2026-07-13,agua y refrescos,36.88,Consumo,Alimentación,Esencial,efectivo,,agua y refrescos
9,Mariana Torres,2026-07-01,2026-07-31,2026-07-13,medicamentos,832.05,Consumo,Salud,Esencial,transferencia bancaria,,medicamentos
9,Mariana Torres,2026-07-01,2026-07-31,2026-07-14,transporte al trabajo,887.27,Consumo,Transporte,Esencial,tarjeta de crédito,44.3,transporte al trabajo
9,Mariana Torres,2026-07-01,2026-07-31,2026-07-14,abono a tarjeta,181.77,Pago de deuda,,,transferencia bancaria,,abono a tarjeta
9,Mariana Torres,2026-07-01,2026-07-31,2026-07-15,Prime Video,598.56,Consumo,Suscripciones digitales,Discrecional,transferencia bancaria,,prime video
9,Mariana Torres,2026-07-01,2026-07-31,2026-07-16,veterinario,1270.59,Consumo,Otros,,tarjeta de crédito,42.4,veterinario
9,Mariana Torres,2026-07-01,2026-07-31,2026-07-17,tablet,2377.24,Consumo,Compras personales,Discrecional,transferencia bancaria,,tablet
9,Mariana Torres,2026-07-01,2026-07-31,2026-07-17,cliente freelance,3164.87,Ingreso,,,efectivo,,cliente freelance
9,Mariana Torres,2026-07-01,2026-07-31,2026-07-18,pan y tortillas,939.13,Consumo,Alimentación,Esencial,tarjeta de débito,,pan y tortillas
9,Mariana Torres,2026-07-01,2026-07-31,2026-07-18,ingredientes para cocinar,299.99,Consumo,Alimentación,Esencial,tarjeta de débito,,ingredientes para cocinar
9,Mariana Torres,2026-07-01,2026-07-31,2026-07-19,pago de proyecto,15232.36,Ingreso,,,transferencia bancaria,,pago de proyecto
9,Mariana Torres,2026-07-01,2026-07-31,2026-07-20,apartado de ahorro,8196.25,Ahorro e inversión,,,transferencia bancaria,,apartado de ahorro
9,Mariana Torres,2026-07-01,2026-07-31,2026-07-20,Chedraui,622.54,Consumo,Alimentación,Esencial,transferencia bancaria,,chedraui
9,Mariana Torres,2026-07-01,2026-07-31,2026-07-21,cafecito,1539.41,Consumo,Entretenimiento y ocio,Discrecional,efectivo,,cafecito
9,Mariana Torres,2026-07-01,2026-07-31,2026-07-23,metrobús,408.11,Consumo,Transporte,Esencial,tarjeta de débito,,metrobús
9,Mariana Torres,2026-07-01,2026-07-31,2026-07-23,pago de proyecto,22331.76,Ingreso,,,transferencia bancaria,,pago de proyecto
9,Mariana Torres,2026-07-01,2026-07-31,2026-07-23,pago tarjeta Santander,455.02,Pago de deuda,,,transferencia bancaria,,pago tarjeta santander
9,Mariana Torres,2026-07-01,2026-07-31,2026-07-24,abarrotes,1841.88,Consumo,Alimentación,Esencial,tarjeta de crédito,71.0,abarrotes
9,Mariana Torres,2026-07-01,2026-07-31,2026-07-24,compras de comida,388.31,Consumo,Alimentación,Esencial,tarjeta de crédito,56.3,compras de comida
9,Mariana Torres,2026-07-01,2026-07-31,2026-07-25,transferencia a ahorro,372.88,Ahorro e inversión,,,transferencia bancaria,,transferencia a ahorro
9,Mariana Torres,2026-07-01,2026-07-31,2026-07-26,proyecto independiente,1281.77,Ingreso,,,transferencia bancaria,,proyecto independiente
9,Mariana Torres,2026-07-01,2026-07-31,2026-07-27,renta recibida,4241.6,Ingreso,,,efectivo,,renta recibida
9,Mariana Torres,2026-07-01,2026-07-31,2026-07-30,comida para la casa,1208.26,Consumo,Alimentación,Esencial,efectivo,,comida para la casa
10,Rosa Cortés,2026-07-01,2026-07-31,2026-07-01,verificación,166.65,Consumo,Transporte,Esencial,tarjeta de crédito,91.5,verificación
10,Rosa Cortés,2026-07-01,2026-07-31,2026-07-01,despensa,1336.11,Consumo,Alimentación,Esencial,tarjeta de crédito,59.3,despensa
10,Rosa Cortés,2026-07-01,2026-07-31,2026-07-02,reparación inesperada,70.98,Consumo,Otros,,tarjeta de crédito,72.4,reparación inesperada
10,Rosa Cortés,2026-07-01,2026-07-31,2026-07-02,maquillaje,1163.05,Consumo,Compras personales,Discrecional,efectivo,,maquillaje
10,Rosa Cortés,2026-07-01,2026-07-31,2026-07-03,agua y refrescos,599.31,Consumo,Alimentación,Esencial,tarjeta de crédito,91.5,agua y refrescos
10,Rosa Cortés,2026-07-01,2026-07-31,2026-07-03,leche y huevos,651.17,Consumo,Alimentación,Esencial,tarjeta de crédito,72.0,leche y huevos
10,Rosa Cortés,2026-07-01,2026-07-31,2026-07-07,acciones,1064.02,Ahorro e inversión,,,transferencia bancaria,,acciones
10,Rosa Cortés,2026-07-01,2026-07-31,2026-07-07,mandado,251.28,Consumo,Alimentación,Esencial,tarjeta de crédito,76.3,mandado
10,Rosa Cortés,2026-07-01,2026-07-31,2026-07-07,regalo,438.8,Consumo,Compras personales,Discrecional,tarjeta de crédito,67.5,regalo
10,Rosa Cortés,2026-07-01,2026-07-31,2026-07-08,Chedraui,3261.74,Consumo,Alimentación,Esencial,tarjeta de crédito,58.1,chedraui
10,Rosa Cortés,2026-07-01,2026-07-31,2026-07-08,pago automotriz,2415.46,Pago de deuda,,,transferencia bancaria,,pago automotriz
10,Rosa Cortés,2026-07-01,2026-07-31,2026-07-09,cartera,1029.14,Consumo,Compras personales,Discrecional,tarjeta de crédito,85.3,cartera
10,Rosa Cortés,2026-07-01,2026-07-31,2026-07-09,pago tarjeta BBVA,13187.1,Pago de deuda,,,transferencia bancaria,,pago tarjeta bbva
10,Rosa Cortés,2026-07-01,2026-07-31,2026-07-10,fondo indexado,826.62,Ahorro e inversión,,,transferencia bancaria,,fondo indexado
10,Rosa Cortés,2026-07-01,2026-07-31,2026-07-10,servicio del coche,521.52,Consumo,Transporte,Esencial,tarjeta de crédito,74.1,servicio del coche
10,Rosa Cortés,2026-07-01,2026-07-31,2026-07-11,leche y huevos,686.92,Consumo,Alimentación,Esencial,tarjeta de crédito,79.5,leche y huevos
10,Rosa Cortés,2026-07-01,2026-07-31,2026-07-12,pan y tortillas,681.92,Consumo,Alimentación,Esencial,tarjeta de débito,,pan y tortillas
10,Rosa Cortés,2026-07-01,2026-07-31,2026-07-12,renta,906.56,Consumo,Vivienda,Esencial,tarjeta de crédito,81.0,renta
10,Rosa Cortés,2026-07-01,2026-07-31,2026-07-14,compras de comida,2023.44,Consumo,Alimentación,Esencial,tarjeta de crédito,74.8,compras de comida
10,Rosa Cortés,2026-07-01,2026-07-31,2026-07-15,Soriana,1073.95,Consumo,Alimentación,Esencial,tarjeta de crédito,86.9,soriana
10,Rosa Cortés,2026-07-01,2026-07-31,2026-07-15,sueldo,32676.85,Ingreso,,,transferencia bancaria,,sueldo
10,Rosa Cortés,2026-07-01,2026-07-31,2026-07-16,agua y refrescos,888.89,Consumo,Alimentación,Esencial,tarjeta de crédito,87.1,agua y refrescos
10,Rosa Cortés,2026-07-01,2026-07-31,2026-07-17,didi,479.5,Consumo,Transporte,Esencial,tarjeta de débito,,didi
10,Rosa Cortés,2026-07-01,2026-07-31,2026-07-17,verificación,1610.39,Consumo,Transporte,Esencial,tarjeta de crédito,78.8,verificación
10,Rosa Cortés,2026-07-01,2026-07-31,2026-07-18,frutas y verduras,43.21,Consumo,Alimentación,Esencial,tarjeta de crédito,82.6,frutas y verduras
10,Rosa Cortés,2026-07-01,2026-07-31,2026-07-18,Walmart,640.1,Consumo,Alimentación,Esencial,tarjeta de débito,,walmart
10,Rosa Cortés,2026-07-01,2026-07-31,2026-07-18,frutas y verduras,287.88,Consumo,Alimentación,Esencial,tarjeta de crédito,80.7,frutas y verduras
10,Rosa Cortés,2026-07-01,2026-07-31,2026-07-18,regalo para alguien,1439.55,Consumo,Otros,,tarjeta de crédito,58.1,regalo para alguien
10,Rosa Cortés,2026-07-01,2026-07-31,2026-07-19,gasto imprevisto,158.29,Consumo,Otros,,tarjeta de crédito,65.9,gasto imprevisto
10,Rosa Cortés,2026-07-01,2026-07-31,2026-07-21,súper,327.93,Consumo,Alimentación,Esencial,tarjeta de crédito,79.2,súper
10,Rosa Cortés,2026-07-01,2026-07-31,2026-07-21,mandado,391.57,Consumo,Alimentación,Esencial,tarjeta de crédito,88.0,mandado
10,Rosa Cortés,2026-07-01,2026-07-31,2026-07-22,peaje,692.54,Consumo,Transporte,Esencial,tarjeta de crédito,66.5,peaje
10,Rosa Cortés,2026-07-01,2026-07-31,2026-07-22,súper,233.41,Consumo,Alimentación,Esencial,transferencia bancaria,,súper
10,Rosa Cortés,2026-07-01,2026-07-31,2026-07-22,pagué la luz,2680.44,Consumo,Vivienda,Esencial,tarjeta de crédito,58.5,pagué la luz
10,Rosa Cortés,2026-07-01,2026-07-31,2026-07-23,cosas del súper,641.9,Consumo,Alimentación,Esencial,tarjeta de crédito,90.9,cosas del súper
10,Rosa Cortés,2026-07-01,2026-07-31,2026-07-24,pago préstamo personal,11472.21,Pago de deuda,,,transferencia bancaria,,pago préstamo personal
10,Rosa Cortés,2026-07-01,2026-07-31,2026-07-25,llené el tanque,1254.81,Consumo,Transporte,Esencial,tarjeta de crédito,92.5,llené el tanque
10,Rosa Cortés,2026-07-01,2026-07-31,2026-07-25,llené el tanque,1866.61,Consumo,Transporte,Esencial,tarjeta de débito,,llené el tanque
10,Rosa Cortés,2026-07-01,2026-07-31,2026-07-25,plomero,177.31,Consumo,Vivienda,Esencial,tarjeta de crédito,90.6,plomero
10,Rosa Cortés,2026-07-01,2026-07-31,2026-07-26,Walmart,748.2,Consumo,Alimentación,Esencial,tarjeta de crédito,81.7,walmart
10,Rosa Cortés,2026-07-01,2026-07-31,2026-07-26,mantenimiento del depa,902.65,Consumo,Vivienda,Esencial,efectivo,,mantenimiento del depa
10,Rosa Cortés,2026-07-01,2026-07-31,2026-07-28,pan y tortillas,1812.04,Consumo,Alimentación,Esencial,tarjeta de crédito,94.9,pan y tortillas
10,Rosa Cortés,2026-07-01,2026-07-31,2026-07-30,videojuego,2139.01,Consumo,Entretenimiento y ocio,Discrecional,tarjeta de crédito,91.5,videojuego
10,Rosa Cortés,2026-07-01,2026-07-31,2026-07-30,quincena,32676.85,Ingreso,,,transferencia bancaria,,quincena
10,Rosa Cortés,2026-07-01,2026-07-31,2026-07-31,pollo,176.57,Consumo,Alimentación,Esencial,transferencia bancaria,,pollo
10,Rosa Cortés,2026-07-01,2026-07-31,2026-07-31,celular,861.42,Consumo,Compras personales,Discrecional,tarjeta de crédito,68.6,celular
11,Ángel Vargas,2026-07-01,2026-07-31,2026-07-02,pollo,101.77,Consumo,Alimentación,Esencial,transferencia bancaria,,pollo
11,Ángel Vargas,2026-07-01,2026-07-31,2026-07-02,carga de gasolina,88.22,Consumo,Transporte,Esencial,tarjeta de débito,,carga de gasolina
11,Ángel Vargas,2026-07-01,2026-07-31,2026-07-02,agua,37.57,Consumo,Vivienda,Esencial,efectivo,,agua
11,Ángel Vargas,2026-07-01,2026-07-31,2026-07-04,Mercado Libre,53.47,Consumo,Compras personales,Discrecional,efectivo,,mercado libre
11,Ángel Vargas,2026-07-01,2026-07-31,2026-07-04,seguro médico,145.01,Consumo,Salud,Esencial,tarjeta de débito,,seguro médico
11,Ángel Vargas,2026-07-01,2026-07-31,2026-07-04,iCloud,120.67,Consumo,Suscripciones digitales,Discrecional,tarjeta de crédito,64.6,icloud
11,Ángel Vargas,2026-07-01,2026-07-31,2026-07-05,reloj,42.8,Consumo,Compras personales,Discrecional,tarjeta de débito,,reloj
11,Ángel Vargas,2026-07-01,2026-07-31,2026-07-06,CETES Directo,401.32,Ahorro e inversión,,,transferencia bancaria,,cetes directo
11,Ángel Vargas,2026-07-01,2026-07-31,2026-07-06,audífonos,71.38,Consumo,Compras personales,Discrecional,efectivo,,audífonos
11,Ángel Vargas,2026-07-01,2026-07-31,2026-07-06,lentes,41.91,Consumo,Salud,Esencial,tarjeta de débito,,lentes
11,Ángel Vargas,2026-07-01,2026-07-31,2026-07-07,viaje,105.79,Consumo,Viajes y vacaciones,Discrecional,tarjeta de débito,,viaje
11,Ángel Vargas,2026-07-01,2026-07-31,2026-07-09,cuenta de ahorro,405.15,Ahorro e inversión,,,transferencia bancaria,,cuenta de ahorro
11,Ángel Vargas,2026-07-01,2026-07-31,2026-07-09,Walmart,111.21,Consumo,Alimentación,Esencial,tarjeta de débito,,walmart
11,Ángel Vargas,2026-07-01,2026-07-31,2026-07-09,audífonos,59.22,Consumo,Compras personales,Discrecional,tarjeta de débito,,audífonos
11,Ángel Vargas,2026-07-01,2026-07-31,2026-07-10,comida,80.93,Consumo,Alimentación,Esencial,tarjeta de débito,,comida
11,Ángel Vargas,2026-07-01,2026-07-31,2026-07-10,joyería,63.88,Consumo,Compras personales,Discrecional,tarjeta de crédito,71.2,joyería
11,Ángel Vargas,2026-07-01,2026-07-31,2026-07-10,llantas,143.64,Consumo,Transporte,Esencial,tarjeta de crédito,67.0,llantas
11,Ángel Vargas,2026-07-01,2026-07-31,2026-07-12,chamarra,35.46,Consumo,Compras personales,Discrecional,transferencia bancaria,,chamarra
11,Ángel Vargas,2026-07-01,2026-07-31,2026-07-12,carga de gasolina,377.16,Consumo,Transporte,Esencial,tarjeta de débito,,carga de gasolina
11,Ángel Vargas,2026-07-01,2026-07-31,2026-07-12,metrobús,47.51,Consumo,Transporte,Esencial,tarjeta de crédito,46.8,metrobús
11,Ángel Vargas,2026-07-01,2026-07-31,2026-07-13,cambio de aceite,41.23,Consumo,Transporte,Esencial,transferencia bancaria,,cambio de aceite
11,Ángel Vargas,2026-07-01,2026-07-31,2026-07-14,comida para la casa,128.79,Consumo,Alimentación,Esencial,tarjeta de crédito,45.6,comida para la casa
11,Ángel Vargas,2026-07-01,2026-07-31,2026-07-14,ingredientes para cocinar,235.2,Consumo,Alimentación,Esencial,tarjeta de débito,,ingredientes para cocinar
11,Ángel Vargas,2026-07-01,2026-07-31,2026-07-14,mercado,38.67,Consumo,Alimentación,Esencial,tarjeta de crédito,47.4,mercado
11,Ángel Vargas,2026-07-01,2026-07-31,2026-07-14,hipoteca,109.42,Consumo,Vivienda,Esencial,tarjeta de débito,,hipoteca
11,Ángel Vargas,2026-07-01,2026-07-31,2026-07-15,cuota de condominio,153.55,Consumo,Vivienda,Esencial,transferencia bancaria,,cuota de condominio
11,Ángel Vargas,2026-07-01,2026-07-31,2026-07-15,pago de trabajo,3382.02,Ingreso,,,transferencia bancaria,,pago de trabajo
11,Ángel Vargas,2026-07-01,2026-07-31,2026-07-16,Walmart,179.33,Consumo,Alimentación,Esencial,tarjeta de débito,,walmart
11,Ángel Vargas,2026-07-01,2026-07-31,2026-07-17,pescado,135.79,Consumo,Alimentación,Esencial,transferencia bancaria,,pescado
11,Ángel Vargas,2026-07-01,2026-07-31,2026-07-18,ingredientes para cocinar,487.43,Consumo,Alimentación,Esencial,tarjeta de crédito,39.2,ingredientes para cocinar
11,Ángel Vargas,2026-07-01,2026-07-31,2026-07-18,cuota de condominio,153.5,Consumo,Vivienda,Esencial,tarjeta de crédito,47.5,cuota de condominio
11,Ángel Vargas,2026-07-01,2026-07-31,2026-07-19,uber,50.78,Consumo,Transporte,Esencial,tarjeta de débito,,uber
11,Ángel Vargas,2026-07-01,2026-07-31,2026-07-20,ingredientes para cocinar,127.93,Consumo,Alimentación,Esencial,tarjeta de débito,,ingredientes para cocinar
11,Ángel Vargas,2026-07-01,2026-07-31,2026-07-21,vestido,109.25,Consumo,Compras personales,Discrecional,tarjeta de crédito,42.0,vestido
11,Ángel Vargas,2026-07-01,2026-07-31,2026-07-21,pagué la luz,91.83,Consumo,Vivienda,Esencial,tarjeta de débito,,pagué la luz
11,Ángel Vargas,2026-07-01,2026-07-31,2026-07-22,camión,49.05,Consumo,Transporte,Esencial,tarjeta de débito,,camión
11,Ángel Vargas,2026-07-01,2026-07-31,2026-07-22,recibo de luz,198.94,Consumo,Vivienda,Esencial,tarjeta de débito,,recibo de luz
11,Ángel Vargas,2026-07-01,2026-07-31,2026-07-23,bonos gubernamentales,448.83,Ahorro e inversión,,,transferencia bancaria,,bonos gubernamentales
11,Ángel Vargas,2026-07-01,2026-07-31,2026-07-24,despensa,348.4,Consumo,Alimentación,Esencial,tarjeta de crédito,67.4,despensa
11,Ángel Vargas,2026-07-01,2026-07-31,2026-07-25,Chedraui,232.07,Consumo,Alimentación,Esencial,tarjeta de débito,,chedraui
11,Ángel Vargas,2026-07-01,2026-07-31,2026-07-25,camión,115.19,Consumo,Transporte,Esencial,tarjeta de débito,,camión
11,Ángel Vargas,2026-07-01,2026-07-31,2026-07-25,restaurante,321.4,Consumo,Entretenimiento y ocio,Discrecional,transferencia bancaria,,restaurante
11,Ángel Vargas,2026-07-01,2026-07-31,2026-07-25,abono a tarjeta,645.1,Pago de deuda,,,transferencia bancaria,,abono a tarjeta
11,Ángel Vargas,2026-07-01,2026-07-31,2026-07-27,diplomado,236.66,Consumo,Educación,Esencial,tarjeta de débito,,diplomado
11,Ángel Vargas,2026-07-01,2026-07-31,2026-07-29,playera,98.04,Consumo,Compras personales,Discrecional,efectivo,,playera
11,Ángel Vargas,2026-07-01,2026-07-31,2026-07-30,decoración,36.44,Consumo,Compras personales,Discrecional,transferencia bancaria,,decoración
11,Ángel Vargas,2026-07-01,2026-07-31,2026-07-30,pago de trabajo,3382.02,Ingreso,,,transferencia bancaria,,pago de trabajo
11,Ángel Vargas,2026-07-01,2026-07-31,2026-07-31,gasolina,106.91,Consumo,Transporte,Esencial,tarjeta de crédito,61.2,gasolina
12,Verónica Navarro,2026-07-01,2026-07-31,2026-07-01,certificación,262.1,Consumo,Educación,Esencial,transferencia bancaria,,certificación
12,Verónica Navarro,2026-07-01,2026-07-31,2026-07-01,gasolina,771.05,Consumo,Transporte,Esencial,tarjeta de débito,,gasolina
12,Verónica Navarro,2026-07-01,2026-07-31,2026-07-02,mercado,69.55,Consumo,Alimentación,Esencial,transferencia bancaria,,mercado
12,Verónica Navarro,2026-07-01,2026-07-31,2026-07-03,pasajes de la semana,431.74,Consumo,Transporte,Esencial,tarjeta de débito,,pasajes de la semana
12,Verónica Navarro,2026-07-01,2026-07-31,2026-07-06,compra en línea,80.06,Consumo,Compras personales,Discrecional,tarjeta de crédito,39.8,compra en línea
12,Verónica Navarro,2026-07-01,2026-07-31,2026-07-07,Walmart,196.72,Consumo,Alimentación,Esencial,efectivo,,walmart
12,Verónica Navarro,2026-07-01,2026-07-31,2026-07-07,mercado,243.99,Consumo,Alimentación,Esencial,tarjeta de débito,,mercado
12,Verónica Navarro,2026-07-01,2026-07-31,2026-07-07,Disney+,107.23,Consumo,Suscripciones digitales,Discrecional,tarjeta de crédito,52.1,disney+
12,Verónica Navarro,2026-07-01,2026-07-31,2026-07-08,acciones,100.0,Ahorro e inversión,,,transferencia bancaria,,acciones
12,Verónica Navarro,2026-07-01,2026-07-31,2026-07-08,Costco,353.89,Consumo,Alimentación,Esencial,tarjeta de débito,,costco
12,Verónica Navarro,2026-07-01,2026-07-31,2026-07-10,fondo indexado,100.0,Ahorro e inversión,,,transferencia bancaria,,fondo indexado
12,Verónica Navarro,2026-07-01,2026-07-31,2026-07-10,audífonos,364.69,Consumo,Compras personales,Discrecional,tarjeta de débito,,audífonos
12,Verónica Navarro,2026-07-01,2026-07-31,2026-07-10,mensualidad del coche,488.59,Pago de deuda,,,transferencia bancaria,,mensualidad del coche
12,Verónica Navarro,2026-07-01,2026-07-31,2026-07-12,despensa,164.38,Consumo,Alimentación,Esencial,efectivo,,despensa
12,Verónica Navarro,2026-07-01,2026-07-31,2026-07-13,parque de diversiones,299.98,Consumo,Entretenimiento y ocio,Discrecional,tarjeta de débito,,parque de diversiones
12,Verónica Navarro,2026-07-01,2026-07-31,2026-07-14,renta,577.78,Consumo,Vivienda,Esencial,tarjeta de crédito,59.6,renta
12,Verónica Navarro,2026-07-01,2026-07-31,2026-07-15,mandado,205.32,Consumo,Alimentación,Esencial,tarjeta de crédito,47.1,mandado
12,Verónica Navarro,2026-07-01,2026-07-31,2026-07-15,quincena,4811.02,Ingreso,,,transferencia bancaria,,quincena
12,Verónica Navarro,2026-07-01,2026-07-31,2026-07-16,paquete de viaje,191.84,Consumo,Viajes y vacaciones,Discrecional,tarjeta de crédito,48.7,paquete de viaje
12,Verónica Navarro,2026-07-01,2026-07-31,2026-07-17,Soriana,558.52,Consumo,Alimentación,Esencial,efectivo,,soriana
12,Verónica Navarro,2026-07-01,2026-07-31,2026-07-18,agua y refrescos,109.02,Consumo,Alimentación,Esencial,efectivo,,agua y refrescos
12,Verónica Navarro,2026-07-01,2026-07-31,2026-07-19,donación,397.74,Consumo,Otros,,tarjeta de crédito,42.5,donación
12,Verónica Navarro,2026-07-01,2026-07-31,2026-07-20,mercado,271.78,Consumo,Alimentación,Esencial,tarjeta de crédito,59.5,mercado
12,Verónica Navarro,2026-07-01,2026-07-31,2026-07-22,joyería,79.25,Consumo,Compras personales,Discrecional,efectivo,,joyería
12,Verónica Navarro,2026-07-01,2026-07-31,2026-07-22,iCloud,77.05,Consumo,Suscripciones digitales,Discrecional,transferencia bancaria,,icloud
12,Verónica Navarro,2026-07-01,2026-07-31,2026-07-24,cuadernos,54.53,Consumo,Educación,Esencial,tarjeta de crédito,44.6,cuadernos
12,Verónica Navarro,2026-07-01,2026-07-31,2026-07-25,pan y tortillas,1357.31,Consumo,Alimentación,Esencial,efectivo,,pan y tortillas
12,Verónica Navarro,2026-07-01,2026-07-31,2026-07-26,pescado,268.82,Consumo,Alimentación,Esencial,transferencia bancaria,,pescado
12,Verónica Navarro,2026-07-01,2026-07-31,2026-07-26,súper,135.27,Consumo,Alimentación,Esencial,efectivo,,súper
12,Verónica Navarro,2026-07-01,2026-07-31,2026-07-27,joyería,465.78,Consumo,Compras personales,Discrecional,tarjeta de débito,,joyería
12,Verónica Navarro,2026-07-01,2026-07-31,2026-07-27,metro,279.88,Consumo,Transporte,Esencial,tarjeta de débito,,metro
12,Verónica Navarro,2026-07-01,2026-07-31,2026-07-27,cafecito,127.36,Consumo,Entretenimiento y ocio,Discrecional,transferencia bancaria,,cafecito
12,Verónica Navarro,2026-07-01,2026-07-31,2026-07-28,bonos gubernamentales,100.0,Ahorro e inversión,,,transferencia bancaria,,bonos gubernamentales
12,Verónica Navarro,2026-07-01,2026-07-31,2026-07-29,mensualidad del coche,1954.93,Pago de deuda,,,transferencia bancaria,,mensualidad del coche
12,Verónica Navarro,2026-07-01,2026-07-31,2026-07-30,mensualidad del depa,497.0,Consumo,Vivienda,Esencial,tarjeta de débito,,mensualidad del depa
12,Verónica Navarro,2026-07-01,2026-07-31,2026-07-30,pago de trabajo,4811.02,Ingreso,,,transferencia bancaria,,pago de trabajo
13,Camila Mendoza,2026-07-01,2026-07-31,2026-07-01,recibo de luz,215.28,Consumo,Vivienda,Esencial,transferencia bancaria,,recibo de luz
13,Camila Mendoza,2026-07-01,2026-07-31,2026-07-04,leche y huevos,1056.26,Consumo,Alimentación,Esencial,transferencia bancaria,,leche y huevos
13,Camila Mendoza,2026-07-01,2026-07-31,2026-07-04,gas de la casa,270.32,Consumo,Vivienda,Esencial,tarjeta de débito,,gas de la casa
13,Camila Mendoza,2026-07-01,2026-07-31,2026-07-04,reparación de la casa,966.91,Consumo,Vivienda,Esencial,efectivo,,reparación de la casa
13,Camila Mendoza,2026-07-01,2026-07-31,2026-07-04,diplomado,473.38,Consumo,Educación,Esencial,tarjeta de crédito,43.7,diplomado
13,Camila Mendoza,2026-07-01,2026-07-31,2026-07-07,pago automotriz,593.85,Pago de deuda,,,transferencia bancaria,,pago automotriz
13,Camila Mendoza,2026-07-01,2026-07-31,2026-07-08,ropa nueva,411.84,Consumo,Compras personales,Discrecional,tarjeta de débito,,ropa nueva
13,Camila Mendoza,2026-07-01,2026-07-31,2026-07-09,Chedraui,842.47,Consumo,Alimentación,Esencial,tarjeta de crédito,48.1,chedraui
13,Camila Mendoza,2026-07-01,2026-07-31,2026-07-11,pago de tarjeta,364.41,Pago de deuda,,,transferencia bancaria,,pago de tarjeta
13,Camila Mendoza,2026-07-01,2026-07-31,2026-07-12,súper,508.73,Consumo,Alimentación,Esencial,tarjeta de crédito,62.8,súper
13,Camila Mendoza,2026-07-01,2026-07-31,2026-07-12,didi,1529.04,Consumo,Transporte,Esencial,tarjeta de débito,,didi
13,Camila Mendoza,2026-07-01,2026-07-31,2026-07-12,evento,546.27,Consumo,Entretenimiento y ocio,Discrecional,tarjeta de débito,,evento
13,Camila Mendoza,2026-07-01,2026-07-31,2026-07-13,karaoke,225.31,Consumo,Entretenimiento y ocio,Discrecional,tarjeta de crédito,45.7,karaoke
13,Camila Mendoza,2026-07-01,2026-07-31,2026-07-14,pagué la luz,314.84,Consumo,Vivienda,Esencial,tarjeta de débito,,pagué la luz
13,Camila Mendoza,2026-07-01,2026-07-31,2026-07-15,nómina,8701.66,Ingreso,,,transferencia bancaria,,nómina
13,Camila Mendoza,2026-07-01,2026-07-31,2026-07-16,despensa de la semana,244.13,Consumo,Alimentación,Esencial,efectivo,,despensa de la semana
13,Camila Mendoza,2026-07-01,2026-07-31,2026-07-16,Costco,77.28,Consumo,Alimentación,Esencial,tarjeta de débito,,costco
13,Camila Mendoza,2026-07-01,2026-07-31,2026-07-17,ETF,108.59,Ahorro e inversión,,,transferencia bancaria,,etf
13,Camila Mendoza,2026-07-01,2026-07-31,2026-07-17,comida,515.51,Consumo,Alimentación,Esencial,tarjeta de débito,,comida
13,Camila Mendoza,2026-07-01,2026-07-31,2026-07-18,wifi,54.73,Consumo,Vivienda,Esencial,transferencia bancaria,,wifi
13,Camila Mendoza,2026-07-01,2026-07-31,2026-07-18,pago mínimo de tarjeta,207.11,Pago de deuda,,,transferencia bancaria,,pago mínimo de tarjeta
13,Camila Mendoza,2026-07-01,2026-07-31,2026-07-23,comida,200.03,Consumo,Alimentación,Esencial,tarjeta de crédito,39.3,comida
13,Camila Mendoza,2026-07-01,2026-07-31,2026-07-24,arreglo de fuga de agua,548.56,Consumo,Vivienda,Esencial,tarjeta de crédito,54.8,arreglo de fuga de agua
13,Camila Mendoza,2026-07-01,2026-07-31,2026-07-26,libros,135.15,Consumo,Educación,Esencial,tarjeta de débito,,libros
13,Camila Mendoza,2026-07-01,2026-07-31,2026-07-27,compras de comida,867.32,Consumo,Alimentación,Esencial,tarjeta de débito,,compras de comida
13,Camila Mendoza,2026-07-01,2026-07-31,2026-07-27,análisis clínicos,523.12,Consumo,Salud,Esencial,transferencia bancaria,,análisis clínicos
13,Camila Mendoza,2026-07-01,2026-07-31,2026-07-28,audífonos,1474.09,Consumo,Compras personales,Discrecional,tarjeta de crédito,47.4,audífonos
13,Camila Mendoza,2026-07-01,2026-07-31,2026-07-29,cambio de aceite,1280.57,Consumo,Transporte,Esencial,tarjeta de débito,,cambio de aceite
13,Camila Mendoza,2026-07-01,2026-07-31,2026-07-30,nómina,8701.66,Ingreso,,,transferencia bancaria,,nómina
13,Camila Mendoza,2026-07-01,2026-07-31,2026-07-31,compras de comida,1817.64,Consumo,Alimentación,Esencial,efectivo,,compras de comida
14,Fernanda Rojas,2026-07-01,2026-07-31,2026-07-01,pasajes de la semana,64.33,Consumo,Transporte,Esencial,tarjeta de débito,,pasajes de la semana
14,Fernanda Rojas,2026-07-01,2026-07-31,2026-07-02,gas de la casa,223.54,Consumo,Vivienda,Esencial,tarjeta de débito,,gas de la casa
14,Fernanda Rojas,2026-07-01,2026-07-31,2026-07-03,Bodega Aurrera,181.96,Consumo,Alimentación,Esencial,tarjeta de débito,,bodega aurrera
14,Fernanda Rojas,2026-07-01,2026-07-31,2026-07-04,leche y huevos,505.69,Consumo,Alimentación,Esencial,tarjeta de débito,,leche y huevos
14,Fernanda Rojas,2026-07-01,2026-07-31,2026-07-04,comida para la casa,50.13,Consumo,Alimentación,Esencial,tarjeta de débito,,comida para la casa
14,Fernanda Rojas,2026-07-01,2026-07-31,2026-07-04,restaurante,78.0,Consumo,Entretenimiento y ocio,Discrecional,tarjeta de débito,,restaurante
14,Fernanda Rojas,2026-07-01,2026-07-31,2026-07-05,tablet,840.22,Consumo,Compras personales,Discrecional,tarjeta de débito,,tablet
14,Fernanda Rojas,2026-07-01,2026-07-31,2026-07-07,carga de gasolina,339.33,Consumo,Transporte,Esencial,tarjeta de débito,,carga de gasolina
14,Fernanda Rojas,2026-07-01,2026-07-31,2026-07-07,súper,286.03,Consumo,Alimentación,Esencial,tarjeta de débito,,súper
14,Fernanda Rojas,2026-07-01,2026-07-31,2026-07-07,comida,617.47,Consumo,Alimentación,Esencial,tarjeta de débito,,comida
14,Fernanda Rojas,2026-07-01,2026-07-31,2026-07-07,parque de diversiones,496.13,Consumo,Entretenimiento y ocio,Discrecional,tarjeta de débito,,parque de diversiones
14,Fernanda Rojas,2026-07-01,2026-07-31,2026-07-07,libros escolares,274.29,Consumo,Educación,Esencial,tarjeta de débito,,libros escolares
14,Fernanda Rojas,2026-07-01,2026-07-31,2026-07-08,pescado,115.31,Consumo,Alimentación,Esencial,tarjeta de débito,,pescado
14,Fernanda Rojas,2026-07-01,2026-07-31,2026-07-10,internet de la casa,405.55,Consumo,Vivienda,Esencial,tarjeta de débito,,internet de la casa
14,Fernanda Rojas,2026-07-01,2026-07-31,2026-07-11,mercado,77.88,Consumo,Alimentación,Esencial,tarjeta de débito,,mercado
14,Fernanda Rojas,2026-07-01,2026-07-31,2026-07-12,llantas,66.54,Consumo,Transporte,Esencial,tarjeta de débito,,llantas
14,Fernanda Rojas,2026-07-01,2026-07-31,2026-07-12,Mercado Libre,372.12,Consumo,Compras personales,Discrecional,tarjeta de débito,,mercado libre
14,Fernanda Rojas,2026-07-01,2026-07-31,2026-07-13,llené el tanque,245.84,Consumo,Transporte,Esencial,tarjeta de débito,,llené el tanque
14,Fernanda Rojas,2026-07-01,2026-07-31,2026-07-13,pago de tarjeta,1004.14,Pago de deuda,,,transferencia bancaria,,pago de tarjeta
14,Fernanda Rojas,2026-07-01,2026-07-31,2026-07-15,pescado,400.38,Consumo,Alimentación,Esencial,tarjeta de débito,,pescado
14,Fernanda Rojas,2026-07-01,2026-07-31,2026-07-15,quincena,6426.33,Ingreso,,,transferencia bancaria,,quincena
14,Fernanda Rojas,2026-07-01,2026-07-31,2026-07-16,Bodega Aurrera,783.93,Consumo,Alimentación,Esencial,tarjeta de débito,,bodega aurrera
14,Fernanda Rojas,2026-07-01,2026-07-31,2026-07-18,comida,37.89,Consumo,Alimentación,Esencial,tarjeta de débito,,comida
14,Fernanda Rojas,2026-07-01,2026-07-31,2026-07-18,reinscripción,191.85,Consumo,Educación,Esencial,tarjeta de débito,,reinscripción
14,Fernanda Rojas,2026-07-01,2026-07-31,2026-07-19,leche y huevos,226.14,Consumo,Alimentación,Esencial,tarjeta de débito,,leche y huevos
14,Fernanda Rojas,2026-07-01,2026-07-31,2026-07-19,Canva Pro,200.49,Consumo,Suscripciones digitales,Discrecional,tarjeta de débito,,canva pro
14,Fernanda Rojas,2026-07-01,2026-07-31,2026-07-20,plomero,481.97,Consumo,Vivienda,Esencial,tarjeta de débito,,plomero
14,Fernanda Rojas,2026-07-01,2026-07-31,2026-07-22,servicio del coche,552.91,Consumo,Transporte,Esencial,tarjeta de débito,,servicio del coche
14,Fernanda Rojas,2026-07-01,2026-07-31,2026-07-22,didi,65.66,Consumo,Transporte,Esencial,tarjeta de débito,,didi
14,Fernanda Rojas,2026-07-01,2026-07-31,2026-07-22,pollo,116.24,Consumo,Alimentación,Esencial,tarjeta de débito,,pollo
14,Fernanda Rojas,2026-07-01,2026-07-31,2026-07-22,comida,399.8,Consumo,Alimentación,Esencial,tarjeta de débito,,comida
14,Fernanda Rojas,2026-07-01,2026-07-31,2026-07-24,verificación,59.19,Consumo,Transporte,Esencial,tarjeta de débito,,verificación
14,Fernanda Rojas,2026-07-01,2026-07-31,2026-07-24,uber,313.95,Consumo,Transporte,Esencial,tarjeta de débito,,uber
14,Fernanda Rojas,2026-07-01,2026-07-31,2026-07-25,compras de comida,203.98,Consumo,Alimentación,Esencial,tarjeta de débito,,compras de comida
14,Fernanda Rojas,2026-07-01,2026-07-31,2026-07-26,verificación,66.15,Consumo,Transporte,Esencial,tarjeta de débito,,verificación
14,Fernanda Rojas,2026-07-01,2026-07-31,2026-07-30,aportación AFORE,737.7,Ahorro e inversión,,,transferencia bancaria,,aportación afore
14,Fernanda Rojas,2026-07-01,2026-07-31,2026-07-30,arreglo de fuga de agua,200.8,Consumo,Vivienda,Esencial,tarjeta de débito,,arreglo de fuga de agua
14,Fernanda Rojas,2026-07-01,2026-07-31,2026-07-30,mascota,481.08,Consumo,Otros,,tarjeta de débito,,mascota
14,Fernanda Rojas,2026-07-01,2026-07-31,2026-07-30,pago de trabajo,6426.33,Ingreso,,,transferencia bancaria,,pago de trabajo
15,Mauricio Gómez,2026-07-01,2026-07-31,2026-07-01,perfume,399.69,Consumo,Compras personales,Discrecional,tarjeta de crédito,60.2,perfume
15,Mauricio Gómez,2026-07-01,2026-07-31,2026-07-03,casetas,333.13,Consumo,Transporte,Esencial,tarjeta de débito,,casetas
15,Mauricio Gómez,2026-07-01,2026-07-31,2026-07-05,electricista,625.99,Consumo,Vivienda,Esencial,tarjeta de débito,,electricista
15,Mauricio Gómez,2026-07-01,2026-07-31,2026-07-05,leche y huevos,128.2,Consumo,Alimentación,Esencial,transferencia bancaria,,leche y huevos
15,Mauricio Gómez,2026-07-01,2026-07-31,2026-07-05,súper,140.3,Consumo,Alimentación,Esencial,efectivo,,súper
15,Mauricio Gómez,2026-07-01,2026-07-31,2026-07-05,ingredientes para cocinar,310.12,Consumo,Alimentación,Esencial,transferencia bancaria,,ingredientes para cocinar
15,Mauricio Gómez,2026-07-01,2026-07-31,2026-07-05,comida,84.16,Consumo,Alimentación,Esencial,tarjeta de crédito,55.5,comida
15,Mauricio Gómez,2026-07-01,2026-07-31,2026-07-06,peaje,472.07,Consumo,Transporte,Esencial,transferencia bancaria,,peaje
15,Mauricio Gómez,2026-07-01,2026-07-31,2026-07-07,Walmart,324.55,Consumo,Alimentación,Esencial,tarjeta de débito,,walmart
15,Mauricio Gómez,2026-07-01,2026-07-31,2026-07-07,leche y huevos,101.06,Consumo,Alimentación,Esencial,tarjeta de débito,,leche y huevos
15,Mauricio Gómez,2026-07-01,2026-07-31,2026-07-07,copias,36.78,Consumo,Educación,Esencial,tarjeta de crédito,47.6,copias
15,Mauricio Gómez,2026-07-01,2026-07-31,2026-07-08,pago de colegiatura,162.86,Consumo,Educación,Esencial,transferencia bancaria,,pago de colegiatura
15,Mauricio Gómez,2026-07-01,2026-07-31,2026-07-09,compras de comida,279.45,Consumo,Alimentación,Esencial,transferencia bancaria,,compras de comida
15,Mauricio Gómez,2026-07-01,2026-07-31,2026-07-09,pago de impuestos,284.9,Consumo,Otros,,tarjeta de débito,,pago de impuestos
15,Mauricio Gómez,2026-07-01,2026-07-31,2026-07-09,Canva Pro,112.24,Consumo,Suscripciones digitales,Discrecional,tarjeta de débito,,canva pro
15,Mauricio Gómez,2026-07-01,2026-07-31,2026-07-10,despensa,104.69,Consumo,Alimentación,Esencial,efectivo,,despensa
15,Mauricio Gómez,2026-07-01,2026-07-31,2026-07-10,bolsa,155.06,Consumo,Compras personales,Discrecional,tarjeta de débito,,bolsa
15,Mauricio Gómez,2026-07-01,2026-07-31,2026-07-11,pago TDC,469.44,Pago de deuda,,,transferencia bancaria,,pago tdc
15,Mauricio Gómez,2026-07-01,2026-07-31,2026-07-12,agua,382.93,Consumo,Vivienda,Esencial,transferencia bancaria,,agua
15,Mauricio Gómez,2026-07-01,2026-07-31,2026-07-13,ahorro,1027.8,Ahorro e inversión,,,transferencia bancaria,,ahorro
15,Mauricio Gómez,2026-07-01,2026-07-31,2026-07-14,comida,201.88,Consumo,Alimentación,Esencial,efectivo,,comida
15,Mauricio Gómez,2026-07-01,2026-07-31,2026-07-14,mandado,268.75,Consumo,Alimentación,Esencial,efectivo,,mandado
15,Mauricio Gómez,2026-07-01,2026-07-31,2026-07-14,útiles escolares,312.88,Consumo,Educación,Esencial,tarjeta de crédito,57.6,útiles escolares
15,Mauricio Gómez,2026-07-01,2026-07-31,2026-07-15,pago de trabajo,7496.24,Ingreso,,,transferencia bancaria,,pago de trabajo
15,Mauricio Gómez,2026-07-01,2026-07-31,2026-07-16,transferencia a ahorro,459.69,Ahorro e inversión,,,transferencia bancaria,,transferencia a ahorro
15,Mauricio Gómez,2026-07-01,2026-07-31,2026-07-16,café,45.48,Consumo,Entretenimiento y ocio,Discrecional,tarjeta de crédito,66.0,café
15,Mauricio Gómez,2026-07-01,2026-07-31,2026-07-17,recibo de luz,77.51,Consumo,Vivienda,Esencial,transferencia bancaria,,recibo de luz
15,Mauricio Gómez,2026-07-01,2026-07-31,2026-07-19,lentes,219.44,Consumo,Salud,Esencial,tarjeta de débito,,lentes
15,Mauricio Gómez,2026-07-01,2026-07-31,2026-07-20,cosas del súper,1087.48,Consumo,Alimentación,Esencial,tarjeta de crédito,41.4,cosas del súper
15,Mauricio Gómez,2026-07-01,2026-07-31,2026-07-20,mandado,816.13,Consumo,Alimentación,Esencial,tarjeta de débito,,mandado
15,Mauricio Gómez,2026-07-01,2026-07-31,2026-07-20,especialista,139.79,Consumo,Salud,Esencial,efectivo,,especialista
15,Mauricio Gómez,2026-07-01,2026-07-31,2026-07-22,carne,137.71,Consumo,Alimentación,Esencial,transferencia bancaria,,carne
15,Mauricio Gómez,2026-07-01,2026-07-31,2026-07-23,cine,89.73,Consumo,Entretenimiento y ocio,Discrecional,transferencia bancaria,,cine
15,Mauricio Gómez,2026-07-01,2026-07-31,2026-07-24,mercado,56.44,Consumo,Alimentación,Esencial,tarjeta de crédito,40.9,mercado
15,Mauricio Gómez,2026-07-01,2026-07-31,2026-07-24,despensa,640.63,Consumo,Alimentación,Esencial,tarjeta de débito,,despensa
15,Mauricio Gómez,2026-07-01,2026-07-31,2026-07-25,boletos de concierto,159.25,Consumo,Entretenimiento y ocio,Discrecional,transferencia bancaria,,boletos de concierto
15,Mauricio Gómez,2026-07-01,2026-07-31,2026-07-25,casetas,403.39,Consumo,Transporte,Esencial,tarjeta de crédito,60.5,casetas
15,Mauricio Gómez,2026-07-01,2026-07-31,2026-07-26,Bodega Aurrera,72.12,Consumo,Alimentación,Esencial,tarjeta de débito,,bodega aurrera
15,Mauricio Gómez,2026-07-01,2026-07-31,2026-07-26,gasto imprevisto,249.25,Consumo,Otros,,transferencia bancaria,,gasto imprevisto
15,Mauricio Gómez,2026-07-01,2026-07-31,2026-07-29,abarrotes,81.57,Consumo,Alimentación,Esencial,transferencia bancaria,,abarrotes
15,Mauricio Gómez,2026-07-01,2026-07-31,2026-07-30,ETF,201.65,Ahorro e inversión,,,transferencia bancaria,,etf
15,Mauricio Gómez,2026-07-01,2026-07-31,2026-07-30,llené el tanque,203.35,Consumo,Transporte,Esencial,tarjeta de crédito,37.9,llené el tanque
15,Mauricio Gómez,2026-07-01,2026-07-31,2026-07-30,wifi,249.56,Consumo,Vivienda,Esencial,tarjeta de crédito,40.0,wifi
15,Mauricio Gómez,2026-07-01,2026-07-31,2026-07-30,wifi,142.92,Consumo,Vivienda,Esencial,transferencia bancaria,,wifi
15,Mauricio Gómez,2026-07-01,2026-07-31,2026-07-30,nómina,7496.24,Ingreso,,,transferencia bancaria,,nómina
15,Mauricio Gómez,2026-07-01,2026-07-31,2026-07-31,carga de gasolina,446.4,Consumo,Transporte,Esencial,efectivo,,carga de gasolina
15,Mauricio Gómez,2026-07-01,2026-07-31,2026-07-31,cambio de aceite,73.71,Consumo,Transporte,Esencial,tarjeta de crédito,55.1,cambio de aceite
16,Miguel Morales,2026-07-01,2026-07-31,2026-07-01,Xbox Game Pass,261.13,Consumo,Suscripciones digitales,Discrecional,transferencia bancaria,,xbox game pass
16,Miguel Morales,2026-07-01,2026-07-31,2026-07-01,teatro,721.49,Consumo,Entretenimiento y ocio,Discrecional,transferencia bancaria,,teatro
16,Miguel Morales,2026-07-01,2026-07-31,2026-07-03,decoración,169.19,Consumo,Compras personales,Discrecional,efectivo,,decoración
16,Miguel Morales,2026-07-01,2026-07-31,2026-07-03,cosméticos,160.13,Consumo,Compras personales,Discrecional,tarjeta de débito,,cosméticos
16,Miguel Morales,2026-07-01,2026-07-31,2026-07-04,frutas y verduras,513.49,Consumo,Alimentación,Esencial,tarjeta de débito,,frutas y verduras
16,Miguel Morales,2026-07-01,2026-07-31,2026-07-04,estacionamiento,2118.64,Consumo,Transporte,Esencial,tarjeta de débito,,estacionamiento
16,Miguel Morales,2026-07-01,2026-07-31,2026-07-06,Chedraui,147.88,Consumo,Alimentación,Esencial,efectivo,,chedraui
16,Miguel Morales,2026-07-01,2026-07-31,2026-07-06,pantalón,162.19,Consumo,Compras personales,Discrecional,efectivo,,pantalón
16,Miguel Morales,2026-07-01,2026-07-31,2026-07-06,abogado,252.13,Consumo,Otros,,transferencia bancaria,,abogado
16,Miguel Morales,2026-07-01,2026-07-31,2026-07-07,accesorios,293.47,Consumo,Compras personales,Discrecional,tarjeta de débito,,accesorios
16,Miguel Morales,2026-07-01,2026-07-31,2026-07-07,alimento para mascota,132.68,Consumo,Otros,,efectivo,,alimento para mascota
16,Miguel Morales,2026-07-01,2026-07-31,2026-07-12,laboratorio,402.29,Consumo,Salud,Esencial,tarjeta de crédito,53.0,laboratorio
16,Miguel Morales,2026-07-01,2026-07-31,2026-07-14,fondo de emergencia,882.2,Ahorro e inversión,,,transferencia bancaria,,fondo de emergencia
16,Miguel Morales,2026-07-01,2026-07-31,2026-07-15,cosas del súper,390.63,Consumo,Alimentación,Esencial,tarjeta de débito,,cosas del súper
16,Miguel Morales,2026-07-01,2026-07-31,2026-07-15,sueldo,10016.3,Ingreso,,,transferencia bancaria,,sueldo
16,Miguel Morales,2026-07-01,2026-07-31,2026-07-17,tablet,178.56,Consumo,Compras personales,Discrecional,efectivo,,tablet
16,Miguel Morales,2026-07-01,2026-07-31,2026-07-19,fondo de inversión,1691.6,Ahorro e inversión,,,transferencia bancaria,,fondo de inversión
16,Miguel Morales,2026-07-01,2026-07-31,2026-07-19,comisión bancaria,135.52,Consumo,Otros,,tarjeta de crédito,60.5,comisión bancaria
16,Miguel Morales,2026-07-01,2026-07-31,2026-07-20,Walmart,1358.84,Consumo,Alimentación,Esencial,tarjeta de crédito,48.6,walmart
16,Miguel Morales,2026-07-01,2026-07-31,2026-07-21,bolsa,588.69,Consumo,Compras personales,Discrecional,tarjeta de débito,,bolsa
16,Miguel Morales,2026-07-01,2026-07-31,2026-07-21,abono a préstamo,1715.84,Pago de deuda,,,transferencia bancaria,,abono a préstamo
16,Miguel Morales,2026-07-01,2026-07-31,2026-07-23,renta de auto en viaje,313.41,Consumo,Viajes y vacaciones,Discrecional,tarjeta de crédito,37.2,renta de auto en viaje
16,Miguel Morales,2026-07-01,2026-07-31,2026-07-24,mercado,705.61,Consumo,Alimentación,Esencial,tarjeta de débito,,mercado
16,Miguel Morales,2026-07-01,2026-07-31,2026-07-24,tratamiento,62.07,Consumo,Salud,Esencial,tarjeta de débito,,tratamiento
16,Miguel Morales,2026-07-01,2026-07-31,2026-07-25,renta,1713.6,Consumo,Vivienda,Esencial,tarjeta de crédito,63.4,renta
16,Miguel Morales,2026-07-01,2026-07-31,2026-07-26,Costco,1209.21,Consumo,Alimentación,Esencial,tarjeta de crédito,62.3,costco
16,Miguel Morales,2026-07-01,2026-07-31,2026-07-26,pescado,632.64,Consumo,Alimentación,Esencial,tarjeta de débito,,pescado
16,Miguel Morales,2026-07-01,2026-07-31,2026-07-28,pasajes de la semana,315.42,Consumo,Transporte,Esencial,efectivo,,pasajes de la semana
16,Miguel Morales,2026-07-01,2026-07-31,2026-07-29,despensa de la semana,621.47,Consumo,Alimentación,Esencial,tarjeta de crédito,67.9,despensa de la semana
16,Miguel Morales,2026-07-01,2026-07-31,2026-07-30,CETES Directo,857.52,Ahorro e inversión,,,transferencia bancaria,,cetes directo
16,Miguel Morales,2026-07-01,2026-07-31,2026-07-30,reparación de la casa,365.31,Consumo,Vivienda,Esencial,tarjeta de débito,,reparación de la casa
16,Miguel Morales,2026-07-01,2026-07-31,2026-07-30,pago de trabajo,10016.3,Ingreso,,,transferencia bancaria,,pago de trabajo
16,Miguel Morales,2026-07-01,2026-07-31,2026-07-31,leche y huevos,70.76,Consumo,Alimentación,Esencial,tarjeta de crédito,52.7,leche y huevos
16,Miguel Morales,2026-07-01,2026-07-31,2026-07-31,llantas,106.75,Consumo,Transporte,Esencial,efectivo,,llantas
17,Martín Gómez,2026-07-01,2026-07-31,2026-07-03,leche y huevos,214.56,Consumo,Alimentación,Esencial,transferencia bancaria,,leche y huevos
17,Martín Gómez,2026-07-01,2026-07-31,2026-07-03,cafecito,409.99,Consumo,Entretenimiento y ocio,Discrecional,transferencia bancaria,,cafecito
17,Martín Gómez,2026-07-01,2026-07-31,2026-07-04,comida para la casa,289.73,Consumo,Alimentación,Esencial,tarjeta de débito,,comida para la casa
17,Martín Gómez,2026-07-01,2026-07-31,2026-07-04,cambio de aceite,913.16,Consumo,Transporte,Esencial,tarjeta de débito,,cambio de aceite
17,Martín Gómez,2026-07-01,2026-07-31,2026-07-08,decoración,370.29,Consumo,Compras personales,Discrecional,transferencia bancaria,,decoración
17,Martín Gómez,2026-07-01,2026-07-31,2026-07-09,cuenta de ahorro,614.57,Ahorro e inversión,,,transferencia bancaria,,cuenta de ahorro
17,Martín Gómez,2026-07-01,2026-07-31,2026-07-09,lonche,606.38,Consumo,Alimentación,Esencial,transferencia bancaria,,lonche
17,Martín Gómez,2026-07-01,2026-07-31,2026-07-09,Costco,152.17,Consumo,Alimentación,Esencial,tarjeta de débito,,costco
17,Martín Gómez,2026-07-01,2026-07-31,2026-07-10,recibo de agua,807.08,Consumo,Vivienda,Esencial,tarjeta de crédito,66.4,recibo de agua
17,Martín Gómez,2026-07-01,2026-07-31,2026-07-10,plomero,270.26,Consumo,Vivienda,Esencial,tarjeta de crédito,66.0,plomero
17,Martín Gómez,2026-07-01,2026-07-31,2026-07-10,Costco,50.81,Consumo,Alimentación,Esencial,tarjeta de débito,,costco
17,Martín Gómez,2026-07-01,2026-07-31,2026-07-10,pago préstamo personal,144.91,Pago de deuda,,,transferencia bancaria,,pago préstamo personal
17,Martín Gómez,2026-07-01,2026-07-31,2026-07-11,comida,136.1,Consumo,Alimentación,Esencial,tarjeta de débito,,comida
17,Martín Gómez,2026-07-01,2026-07-31,2026-07-11,despensa de la semana,196.01,Consumo,Alimentación,Esencial,efectivo,,despensa de la semana
17,Martín Gómez,2026-07-01,2026-07-31,2026-07-11,ingredientes para cocinar,87.74,Consumo,Alimentación,Esencial,tarjeta de débito,,ingredientes para cocinar
17,Martín Gómez,2026-07-01,2026-07-31,2026-07-11,mercado,710.57,Consumo,Alimentación,Esencial,transferencia bancaria,,mercado
17,Martín Gómez,2026-07-01,2026-07-31,2026-07-12,compras de comida,745.29,Consumo,Alimentación,Esencial,efectivo,,compras de comida
17,Martín Gómez,2026-07-01,2026-07-31,2026-07-12,comisión de ventas,9955.12,Ingreso,,,transferencia bancaria,,comisión de ventas
17,Martín Gómez,2026-07-01,2026-07-31,2026-07-13,pagué la luz,1106.73,Consumo,Vivienda,Esencial,tarjeta de débito,,pagué la luz
17,Martín Gómez,2026-07-01,2026-07-31,2026-07-13,comida para la casa,276.79,Consumo,Alimentación,Esencial,transferencia bancaria,,comida para la casa
17,Martín Gómez,2026-07-01,2026-07-31,2026-07-14,tenis,171.92,Consumo,Compras personales,Discrecional,tarjeta de crédito,42.5,tenis
17,Martín Gómez,2026-07-01,2026-07-31,2026-07-14,compras de comida,353.74,Consumo,Alimentación,Esencial,transferencia bancaria,,compras de comida
17,Martín Gómez,2026-07-01,2026-07-31,2026-07-14,pago tarjeta Santander,249.04,Pago de deuda,,,transferencia bancaria,,pago tarjeta santander
17,Martín Gómez,2026-07-01,2026-07-31,2026-07-15,súper,100.67,Consumo,Alimentación,Esencial,transferencia bancaria,,súper
17,Martín Gómez,2026-07-01,2026-07-31,2026-07-15,despensa de la semana,55.46,Consumo,Alimentación,Esencial,transferencia bancaria,,despensa de la semana
17,Martín Gómez,2026-07-01,2026-07-31,2026-07-15,quincena,6083.68,Ingreso,,,transferencia bancaria,,quincena
17,Martín Gómez,2026-07-01,2026-07-31,2026-07-16,uber,433.95,Consumo,Transporte,Esencial,transferencia bancaria,,uber
17,Martín Gómez,2026-07-01,2026-07-31,2026-07-17,carne,453.84,Consumo,Alimentación,Esencial,transferencia bancaria,,carne
17,Martín Gómez,2026-07-01,2026-07-31,2026-07-18,comida,242.82,Consumo,Alimentación,Esencial,tarjeta de crédito,42.9,comida
17,Martín Gómez,2026-07-01,2026-07-31,2026-07-19,reloj,684.29,Consumo,Compras personales,Discrecional,tarjeta de débito,,reloj
17,Martín Gómez,2026-07-01,2026-07-31,2026-07-19,agua y refrescos,55.1,Consumo,Alimentación,Esencial,tarjeta de débito,,agua y refrescos
17,Martín Gómez,2026-07-01,2026-07-31,2026-07-19,pasaje,154.81,Consumo,Transporte,Esencial,tarjeta de crédito,62.2,pasaje
17,Martín Gómez,2026-07-01,2026-07-31,2026-07-20,pollo,367.55,Consumo,Alimentación,Esencial,transferencia bancaria,,pollo
17,Martín Gómez,2026-07-01,2026-07-31,2026-07-20,comida para la casa,60.09,Consumo,Alimentación,Esencial,tarjeta de débito,,comida para la casa
17,Martín Gómez,2026-07-01,2026-07-31,2026-07-21,videojuego,289.25,Consumo,Entretenimiento y ocio,Discrecional,tarjeta de crédito,50.4,videojuego
17,Martín Gómez,2026-07-01,2026-07-31,2026-07-21,clases de inglés,635.54,Consumo,Educación,Esencial,transferencia bancaria,,clases de inglés
17,Martín Gómez,2026-07-01,2026-07-31,2026-07-22,ahorro,669.7,Ahorro e inversión,,,transferencia bancaria,,ahorro
17,Martín Gómez,2026-07-01,2026-07-31,2026-07-22,camisa,412.94,Consumo,Compras personales,Discrecional,efectivo,,camisa
17,Martín Gómez,2026-07-01,2026-07-31,2026-07-23,alimento para mascota,125.73,Consumo,Otros,,tarjeta de débito,,alimento para mascota
17,Martín Gómez,2026-07-01,2026-07-31,2026-07-23,mensualidad del coche,144.16,Pago de deuda,,,transferencia bancaria,,mensualidad del coche
17,Martín Gómez,2026-07-01,2026-07-31,2026-07-24,mandado,172.85,Consumo,Alimentación,Esencial,transferencia bancaria,,mandado
17,Martín Gómez,2026-07-01,2026-07-31,2026-07-24,Soriana,783.63,Consumo,Alimentación,Esencial,tarjeta de débito,,soriana
17,Martín Gómez,2026-07-01,2026-07-31,2026-07-25,pago al SAT,539.9,Consumo,Otros,,tarjeta de crédito,60.1,pago al sat
17,Martín Gómez,2026-07-01,2026-07-31,2026-07-26,abarrotes,238.36,Consumo,Alimentación,Esencial,tarjeta de crédito,69.6,abarrotes
17,Martín Gómez,2026-07-01,2026-07-31,2026-07-28,concierto,175.57,Consumo,Entretenimiento y ocio,Discrecional,tarjeta de débito,,concierto
17,Martín Gómez,2026-07-01,2026-07-31,2026-07-29,llantas,131.44,Consumo,Transporte,Esencial,transferencia bancaria,,llantas
17,Martín Gómez,2026-07-01,2026-07-31,2026-07-30,pasaje,882.0,Consumo,Transporte,Esencial,tarjeta de crédito,44.7,pasaje
17,Martín Gómez,2026-07-01,2026-07-31,2026-07-30,quincena,6083.68,Ingreso,,,transferencia bancaria,,quincena
17,Martín Gómez,2026-07-01,2026-07-31,2026-07-31,Costco,72.76,Consumo,Alimentación,Esencial,tarjeta de débito,,costco
18,Luis Ramírez,2026-07-01,2026-07-31,2026-07-01,diplomado,690.51,Consumo,Educación,Esencial,tarjeta de crédito,67.4,diplomado
18,Luis Ramírez,2026-07-01,2026-07-31,2026-07-02,comida para la casa,286.21,Consumo,Alimentación,Esencial,tarjeta de débito,,comida para la casa
18,Luis Ramírez,2026-07-01,2026-07-31,2026-07-02,cosas del súper,365.62,Consumo,Alimentación,Esencial,tarjeta de crédito,68.9,cosas del súper
18,Luis Ramírez,2026-07-01,2026-07-31,2026-07-03,mantenimiento del depa,1372.32,Consumo,Vivienda,Esencial,tarjeta de crédito,71.7,mantenimiento del depa
18,Luis Ramírez,2026-07-01,2026-07-31,2026-07-03,boletos de avión,337.37,Consumo,Viajes y vacaciones,Discrecional,transferencia bancaria,,boletos de avión
18,Luis Ramírez,2026-07-01,2026-07-31,2026-07-04,llené el tanque,53.56,Consumo,Transporte,Esencial,tarjeta de crédito,42.5,llené el tanque
18,Luis Ramírez,2026-07-01,2026-07-31,2026-07-06,bolsa,418.0,Consumo,Compras personales,Discrecional,tarjeta de crédito,53.5,bolsa
18,Luis Ramírez,2026-07-01,2026-07-31,2026-07-06,taxi,230.84,Consumo,Transporte,Esencial,tarjeta de débito,,taxi
18,Luis Ramírez,2026-07-01,2026-07-31,2026-07-06,abono a préstamo,227.72,Pago de deuda,,,transferencia bancaria,,abono a préstamo
18,Luis Ramírez,2026-07-01,2026-07-31,2026-07-09,leche y huevos,244.38,Consumo,Alimentación,Esencial,tarjeta de débito,,leche y huevos
18,Luis Ramírez,2026-07-01,2026-07-31,2026-07-09,Soriana,113.21,Consumo,Alimentación,Esencial,tarjeta de crédito,70.6,soriana
18,Luis Ramírez,2026-07-01,2026-07-31,2026-07-11,carne,1322.51,Consumo,Alimentación,Esencial,tarjeta de crédito,49.5,carne
18,Luis Ramírez,2026-07-01,2026-07-31,2026-07-11,pan y tortillas,875.91,Consumo,Alimentación,Esencial,tarjeta de crédito,57.7,pan y tortillas
18,Luis Ramírez,2026-07-01,2026-07-31,2026-07-12,videojuego,310.86,Consumo,Entretenimiento y ocio,Discrecional,tarjeta de crédito,66.2,videojuego
18,Luis Ramírez,2026-07-01,2026-07-31,2026-07-12,comida,284.84,Consumo,Alimentación,Esencial,tarjeta de crédito,47.1,comida
18,Luis Ramírez,2026-07-01,2026-07-31,2026-07-13,bolsa,56.5,Consumo,Compras personales,Discrecional,tarjeta de crédito,44.9,bolsa
18,Luis Ramírez,2026-07-01,2026-07-31,2026-07-13,pollo,570.46,Consumo,Alimentación,Esencial,tarjeta de crédito,52.3,pollo
18,Luis Ramírez,2026-07-01,2026-07-31,2026-07-13,pescado,422.87,Consumo,Alimentación,Esencial,tarjeta de crédito,55.3,pescado
18,Luis Ramírez,2026-07-01,2026-07-31,2026-07-13,Farmacias del Ahorro,37.98,Consumo,Salud,Esencial,tarjeta de crédito,70.5,farmacias del ahorro
18,Luis Ramírez,2026-07-01,2026-07-31,2026-07-14,Soriana,64.31,Consumo,Alimentación,Esencial,tarjeta de crédito,66.0,soriana
18,Luis Ramírez,2026-07-01,2026-07-31,2026-07-15,gas de la casa,562.35,Consumo,Vivienda,Esencial,tarjeta de débito,,gas de la casa
18,Luis Ramírez,2026-07-01,2026-07-31,2026-07-15,salario,13682.3,Ingreso,,,transferencia bancaria,,salario
18,Luis Ramírez,2026-07-01,2026-07-31,2026-07-16,fondo de emergencia,837.2,Ahorro e inversión,,,transferencia bancaria,,fondo de emergencia
18,Luis Ramírez,2026-07-01,2026-07-31,2026-07-16,acciones,297.38,Ahorro e inversión,,,transferencia bancaria,,acciones
18,Luis Ramírez,2026-07-01,2026-07-31,2026-07-16,frutas y verduras,941.44,Consumo,Alimentación,Esencial,tarjeta de débito,,frutas y verduras
18,Luis Ramírez,2026-07-01,2026-07-31,2026-07-16,agua,345.06,Consumo,Vivienda,Esencial,tarjeta de crédito,67.9,agua
18,Luis Ramírez,2026-07-01,2026-07-31,2026-07-19,Max,342.56,Consumo,Suscripciones digitales,Discrecional,transferencia bancaria,,max
18,Luis Ramírez,2026-07-01,2026-07-31,2026-07-19,medicinas,106.64,Consumo,Salud,Esencial,tarjeta de débito,,medicinas
18,Luis Ramírez,2026-07-01,2026-07-31,2026-07-20,playera,323.58,Consumo,Compras personales,Discrecional,tarjeta de débito,,playera
18,Luis Ramírez,2026-07-01,2026-07-31,2026-07-22,electrónicos,213.71,Consumo,Compras personales,Discrecional,tarjeta de crédito,64.2,electrónicos
18,Luis Ramírez,2026-07-01,2026-07-31,2026-07-22,cambio de aceite,46.48,Consumo,Transporte,Esencial,tarjeta de crédito,52.3,cambio de aceite
18,Luis Ramírez,2026-07-01,2026-07-31,2026-07-23,transferencia a ahorro,788.54,Ahorro e inversión,,,transferencia bancaria,,transferencia a ahorro
18,Luis Ramírez,2026-07-01,2026-07-31,2026-07-23,Walmart,569.59,Consumo,Alimentación,Esencial,tarjeta de crédito,59.9,walmart
18,Luis Ramírez,2026-07-01,2026-07-31,2026-07-24,pan y tortillas,548.67,Consumo,Alimentación,Esencial,tarjeta de crédito,60.3,pan y tortillas
18,Luis Ramírez,2026-07-01,2026-07-31,2026-07-24,mensualidad del coche,343.11,Pago de deuda,,,transferencia bancaria,,mensualidad del coche
18,Luis Ramírez,2026-07-01,2026-07-31,2026-07-25,comida para la casa,906.13,Consumo,Alimentación,Esencial,tarjeta de crédito,39.3,comida para la casa
18,Luis Ramírez,2026-07-01,2026-07-31,2026-07-25,transporte al trabajo,327.61,Consumo,Transporte,Esencial,tarjeta de débito,,transporte al trabajo
18,Luis Ramírez,2026-07-01,2026-07-31,2026-07-26,pasaje,450.0,Consumo,Transporte,Esencial,tarjeta de débito,,pasaje
18,Luis Ramírez,2026-07-01,2026-07-31,2026-07-26,camión,1009.76,Consumo,Transporte,Esencial,tarjeta de débito,,camión
18,Luis Ramírez,2026-07-01,2026-07-31,2026-07-29,internet de la casa,371.25,Consumo,Vivienda,Esencial,tarjeta de crédito,50.9,internet de la casa
18,Luis Ramírez,2026-07-01,2026-07-31,2026-07-29,pago tarjeta Santander,170.13,Pago de deuda,,,transferencia bancaria,,pago tarjeta santander
18,Luis Ramírez,2026-07-01,2026-07-31,2026-07-30,cena fuera,580.24,Consumo,Entretenimiento y ocio,Discrecional,tarjeta de crédito,50.6,cena fuera
18,Luis Ramírez,2026-07-01,2026-07-31,2026-07-30,verificación,1039.49,Consumo,Transporte,Esencial,tarjeta de crédito,58.0,verificación
18,Luis Ramírez,2026-07-01,2026-07-31,2026-07-30,nómina,13682.3,Ingreso,,,transferencia bancaria,,nómina
18,Luis Ramírez,2026-07-01,2026-07-31,2026-07-31,perfume,1012.31,Consumo,Compras personales,Discrecional,tarjeta de débito,,perfume
18,Luis Ramírez,2026-07-01,2026-07-31,2026-07-31,farmacia,364.87,Consumo,Salud,Esencial,tarjeta de crédito,52.2,farmacia
19,Francisco Cruz,2026-07-01,2026-07-31,2026-07-01,despensa de la semana,291.76,Consumo,Alimentación,Esencial,tarjeta de crédito,40.9,despensa de la semana
19,Francisco Cruz,2026-07-01,2026-07-31,2026-07-01,súper,1742.65,Consumo,Alimentación,Esencial,tarjeta de débito,,súper
19,Francisco Cruz,2026-07-01,2026-07-31,2026-07-01,casetas,2574.85,Consumo,Transporte,Esencial,tarjeta de débito,,casetas
19,Francisco Cruz,2026-07-01,2026-07-31,2026-07-02,agua y refrescos,913.22,Consumo,Alimentación,Esencial,tarjeta de débito,,agua y refrescos
19,Francisco Cruz,2026-07-01,2026-07-31,2026-07-04,pollo,335.47,Consumo,Alimentación,Esencial,transferencia bancaria,,pollo
19,Francisco Cruz,2026-07-01,2026-07-31,2026-07-05,Costco,590.7,Consumo,Alimentación,Esencial,tarjeta de débito,,costco
19,Francisco Cruz,2026-07-01,2026-07-31,2026-07-05,carne,4763.96,Consumo,Alimentación,Esencial,tarjeta de crédito,48.6,carne
19,Francisco Cruz,2026-07-01,2026-07-31,2026-07-05,venta del día,11729.8,Ingreso,,,transferencia bancaria,,venta del día
19,Francisco Cruz,2026-07-01,2026-07-31,2026-07-08,casetas,583.17,Consumo,Transporte,Esencial,tarjeta de débito,,casetas
19,Francisco Cruz,2026-07-01,2026-07-31,2026-07-08,certificación,1136.81,Consumo,Educación,Esencial,tarjeta de débito,,certificación
19,Francisco Cruz,2026-07-01,2026-07-31,2026-07-09,súper,42.78,Consumo,Alimentación,Esencial,tarjeta de crédito,68.8,súper
19,Francisco Cruz,2026-07-01,2026-07-31,2026-07-10,consulta dental,515.96,Consumo,Salud,Esencial,efectivo,,consulta dental
19,Francisco Cruz,2026-07-01,2026-07-31,2026-07-12,recibo de agua,1394.37,Consumo,Vivienda,Esencial,tarjeta de crédito,59.4,recibo de agua
19,Francisco Cruz,2026-07-01,2026-07-31,2026-07-13,cervezas con amigos,117.01,Consumo,Entretenimiento y ocio,Discrecional,transferencia bancaria,,cervezas con amigos
19,Francisco Cruz,2026-07-01,2026-07-31,2026-07-15,iCloud,580.2,Consumo,Suscripciones digitales,Discrecional,transferencia bancaria,,icloud
19,Francisco Cruz,2026-07-01,2026-07-31,2026-07-15,cobro a cliente,9341.07,Ingreso,,,efectivo,,cobro a cliente
19,Francisco Cruz,2026-07-01,2026-07-31,2026-07-18,Soriana,385.43,Consumo,Alimentación,Esencial,transferencia bancaria,,soriana
19,Francisco Cruz,2026-07-01,2026-07-31,2026-07-18,venta del día,21636.29,Ingreso,,,transferencia bancaria,,venta del día
19,Francisco Cruz,2026-07-01,2026-07-31,2026-07-19,aportación AFORE,3908.66,Ahorro e inversión,,,transferencia bancaria,,aportación afore
19,Francisco Cruz,2026-07-01,2026-07-31,2026-07-19,mercado,336.77,Consumo,Alimentación,Esencial,tarjeta de débito,,mercado
19,Francisco Cruz,2026-07-01,2026-07-31,2026-07-23,agua y refrescos,1404.93,Consumo,Alimentación,Esencial,tarjeta de débito,,agua y refrescos
19,Francisco Cruz,2026-07-01,2026-07-31,2026-07-23,pasajes de la semana,956.08,Consumo,Transporte,Esencial,tarjeta de débito,,pasajes de la semana
19,Francisco Cruz,2026-07-01,2026-07-31,2026-07-25,mensualidad del depa,2156.24,Consumo,Vivienda,Esencial,tarjeta de débito,,mensualidad del depa
19,Francisco Cruz,2026-07-01,2026-07-31,2026-07-25,pasajes de la semana,427.34,Consumo,Transporte,Esencial,transferencia bancaria,,pasajes de la semana
19,Francisco Cruz,2026-07-01,2026-07-31,2026-07-26,evento,902.83,Consumo,Entretenimiento y ocio,Discrecional,efectivo,,evento
19,Francisco Cruz,2026-07-01,2026-07-31,2026-07-28,compras de comida,194.49,Consumo,Alimentación,Esencial,tarjeta de crédito,59.1,compras de comida
19,Francisco Cruz,2026-07-01,2026-07-31,2026-07-29,súper,318.6,Consumo,Alimentación,Esencial,tarjeta de crédito,57.1,súper
19,Francisco Cruz,2026-07-01,2026-07-31,2026-07-29,pago tarjeta BBVA,1070.96,Pago de deuda,,,transferencia bancaria,,pago tarjeta bbva
19,Francisco Cruz,2026-07-01,2026-07-31,2026-07-30,boletos del cine,249.21,Consumo,Entretenimiento y ocio,Discrecional,tarjeta de crédito,38.3,boletos del cine
19,Francisco Cruz,2026-07-01,2026-07-31,2026-07-30,ingreso del negocio,1308.53,Ingreso,,,efectivo,,ingreso del negocio
19,Francisco Cruz,2026-07-01,2026-07-31,2026-07-31,urgencias,306.98,Consumo,Salud,Esencial,tarjeta de crédito,67.1,urgencias
19,Francisco Cruz,2026-07-01,2026-07-31,2026-07-31,cambio de aceite,128.47,Consumo,Transporte,Esencial,efectivo,,cambio de aceite
20,Francisco Rojas,2026-07-01,2026-07-31,2026-07-01,zapatos,2627.69,Consumo,Compras personales,Discrecional,tarjeta de débito,,zapatos
20,Francisco Rojas,2026-07-01,2026-07-31,2026-07-02,parque de diversiones,1915.46,Consumo,Entretenimiento y ocio,Discrecional,transferencia bancaria,,parque de diversiones
20,Francisco Rojas,2026-07-01,2026-07-31,2026-07-04,pagué la luz,670.18,Consumo,Vivienda,Esencial,tarjeta de crédito,55.1,pagué la luz
20,Francisco Rojas,2026-07-01,2026-07-31,2026-07-05,despensa de la semana,57.44,Consumo,Alimentación,Esencial,efectivo,,despensa de la semana
20,Francisco Rojas,2026-07-01,2026-07-31,2026-07-05,Soriana,1234.11,Consumo,Alimentación,Esencial,transferencia bancaria,,soriana
20,Francisco Rojas,2026-07-01,2026-07-31,2026-07-05,cena fuera,222.17,Consumo,Entretenimiento y ocio,Discrecional,transferencia bancaria,,cena fuera
20,Francisco Rojas,2026-07-01,2026-07-31,2026-07-06,especialista,845.95,Consumo,Salud,Esencial,tarjeta de débito,,especialista
20,Francisco Rojas,2026-07-01,2026-07-31,2026-07-06,Chedraui,544.52,Consumo,Alimentación,Esencial,tarjeta de débito,,chedraui
20,Francisco Rojas,2026-07-01,2026-07-31,2026-07-06,bolsa,895.98,Consumo,Compras personales,Discrecional,tarjeta de crédito,57.2,bolsa
20,Francisco Rojas,2026-07-01,2026-07-31,2026-07-07,reparación de la casa,514.45,Consumo,Vivienda,Esencial,tarjeta de crédito,61.2,reparación de la casa
20,Francisco Rojas,2026-07-01,2026-07-31,2026-07-07,gas de la casa,3187.95,Consumo,Vivienda,Esencial,tarjeta de crédito,62.8,gas de la casa
20,Francisco Rojas,2026-07-01,2026-07-31,2026-07-08,lonche,1227.53,Consumo,Alimentación,Esencial,transferencia bancaria,,lonche
20,Francisco Rojas,2026-07-01,2026-07-31,2026-07-10,acciones,1280.45,Ahorro e inversión,,,transferencia bancaria,,acciones
20,Francisco Rojas,2026-07-01,2026-07-31,2026-07-11,compras de comida,540.94,Consumo,Alimentación,Esencial,efectivo,,compras de comida
20,Francisco Rojas,2026-07-01,2026-07-31,2026-07-13,mandado,2158.94,Consumo,Alimentación,Esencial,tarjeta de débito,,mandado
20,Francisco Rojas,2026-07-01,2026-07-31,2026-07-13,abarrotes,142.68,Consumo,Alimentación,Esencial,tarjeta de débito,,abarrotes
20,Francisco Rojas,2026-07-01,2026-07-31,2026-07-15,inversión GBM,3015.53,Ahorro e inversión,,,transferencia bancaria,,inversión gbm
20,Francisco Rojas,2026-07-01,2026-07-31,2026-07-15,gasto imprevisto,72.56,Consumo,Otros,,transferencia bancaria,,gasto imprevisto
20,Francisco Rojas,2026-07-01,2026-07-31,2026-07-15,nómina,39425.0,Ingreso,,,transferencia bancaria,,nómina
20,Francisco Rojas,2026-07-01,2026-07-31,2026-07-16,ingredientes para cocinar,1758.76,Consumo,Alimentación,Esencial,efectivo,,ingredientes para cocinar
20,Francisco Rojas,2026-07-01,2026-07-31,2026-07-18,chamarra,1121.41,Consumo,Compras personales,Discrecional,efectivo,,chamarra
20,Francisco Rojas,2026-07-01,2026-07-31,2026-07-20,despensa,980.95,Consumo,Alimentación,Esencial,transferencia bancaria,,despensa
20,Francisco Rojas,2026-07-01,2026-07-31,2026-07-20,compras de comida,4366.58,Consumo,Alimentación,Esencial,tarjeta de débito,,compras de comida
20,Francisco Rojas,2026-07-01,2026-07-31,2026-07-22,pollo,304.04,Consumo,Alimentación,Esencial,efectivo,,pollo
20,Francisco Rojas,2026-07-01,2026-07-31,2026-07-25,carne,3797.66,Consumo,Alimentación,Esencial,tarjeta de débito,,carne
20,Francisco Rojas,2026-07-01,2026-07-31,2026-07-25,pasaje,2726.54,Consumo,Transporte,Esencial,transferencia bancaria,,pasaje
20,Francisco Rojas,2026-07-01,2026-07-31,2026-07-26,estudios médicos,87.06,Consumo,Salud,Esencial,tarjeta de débito,,estudios médicos
20,Francisco Rojas,2026-07-01,2026-07-31,2026-07-26,recibo de luz,875.87,Consumo,Vivienda,Esencial,tarjeta de crédito,67.1,recibo de luz
20,Francisco Rojas,2026-07-01,2026-07-31,2026-07-26,pintura de la casa,506.7,Consumo,Vivienda,Esencial,efectivo,,pintura de la casa
20,Francisco Rojas,2026-07-01,2026-07-31,2026-07-26,concierto,226.46,Consumo,Entretenimiento y ocio,Discrecional,tarjeta de débito,,concierto
20,Francisco Rojas,2026-07-01,2026-07-31,2026-07-27,mercado,1803.06,Consumo,Alimentación,Esencial,tarjeta de crédito,36.5,mercado
20,Francisco Rojas,2026-07-01,2026-07-31,2026-07-28,pago de hipoteca,20958.44,Pago de deuda,,,transferencia bancaria,,pago de hipoteca
20,Francisco Rojas,2026-07-01,2026-07-31,2026-07-29,ultrasonido,408.23,Consumo,Salud,Esencial,tarjeta de crédito,60.3,ultrasonido
20,Francisco Rojas,2026-07-01,2026-07-31,2026-07-29,pasaje,4252.48,Consumo,Transporte,Esencial,tarjeta de crédito,38.0,pasaje
20,Francisco Rojas,2026-07-01,2026-07-31,2026-07-30,cargo bancario,1609.98,Consumo,Otros,,transferencia bancaria,,cargo bancario
20,Francisco Rojas,2026-07-01,2026-07-31,2026-07-30,pago de trabajo,39425.0,Ingreso,,,transferencia bancaria,,pago de trabajo
21,Carolina Vargas,2026-07-01,2026-07-31,2026-07-01,joyería,102.76,Consumo,Compras personales,Discrecional,tarjeta de crédito,49.9,joyería
21,Carolina Vargas,2026-07-01,2026-07-31,2026-07-02,pollo,365.98,Consumo,Alimentación,Esencial,tarjeta de débito,,pollo
21,Carolina Vargas,2026-07-01,2026-07-31,2026-07-03,comida,190.25,Consumo,Alimentación,Esencial,transferencia bancaria,,comida
21,Carolina Vargas,2026-07-01,2026-07-31,2026-07-04,vacaciones familiares,228.68,Consumo,Viajes y vacaciones,Discrecional,tarjeta de débito,,vacaciones familiares
21,Carolina Vargas,2026-07-01,2026-07-31,2026-07-05,accesorios,393.57,Consumo,Compras personales,Discrecional,tarjeta de crédito,60.3,accesorios
21,Carolina Vargas,2026-07-01,2026-07-31,2026-07-05,luz,196.03,Consumo,Vivienda,Esencial,tarjeta de débito,,luz
21,Carolina Vargas,2026-07-01,2026-07-31,2026-07-06,curso,260.85,Consumo,Educación,Esencial,transferencia bancaria,,curso
21,Carolina Vargas,2026-07-01,2026-07-31,2026-07-06,estudios médicos,144.81,Consumo,Salud,Esencial,tarjeta de débito,,estudios médicos
21,Carolina Vargas,2026-07-01,2026-07-31,2026-07-07,pan y tortillas,65.89,Consumo,Alimentación,Esencial,transferencia bancaria,,pan y tortillas
21,Carolina Vargas,2026-07-01,2026-07-31,2026-07-08,cremas,143.09,Consumo,Compras personales,Discrecional,tarjeta de débito,,cremas
21,Carolina Vargas,2026-07-01,2026-07-31,2026-07-09,mensualidad del coche,421.35,Pago de deuda,,,transferencia bancaria,,mensualidad del coche
21,Carolina Vargas,2026-07-01,2026-07-31,2026-07-10,llené el tanque,370.59,Consumo,Transporte,Esencial,efectivo,,llené el tanque
21,Carolina Vargas,2026-07-01,2026-07-31,2026-07-11,despensa de la semana,336.87,Consumo,Alimentación,Esencial,efectivo,,despensa de la semana
21,Carolina Vargas,2026-07-01,2026-07-31,2026-07-11,concierto,305.52,Consumo,Entretenimiento y ocio,Discrecional,transferencia bancaria,,concierto
21,Carolina Vargas,2026-07-01,2026-07-31,2026-07-12,ETF,100.0,Ahorro e inversión,,,transferencia bancaria,,etf
21,Carolina Vargas,2026-07-01,2026-07-31,2026-07-15,quincena,3435.19,Ingreso,,,transferencia bancaria,,quincena
21,Carolina Vargas,2026-07-01,2026-07-31,2026-07-20,Bodega Aurrera,146.15,Consumo,Alimentación,Esencial,efectivo,,bodega aurrera
21,Carolina Vargas,2026-07-01,2026-07-31,2026-07-20,cartera,104.75,Consumo,Compras personales,Discrecional,efectivo,,cartera
21,Carolina Vargas,2026-07-01,2026-07-31,2026-07-20,joyería,131.86,Consumo,Compras personales,Discrecional,transferencia bancaria,,joyería
21,Carolina Vargas,2026-07-01,2026-07-31,2026-07-21,cosméticos,93.07,Consumo,Compras personales,Discrecional,efectivo,,cosméticos
21,Carolina Vargas,2026-07-01,2026-07-31,2026-07-21,cafecito,55.53,Consumo,Entretenimiento y ocio,Discrecional,tarjeta de crédito,37.8,cafecito
21,Carolina Vargas,2026-07-01,2026-07-31,2026-07-21,pago de impuestos,227.54,Consumo,Otros,,efectivo,,pago de impuestos
21,Carolina Vargas,2026-07-01,2026-07-31,2026-07-22,comida para la casa,49.73,Consumo,Alimentación,Esencial,tarjeta de crédito,42.5,comida para la casa
21,Carolina Vargas,2026-07-01,2026-07-31,2026-07-24,didi,601.78,Consumo,Transporte,Esencial,tarjeta de débito,,didi
21,Carolina Vargas,2026-07-01,2026-07-31,2026-07-27,comida,269.9,Consumo,Alimentación,Esencial,tarjeta de crédito,45.4,comida
21,Carolina Vargas,2026-07-01,2026-07-31,2026-07-27,despensa de la semana,277.75,Consumo,Alimentación,Esencial,tarjeta de crédito,45.9,despensa de la semana
21,Carolina Vargas,2026-07-01,2026-07-31,2026-07-27,zapatos,107.51,Consumo,Compras personales,Discrecional,efectivo,,zapatos
21,Carolina Vargas,2026-07-01,2026-07-31,2026-07-28,Walmart,191.9,Consumo,Alimentación,Esencial,tarjeta de débito,,walmart
21,Carolina Vargas,2026-07-01,2026-07-31,2026-07-28,pescado,72.87,Consumo,Alimentación,Esencial,tarjeta de crédito,52.4,pescado
21,Carolina Vargas,2026-07-01,2026-07-31,2026-07-29,Walmart,364.07,Consumo,Alimentación,Esencial,tarjeta de débito,,walmart
21,Carolina Vargas,2026-07-01,2026-07-31,2026-07-29,teatro,193.89,Consumo,Entretenimiento y ocio,Discrecional,efectivo,,teatro
21,Carolina Vargas,2026-07-01,2026-07-31,2026-07-30,mensualidad del depa,547.62,Consumo,Vivienda,Esencial,tarjeta de crédito,44.0,mensualidad del depa
21,Carolina Vargas,2026-07-01,2026-07-31,2026-07-30,quincena,3435.19,Ingreso,,,transferencia bancaria,,quincena
21,Carolina Vargas,2026-07-01,2026-07-31,2026-07-31,comida,35.88,Consumo,Alimentación,Esencial,transferencia bancaria,,comida
21,Carolina Vargas,2026-07-01,2026-07-31,2026-07-31,tratamiento,41.73,Consumo,Salud,Esencial,transferencia bancaria,,tratamiento
22,Sergio Martínez,2026-07-01,2026-07-31,2026-07-01,zapatos,186.35,Consumo,Compras personales,Discrecional,transferencia bancaria,,zapatos
22,Sergio Martínez,2026-07-01,2026-07-31,2026-07-01,peaje,81.75,Consumo,Transporte,Esencial,tarjeta de débito,,peaje
22,Sergio Martínez,2026-07-01,2026-07-31,2026-07-04,llantas,48.48,Consumo,Transporte,Esencial,efectivo,,llantas
22,Sergio Martínez,2026-07-01,2026-07-31,2026-07-04,mantenimiento del depa,226.17,Consumo,Vivienda,Esencial,tarjeta de débito,,mantenimiento del depa
22,Sergio Martínez,2026-07-01,2026-07-31,2026-07-05,Chedraui,398.85,Consumo,Alimentación,Esencial,tarjeta de débito,,chedraui
22,Sergio Martínez,2026-07-01,2026-07-31,2026-07-07,frutas y verduras,167.5,Consumo,Alimentación,Esencial,tarjeta de crédito,49.9,frutas y verduras
22,Sergio Martínez,2026-07-01,2026-07-31,2026-07-07,pasajes de la semana,35.66,Consumo,Transporte,Esencial,tarjeta de crédito,55.9,pasajes de la semana
22,Sergio Martínez,2026-07-01,2026-07-31,2026-07-08,agua y refrescos,130.78,Consumo,Alimentación,Esencial,tarjeta de crédito,41.0,agua y refrescos
22,Sergio Martínez,2026-07-01,2026-07-31,2026-07-08,carga de gasolina,170.69,Consumo,Transporte,Esencial,tarjeta de débito,,carga de gasolina
22,Sergio Martínez,2026-07-01,2026-07-31,2026-07-10,comida para la casa,277.75,Consumo,Alimentación,Esencial,tarjeta de débito,,comida para la casa
22,Sergio Martínez,2026-07-01,2026-07-31,2026-07-10,servicio del coche,109.15,Consumo,Transporte,Esencial,tarjeta de débito,,servicio del coche
22,Sergio Martínez,2026-07-01,2026-07-31,2026-07-11,mascota,406.72,Consumo,Otros,,transferencia bancaria,,mascota
22,Sergio Martínez,2026-07-01,2026-07-31,2026-07-13,tablet,95.51,Consumo,Compras personales,Discrecional,efectivo,,tablet
22,Sergio Martínez,2026-07-01,2026-07-31,2026-07-13,seguro del coche,69.75,Consumo,Transporte,Esencial,tarjeta de crédito,65.4,seguro del coche
22,Sergio Martínez,2026-07-01,2026-07-31,2026-07-13,pasaje,73.11,Consumo,Transporte,Esencial,tarjeta de crédito,40.9,pasaje
22,Sergio Martínez,2026-07-01,2026-07-31,2026-07-13,recibo de luz,164.4,Consumo,Vivienda,Esencial,transferencia bancaria,,recibo de luz
22,Sergio Martínez,2026-07-01,2026-07-31,2026-07-14,recibo de luz,91.79,Consumo,Vivienda,Esencial,transferencia bancaria,,recibo de luz
22,Sergio Martínez,2026-07-01,2026-07-31,2026-07-15,comida para la casa,450.03,Consumo,Alimentación,Esencial,tarjeta de débito,,comida para la casa
22,Sergio Martínez,2026-07-01,2026-07-31,2026-07-15,metrobús,55.98,Consumo,Transporte,Esencial,tarjeta de crédito,36.3,metrobús
22,Sergio Martínez,2026-07-01,2026-07-31,2026-07-15,gas,127.79,Consumo,Vivienda,Esencial,efectivo,,gas
22,Sergio Martínez,2026-07-01,2026-07-31,2026-07-15,nómina,4649.44,Ingreso,,,transferencia bancaria,,nómina
22,Sergio Martínez,2026-07-01,2026-07-31,2026-07-16,Walmart,40.26,Consumo,Alimentación,Esencial,tarjeta de crédito,53.5,walmart
22,Sergio Martínez,2026-07-01,2026-07-31,2026-07-16,cambio de aceite,217.49,Consumo,Transporte,Esencial,tarjeta de crédito,38.7,cambio de aceite
22,Sergio Martínez,2026-07-01,2026-07-31,2026-07-19,cosméticos,206.93,Consumo,Compras personales,Discrecional,tarjeta de crédito,45.2,cosméticos
22,Sergio Martínez,2026-07-01,2026-07-31,2026-07-19,cambio de aceite,123.34,Consumo,Transporte,Esencial,tarjeta de crédito,55.0,cambio de aceite
22,Sergio Martínez,2026-07-01,2026-07-31,2026-07-20,Walmart,173.97,Consumo,Alimentación,Esencial,tarjeta de crédito,50.4,walmart
22,Sergio Martínez,2026-07-01,2026-07-31,2026-07-20,metro,123.48,Consumo,Transporte,Esencial,tarjeta de crédito,51.8,metro
22,Sergio Martínez,2026-07-01,2026-07-31,2026-07-21,reparación de la casa,143.07,Consumo,Vivienda,Esencial,transferencia bancaria,,reparación de la casa
22,Sergio Martínez,2026-07-01,2026-07-31,2026-07-22,pescado,585.61,Consumo,Alimentación,Esencial,tarjeta de débito,,pescado
22,Sergio Martínez,2026-07-01,2026-07-31,2026-07-22,útiles escolares,340.7,Consumo,Educación,Esencial,tarjeta de crédito,52.6,útiles escolares
22,Sergio Martínez,2026-07-01,2026-07-31,2026-07-22,salida con amigos,188.13,Consumo,Entretenimiento y ocio,Discrecional,tarjeta de débito,,salida con amigos
22,Sergio Martínez,2026-07-01,2026-07-31,2026-07-23,cosas del súper,444.28,Consumo,Alimentación,Esencial,tarjeta de débito,,cosas del súper
22,Sergio Martínez,2026-07-01,2026-07-31,2026-07-24,cosas del súper,320.17,Consumo,Alimentación,Esencial,transferencia bancaria,,cosas del súper
22,Sergio Martínez,2026-07-01,2026-07-31,2026-07-24,camión,38.46,Consumo,Transporte,Esencial,transferencia bancaria,,camión
22,Sergio Martínez,2026-07-01,2026-07-31,2026-07-25,pan y tortillas,326.91,Consumo,Alimentación,Esencial,transferencia bancaria,,pan y tortillas
22,Sergio Martínez,2026-07-01,2026-07-31,2026-07-25,regalo,69.09,Consumo,Compras personales,Discrecional,tarjeta de débito,,regalo
22,Sergio Martínez,2026-07-01,2026-07-31,2026-07-25,metro,284.01,Consumo,Transporte,Esencial,tarjeta de crédito,45.0,metro
22,Sergio Martínez,2026-07-01,2026-07-31,2026-07-25,pagué la luz,393.02,Consumo,Vivienda,Esencial,transferencia bancaria,,pagué la luz
22,Sergio Martínez,2026-07-01,2026-07-31,2026-07-26,cervezas con amigos,318.55,Consumo,Entretenimiento y ocio,Discrecional,tarjeta de débito,,cervezas con amigos
22,Sergio Martínez,2026-07-01,2026-07-31,2026-07-26,pago tarjeta Santander,369.49,Pago de deuda,,,transferencia bancaria,,pago tarjeta santander
22,Sergio Martínez,2026-07-01,2026-07-31,2026-07-27,súper,185.61,Consumo,Alimentación,Esencial,tarjeta de débito,,súper
22,Sergio Martínez,2026-07-01,2026-07-31,2026-07-27,compra en línea,496.4,Consumo,Compras personales,Discrecional,efectivo,,compra en línea
22,Sergio Martínez,2026-07-01,2026-07-31,2026-07-28,plomero,59.38,Consumo,Vivienda,Esencial,transferencia bancaria,,plomero
22,Sergio Martínez,2026-07-01,2026-07-31,2026-07-30,salario,4649.44,Ingreso,,,transferencia bancaria,,salario
23,Óscar Campos,2026-07-01,2026-07-31,2026-07-01,renta,1159.96,Consumo,Vivienda,Esencial,transferencia bancaria,,renta
23,Óscar Campos,2026-07-01,2026-07-31,2026-07-03,ingredientes para cocinar,487.38,Consumo,Alimentación,Esencial,transferencia bancaria,,ingredientes para cocinar
23,Óscar Campos,2026-07-01,2026-07-31,2026-07-04,pasaje,524.67,Consumo,Transporte,Esencial,tarjeta de débito,,pasaje
23,Óscar Campos,2026-07-01,2026-07-31,2026-07-04,Costco,143.65,Consumo,Alimentación,Esencial,tarjeta de débito,,costco
23,Óscar Campos,2026-07-01,2026-07-31,2026-07-05,casetas,156.83,Consumo,Transporte,Esencial,tarjeta de crédito,50.3,casetas
23,Óscar Campos,2026-07-01,2026-07-31,2026-07-06,material escolar,82.45,Consumo,Educación,Esencial,transferencia bancaria,,material escolar
23,Óscar Campos,2026-07-01,2026-07-31,2026-07-06,Walmart,365.29,Consumo,Alimentación,Esencial,tarjeta de débito,,walmart
23,Óscar Campos,2026-07-01,2026-07-31,2026-07-06,internet de la casa,95.46,Consumo,Vivienda,Esencial,tarjeta de débito,,internet de la casa
23,Óscar Campos,2026-07-01,2026-07-31,2026-07-07,compra en línea,1604.05,Consumo,Compras personales,Discrecional,tarjeta de crédito,58.2,compra en línea
23,Óscar Campos,2026-07-01,2026-07-31,2026-07-07,comida,282.73,Consumo,Alimentación,Esencial,transferencia bancaria,,comida
23,Óscar Campos,2026-07-01,2026-07-31,2026-07-07,comida,353.03,Consumo,Alimentación,Esencial,efectivo,,comida
23,Óscar Campos,2026-07-01,2026-07-31,2026-07-08,cuadernos,524.36,Consumo,Educación,Esencial,tarjeta de crédito,37.9,cuadernos
23,Óscar Campos,2026-07-01,2026-07-31,2026-07-08,luz,589.81,Consumo,Vivienda,Esencial,tarjeta de crédito,45.8,luz
23,Óscar Campos,2026-07-01,2026-07-31,2026-07-09,Walmart,911.8,Consumo,Alimentación,Esencial,efectivo,,walmart
23,Óscar Campos,2026-07-01,2026-07-31,2026-07-09,pan y tortillas,549.26,Consumo,Alimentación,Esencial,tarjeta de crédito,61.6,pan y tortillas
23,Óscar Campos,2026-07-01,2026-07-31,2026-07-09,Bodega Aurrera,109.07,Consumo,Alimentación,Esencial,tarjeta de débito,,bodega aurrera
23,Óscar Campos,2026-07-01,2026-07-31,2026-07-09,medicinas,388.2,Consumo,Salud,Esencial,transferencia bancaria,,medicinas
23,Óscar Campos,2026-07-01,2026-07-31,2026-07-09,mensualidad del coche,1399.73,Pago de deuda,,,transferencia bancaria,,mensualidad del coche
23,Óscar Campos,2026-07-01,2026-07-31,2026-07-12,transferencia a ahorro,100.0,Ahorro e inversión,,,transferencia bancaria,,transferencia a ahorro
23,Óscar Campos,2026-07-01,2026-07-31,2026-07-15,metro,1091.89,Consumo,Transporte,Esencial,tarjeta de crédito,65.0,metro
23,Óscar Campos,2026-07-01,2026-07-31,2026-07-15,teatro,209.82,Consumo,Entretenimiento y ocio,Discrecional,transferencia bancaria,,teatro
23,Óscar Campos,2026-07-01,2026-07-31,2026-07-15,consulta dental,94.5,Consumo,Salud,Esencial,tarjeta de débito,,consulta dental
23,Óscar Campos,2026-07-01,2026-07-31,2026-07-15,quincena,7833.48,Ingreso,,,transferencia bancaria,,quincena
23,Óscar Campos,2026-07-01,2026-07-31,2026-07-16,bonos gubernamentales,232.04,Ahorro e inversión,,,transferencia bancaria,,bonos gubernamentales
23,Óscar Campos,2026-07-01,2026-07-31,2026-07-16,pan y tortillas,640.19,Consumo,Alimentación,Esencial,transferencia bancaria,,pan y tortillas
23,Óscar Campos,2026-07-01,2026-07-31,2026-07-20,Soriana,661.04,Consumo,Alimentación,Esencial,transferencia bancaria,,soriana
23,Óscar Campos,2026-07-01,2026-07-31,2026-07-23,pasaje,348.42,Consumo,Transporte,Esencial,tarjeta de crédito,40.0,pasaje
23,Óscar Campos,2026-07-01,2026-07-31,2026-07-23,taxi,144.59,Consumo,Transporte,Esencial,tarjeta de débito,,taxi
23,Óscar Campos,2026-07-01,2026-07-31,2026-07-27,teatro,142.77,Consumo,Entretenimiento y ocio,Discrecional,efectivo,,teatro
23,Óscar Campos,2026-07-01,2026-07-31,2026-07-30,pago de trabajo,7833.48,Ingreso,,,transferencia bancaria,,pago de trabajo
23,Óscar Campos,2026-07-01,2026-07-31,2026-07-31,llantas,268.33,Consumo,Transporte,Esencial,transferencia bancaria,,llantas
23,Óscar Campos,2026-07-01,2026-07-31,2026-07-31,comida fuera,343.8,Consumo,Entretenimiento y ocio,Discrecional,transferencia bancaria,,comida fuera
23,Óscar Campos,2026-07-01,2026-07-31,2026-07-31,leche y huevos,1148.63,Consumo,Alimentación,Esencial,efectivo,,leche y huevos
24,Irene Cárdenas,2026-07-01,2026-07-31,2026-07-02,despensa de la semana,166.31,Consumo,Alimentación,Esencial,transferencia bancaria,,despensa de la semana
24,Irene Cárdenas,2026-07-01,2026-07-31,2026-07-04,terapia,168.93,Consumo,Salud,Esencial,transferencia bancaria,,terapia
24,Irene Cárdenas,2026-07-01,2026-07-31,2026-07-05,leche y huevos,140.92,Consumo,Alimentación,Esencial,tarjeta de débito,,leche y huevos
24,Irene Cárdenas,2026-07-01,2026-07-31,2026-07-05,agua y refrescos,214.99,Consumo,Alimentación,Esencial,tarjeta de crédito,42.1,agua y refrescos
24,Irene Cárdenas,2026-07-01,2026-07-31,2026-07-06,apartado de ahorro,117.95,Ahorro e inversión,,,transferencia bancaria,,apartado de ahorro
24,Irene Cárdenas,2026-07-01,2026-07-31,2026-07-06,despensa,267.03,Consumo,Alimentación,Esencial,tarjeta de débito,,despensa
24,Irene Cárdenas,2026-07-01,2026-07-31,2026-07-06,despensa,110.42,Consumo,Alimentación,Esencial,tarjeta de débito,,despensa
24,Irene Cárdenas,2026-07-01,2026-07-31,2026-07-06,metro,44.18,Consumo,Transporte,Esencial,tarjeta de crédito,46.1,metro
24,Irene Cárdenas,2026-07-01,2026-07-31,2026-07-07,uber,128.78,Consumo,Transporte,Esencial,efectivo,,uber
24,Irene Cárdenas,2026-07-01,2026-07-31,2026-07-07,proyecto independiente,1146.89,Ingreso,,,efectivo,,proyecto independiente
24,Irene Cárdenas,2026-07-01,2026-07-31,2026-07-08,pescado,109.58,Consumo,Alimentación,Esencial,transferencia bancaria,,pescado
24,Irene Cárdenas,2026-07-01,2026-07-31,2026-07-10,despensa de la semana,296.84,Consumo,Alimentación,Esencial,tarjeta de débito,,despensa de la semana
24,Irene Cárdenas,2026-07-01,2026-07-31,2026-07-11,pagaré bancario,103.52,Ahorro e inversión,,,transferencia bancaria,,pagaré bancario
24,Irene Cárdenas,2026-07-01,2026-07-31,2026-07-11,pago de proyecto,4996.42,Ingreso,,,efectivo,,pago de proyecto
24,Irene Cárdenas,2026-07-01,2026-07-31,2026-07-12,agua y refrescos,68.53,Consumo,Alimentación,Esencial,tarjeta de débito,,agua y refrescos
24,Irene Cárdenas,2026-07-01,2026-07-31,2026-07-12,cuadernos,249.19,Consumo,Educación,Esencial,tarjeta de crédito,48.4,cuadernos
24,Irene Cárdenas,2026-07-01,2026-07-31,2026-07-12,cliente freelance,3343.52,Ingreso,,,transferencia bancaria,,cliente freelance
24,Irene Cárdenas,2026-07-01,2026-07-31,2026-07-15,pantalón,1145.24,Consumo,Compras personales,Discrecional,tarjeta de crédito,38.3,pantalón
24,Irene Cárdenas,2026-07-01,2026-07-31,2026-07-15,Chedraui,1232.64,Consumo,Alimentación,Esencial,transferencia bancaria,,chedraui
24,Irene Cárdenas,2026-07-01,2026-07-31,2026-07-16,súper,342.77,Consumo,Alimentación,Esencial,tarjeta de débito,,súper
24,Irene Cárdenas,2026-07-01,2026-07-31,2026-07-17,transferencia recibida,4435.51,Ingreso,,,transferencia bancaria,,transferencia recibida
24,Irene Cárdenas,2026-07-01,2026-07-31,2026-07-19,estacionamiento,35.44,Consumo,Transporte,Esencial,tarjeta de crédito,64.5,estacionamiento
24,Irene Cárdenas,2026-07-01,2026-07-31,2026-07-20,cuadernos,190.84,Consumo,Educación,Esencial,tarjeta de crédito,51.2,cuadernos
24,Irene Cárdenas,2026-07-01,2026-07-31,2026-07-21,comida,141.6,Consumo,Alimentación,Esencial,tarjeta de crédito,64.9,comida
24,Irene Cárdenas,2026-07-01,2026-07-31,2026-07-21,abono a préstamo,734.88,Pago de deuda,,,transferencia bancaria,,abono a préstamo
24,Irene Cárdenas,2026-07-01,2026-07-31,2026-07-23,lonche,400.4,Consumo,Alimentación,Esencial,transferencia bancaria,,lonche
24,Irene Cárdenas,2026-07-01,2026-07-31,2026-07-23,libros escolares,46.35,Consumo,Educación,Esencial,transferencia bancaria,,libros escolares
24,Irene Cárdenas,2026-07-01,2026-07-31,2026-07-24,pago tarjeta BBVA,334.63,Pago de deuda,,,transferencia bancaria,,pago tarjeta bbva
24,Irene Cárdenas,2026-07-01,2026-07-31,2026-07-25,carne,457.88,Consumo,Alimentación,Esencial,efectivo,,carne
24,Irene Cárdenas,2026-07-01,2026-07-31,2026-07-26,lonche,390.04,Consumo,Alimentación,Esencial,tarjeta de crédito,54.7,lonche
24,Irene Cárdenas,2026-07-01,2026-07-31,2026-07-26,casetas,308.09,Consumo,Transporte,Esencial,tarjeta de crédito,69.7,casetas
24,Irene Cárdenas,2026-07-01,2026-07-31,2026-07-27,fondo indexado,359.05,Ahorro e inversión,,,transferencia bancaria,,fondo indexado
24,Irene Cárdenas,2026-07-01,2026-07-31,2026-07-27,hotel,240.43,Consumo,Viajes y vacaciones,Discrecional,efectivo,,hotel
24,Irene Cárdenas,2026-07-01,2026-07-31,2026-07-28,despensa de la semana,52.24,Consumo,Alimentación,Esencial,efectivo,,despensa de la semana
24,Irene Cárdenas,2026-07-01,2026-07-31,2026-07-28,gasolina,1181.99,Consumo,Transporte,Esencial,tarjeta de débito,,gasolina
24,Irene Cárdenas,2026-07-01,2026-07-31,2026-07-29,cosas del súper,51.35,Consumo,Alimentación,Esencial,efectivo,,cosas del súper
24,Irene Cárdenas,2026-07-01,2026-07-31,2026-07-29,medicamentos,150.83,Consumo,Salud,Esencial,tarjeta de crédito,47.0,medicamentos
24,Irene Cárdenas,2026-07-01,2026-07-31,2026-07-29,cargo bancario,491.08,Consumo,Otros,,efectivo,,cargo bancario
24,Irene Cárdenas,2026-07-01,2026-07-31,2026-07-29,pasajes de la semana,89.62,Consumo,Transporte,Esencial,efectivo,,pasajes de la semana
24,Irene Cárdenas,2026-07-01,2026-07-31,2026-07-30,despensa,345.15,Consumo,Alimentación,Esencial,efectivo,,despensa
24,Irene Cárdenas,2026-07-01,2026-07-31,2026-07-30,gasolina,252.34,Consumo,Transporte,Esencial,transferencia bancaria,,gasolina
24,Irene Cárdenas,2026-07-01,2026-07-31,2026-07-31,muebles para la casa,1442.73,Consumo,Vivienda,Esencial,tarjeta de débito,,muebles para la casa
25,Leticia Flores,2026-07-01,2026-07-31,2026-07-02,donación,263.38,Consumo,Otros,,tarjeta de crédito,59.2,donación
25,Leticia Flores,2026-07-01,2026-07-31,2026-07-02,PlayStation Plus,35.12,Consumo,Suscripciones digitales,Discrecional,tarjeta de crédito,62.4,playstation plus
25,Leticia Flores,2026-07-01,2026-07-31,2026-07-04,inscripción,47.46,Consumo,Educación,Esencial,tarjeta de débito,,inscripción
25,Leticia Flores,2026-07-01,2026-07-31,2026-07-05,acciones,156.89,Ahorro e inversión,,,transferencia bancaria,,acciones
25,Leticia Flores,2026-07-01,2026-07-31,2026-07-05,pintura de la casa,1079.63,Consumo,Vivienda,Esencial,tarjeta de crédito,54.1,pintura de la casa
25,Leticia Flores,2026-07-01,2026-07-31,2026-07-06,agua y refrescos,127.69,Consumo,Alimentación,Esencial,tarjeta de débito,,agua y refrescos
25,Leticia Flores,2026-07-01,2026-07-31,2026-07-08,documentos,62.07,Consumo,Otros,,tarjeta de débito,,documentos
25,Leticia Flores,2026-07-01,2026-07-31,2026-07-08,pago mínimo de tarjeta,616.51,Pago de deuda,,,transferencia bancaria,,pago mínimo de tarjeta
25,Leticia Flores,2026-07-01,2026-07-31,2026-07-09,ETF,337.55,Ahorro e inversión,,,transferencia bancaria,,etf
25,Leticia Flores,2026-07-01,2026-07-31,2026-07-09,mensualidad de la escuela,361.6,Consumo,Educación,Esencial,tarjeta de crédito,50.3,mensualidad de la escuela
25,Leticia Flores,2026-07-01,2026-07-31,2026-07-10,despensa,489.46,Consumo,Alimentación,Esencial,tarjeta de débito,,despensa
25,Leticia Flores,2026-07-01,2026-07-31,2026-07-10,vestido,815.02,Consumo,Compras personales,Discrecional,tarjeta de débito,,vestido
25,Leticia Flores,2026-07-01,2026-07-31,2026-07-12,material escolar,56.35,Consumo,Educación,Esencial,tarjeta de débito,,material escolar
25,Leticia Flores,2026-07-01,2026-07-31,2026-07-12,despensa,1637.89,Consumo,Alimentación,Esencial,efectivo,,despensa
25,Leticia Flores,2026-07-01,2026-07-31,2026-07-12,Walmart,367.05,Consumo,Alimentación,Esencial,tarjeta de crédito,53.4,walmart
25,Leticia Flores,2026-07-01,2026-07-31,2026-07-14,diplomado,238.13,Consumo,Educación,Esencial,tarjeta de crédito,51.7,diplomado
25,Leticia Flores,2026-07-01,2026-07-31,2026-07-14,recibo de agua,107.62,Consumo,Vivienda,Esencial,tarjeta de crédito,43.1,recibo de agua
25,Leticia Flores,2026-07-01,2026-07-31,2026-07-15,sueldo,5716.66,Ingreso,,,transferencia bancaria,,sueldo
25,Leticia Flores,2026-07-01,2026-07-31,2026-07-19,carne,77.61,Consumo,Alimentación,Esencial,tarjeta de débito,,carne
25,Leticia Flores,2026-07-01,2026-07-31,2026-07-19,YouTube Premium,138.96,Consumo,Suscripciones digitales,Discrecional,tarjeta de débito,,youtube premium
25,Leticia Flores,2026-07-01,2026-07-31,2026-07-21,antro,362.0,Consumo,Entretenimiento y ocio,Discrecional,efectivo,,antro
25,Leticia Flores,2026-07-01,2026-07-31,2026-07-21,pago de tarjeta,496.56,Pago de deuda,,,transferencia bancaria,,pago de tarjeta
25,Leticia Flores,2026-07-01,2026-07-31,2026-07-22,material escolar,241.52,Consumo,Educación,Esencial,tarjeta de crédito,57.7,material escolar
25,Leticia Flores,2026-07-01,2026-07-31,2026-07-25,excursión,99.92,Consumo,Viajes y vacaciones,Discrecional,tarjeta de débito,,excursión
25,Leticia Flores,2026-07-01,2026-07-31,2026-07-26,fondo indexado,109.04,Ahorro e inversión,,,transferencia bancaria,,fondo indexado
25,Leticia Flores,2026-07-01,2026-07-31,2026-07-27,hotel,66.91,Consumo,Viajes y vacaciones,Discrecional,tarjeta de débito,,hotel
25,Leticia Flores,2026-07-01,2026-07-31,2026-07-27,leche y huevos,97.16,Consumo,Alimentación,Esencial,tarjeta de débito,,leche y huevos
25,Leticia Flores,2026-07-01,2026-07-31,2026-07-27,reparación del coche,1491.47,Consumo,Transporte,Esencial,tarjeta de crédito,55.3,reparación del coche
25,Leticia Flores,2026-07-01,2026-07-31,2026-07-28,compras de comida,355.66,Consumo,Alimentación,Esencial,tarjeta de crédito,47.6,compras de comida
25,Leticia Flores,2026-07-01,2026-07-31,2026-07-30,quincena,5716.66,Ingreso,,,transferencia bancaria,,quincena
25,Leticia Flores,2026-07-01,2026-07-31,2026-07-31,comisión bancaria,52.18,Consumo,Otros,,transferencia bancaria,,comisión bancaria
25,Leticia Flores,2026-07-01,2026-07-31,2026-07-31,leche y huevos,235.95,Consumo,Alimentación,Esencial,transferencia bancaria,,leche y huevos
25,Leticia Flores,2026-07-01,2026-07-31,2026-07-31,cafecito,100.96,Consumo,Entretenimiento y ocio,Discrecional,tarjeta de débito,,cafecito
26,Valeria Martínez,2026-07-01,2026-07-31,2026-07-01,llené el tanque,189.76,Consumo,Transporte,Esencial,transferencia bancaria,,llené el tanque
26,Valeria Martínez,2026-07-01,2026-07-31,2026-07-02,despensa,771.26,Consumo,Alimentación,Esencial,tarjeta de débito,,despensa
26,Valeria Martínez,2026-07-01,2026-07-31,2026-07-03,pago de renta,668.17,Consumo,Vivienda,Esencial,efectivo,,pago de renta
26,Valeria Martínez,2026-07-01,2026-07-31,2026-07-04,Bodega Aurrera,937.93,Consumo,Alimentación,Esencial,efectivo,,bodega aurrera
26,Valeria Martínez,2026-07-01,2026-07-31,2026-07-04,regalo para alguien,1236.69,Consumo,Otros,,transferencia bancaria,,regalo para alguien
26,Valeria Martínez,2026-07-01,2026-07-31,2026-07-07,compras de comida,525.95,Consumo,Alimentación,Esencial,tarjeta de débito,,compras de comida
26,Valeria Martínez,2026-07-01,2026-07-31,2026-07-08,metro,864.14,Consumo,Transporte,Esencial,tarjeta de crédito,38.3,metro
26,Valeria Martínez,2026-07-01,2026-07-31,2026-07-10,zapatos,163.22,Consumo,Compras personales,Discrecional,efectivo,,zapatos
26,Valeria Martínez,2026-07-01,2026-07-31,2026-07-10,metrobús,460.46,Consumo,Transporte,Esencial,tarjeta de débito,,metrobús
26,Valeria Martínez,2026-07-01,2026-07-31,2026-07-11,comida,1135.69,Consumo,Alimentación,Esencial,efectivo,,comida
26,Valeria Martínez,2026-07-01,2026-07-31,2026-07-12,reparación del coche,91.43,Consumo,Transporte,Esencial,efectivo,,reparación del coche
26,Valeria Martínez,2026-07-01,2026-07-31,2026-07-15,Soriana,744.9,Consumo,Alimentación,Esencial,efectivo,,soriana
26,Valeria Martínez,2026-07-01,2026-07-31,2026-07-15,salario,17965.37,Ingreso,,,transferencia bancaria,,salario
26,Valeria Martínez,2026-07-01,2026-07-31,2026-07-16,fondo de inversión,2901.17,Ahorro e inversión,,,transferencia bancaria,,fondo de inversión
26,Valeria Martínez,2026-07-01,2026-07-31,2026-07-16,pescado,245.82,Consumo,Alimentación,Esencial,tarjeta de crédito,38.6,pescado
26,Valeria Martínez,2026-07-01,2026-07-31,2026-07-16,reparación del coche,464.36,Consumo,Transporte,Esencial,transferencia bancaria,,reparación del coche
26,Valeria Martínez,2026-07-01,2026-07-31,2026-07-17,despensa,292.87,Consumo,Alimentación,Esencial,tarjeta de débito,,despensa
26,Valeria Martínez,2026-07-01,2026-07-31,2026-07-17,cambio de aceite,53.14,Consumo,Transporte,Esencial,tarjeta de crédito,60.2,cambio de aceite
26,Valeria Martínez,2026-07-01,2026-07-31,2026-07-18,compras de comida,815.58,Consumo,Alimentación,Esencial,tarjeta de crédito,37.5,compras de comida
26,Valeria Martínez,2026-07-01,2026-07-31,2026-07-18,comida,501.27,Consumo,Alimentación,Esencial,tarjeta de débito,,comida
26,Valeria Martínez,2026-07-01,2026-07-31,2026-07-18,carne,2082.02,Consumo,Alimentación,Esencial,tarjeta de débito,,carne
26,Valeria Martínez,2026-07-01,2026-07-31,2026-07-19,lonche,143.33,Consumo,Alimentación,Esencial,transferencia bancaria,,lonche
26,Valeria Martínez,2026-07-01,2026-07-31,2026-07-19,cuota de condominio,2853.72,Consumo,Vivienda,Esencial,transferencia bancaria,,cuota de condominio
26,Valeria Martínez,2026-07-01,2026-07-31,2026-07-20,accesorios,2441.63,Consumo,Compras personales,Discrecional,tarjeta de débito,,accesorios
26,Valeria Martínez,2026-07-01,2026-07-31,2026-07-20,metro,315.86,Consumo,Transporte,Esencial,transferencia bancaria,,metro
26,Valeria Martínez,2026-07-01,2026-07-31,2026-07-21,despensa de la semana,421.77,Consumo,Alimentación,Esencial,tarjeta de débito,,despensa de la semana
26,Valeria Martínez,2026-07-01,2026-07-31,2026-07-22,pescado,526.55,Consumo,Alimentación,Esencial,efectivo,,pescado
26,Valeria Martínez,2026-07-01,2026-07-31,2026-07-24,despensa,629.38,Consumo,Alimentación,Esencial,tarjeta de débito,,despensa
26,Valeria Martínez,2026-07-01,2026-07-31,2026-07-24,comida para la casa,387.76,Consumo,Alimentación,Esencial,tarjeta de crédito,46.4,comida para la casa
26,Valeria Martínez,2026-07-01,2026-07-31,2026-07-24,gasolina,132.09,Consumo,Transporte,Esencial,tarjeta de crédito,58.5,gasolina
26,Valeria Martínez,2026-07-01,2026-07-31,2026-07-25,Netflix,514.9,Consumo,Suscripciones digitales,Discrecional,efectivo,,netflix
26,Valeria Martínez,2026-07-01,2026-07-31,2026-07-25,gasolina,729.22,Consumo,Transporte,Esencial,transferencia bancaria,,gasolina
26,Valeria Martínez,2026-07-01,2026-07-31,2026-07-26,pescado,332.17,Consumo,Alimentación,Esencial,tarjeta de débito,,pescado
26,Valeria Martínez,2026-07-01,2026-07-31,2026-07-26,didi,225.59,Consumo,Transporte,Esencial,tarjeta de débito,,didi
26,Valeria Martínez,2026-07-01,2026-07-31,2026-07-27,vestido,78.6,Consumo,Compras personales,Discrecional,tarjeta de débito,,vestido
26,Valeria Martínez,2026-07-01,2026-07-31,2026-07-27,casetas,58.25,Consumo,Transporte,Esencial,tarjeta de crédito,58.8,casetas
26,Valeria Martínez,2026-07-01,2026-07-31,2026-07-28,carga de gasolina,426.71,Consumo,Transporte,Esencial,tarjeta de débito,,carga de gasolina
26,Valeria Martínez,2026-07-01,2026-07-31,2026-07-29,abarrotes,1143.69,Consumo,Alimentación,Esencial,tarjeta de débito,,abarrotes
26,Valeria Martínez,2026-07-01,2026-07-31,2026-07-29,frutas y verduras,650.52,Consumo,Alimentación,Esencial,tarjeta de débito,,frutas y verduras
26,Valeria Martínez,2026-07-01,2026-07-31,2026-07-29,libros,1094.7,Consumo,Educación,Esencial,tarjeta de débito,,libros
26,Valeria Martínez,2026-07-01,2026-07-31,2026-07-29,pago de hipoteca,1410.51,Pago de deuda,,,transferencia bancaria,,pago de hipoteca
26,Valeria Martínez,2026-07-01,2026-07-31,2026-07-30,tablet,216.28,Consumo,Compras personales,Discrecional,tarjeta de débito,,tablet
26,Valeria Martínez,2026-07-01,2026-07-31,2026-07-30,casetas,550.89,Consumo,Transporte,Esencial,transferencia bancaria,,casetas
26,Valeria Martínez,2026-07-01,2026-07-31,2026-07-30,salario,17965.37,Ingreso,,,transferencia bancaria,,salario
27,Héctor Méndez,2026-07-01,2026-07-31,2026-07-02,agua y refrescos,1176.2,Consumo,Alimentación,Esencial,efectivo,,agua y refrescos
27,Héctor Méndez,2026-07-01,2026-07-31,2026-07-02,certificación,713.44,Consumo,Educación,Esencial,tarjeta de crédito,68.9,certificación
27,Héctor Méndez,2026-07-01,2026-07-31,2026-07-03,comida para la casa,1116.45,Consumo,Alimentación,Esencial,tarjeta de débito,,comida para la casa
27,Héctor Méndez,2026-07-01,2026-07-31,2026-07-06,excursión,300.37,Consumo,Viajes y vacaciones,Discrecional,transferencia bancaria,,excursión
27,Héctor Méndez,2026-07-01,2026-07-31,2026-07-07,agua,1224.92,Consumo,Vivienda,Esencial,efectivo,,agua
27,Héctor Méndez,2026-07-01,2026-07-31,2026-07-07,reloj,628.82,Consumo,Compras personales,Discrecional,transferencia bancaria,,reloj
27,Héctor Méndez,2026-07-01,2026-07-31,2026-07-10,vacunas,528.97,Consumo,Salud,Esencial,efectivo,,vacunas
27,Héctor Méndez,2026-07-01,2026-07-31,2026-07-12,comida,685.13,Consumo,Alimentación,Esencial,tarjeta de débito,,comida
27,Héctor Méndez,2026-07-01,2026-07-31,2026-07-13,cambio de aceite,1295.44,Consumo,Transporte,Esencial,transferencia bancaria,,cambio de aceite
27,Héctor Méndez,2026-07-01,2026-07-31,2026-07-13,joyería,176.8,Consumo,Compras personales,Discrecional,tarjeta de crédito,55.4,joyería
27,Héctor Méndez,2026-07-01,2026-07-31,2026-07-13,abono a tarjeta,531.07,Pago de deuda,,,transferencia bancaria,,abono a tarjeta
27,Héctor Méndez,2026-07-01,2026-07-31,2026-07-14,ingredientes para cocinar,102.89,Consumo,Alimentación,Esencial,tarjeta de débito,,ingredientes para cocinar
27,Héctor Méndez,2026-07-01,2026-07-31,2026-07-14,Bodega Aurrera,50.3,Consumo,Alimentación,Esencial,efectivo,,bodega aurrera
27,Héctor Méndez,2026-07-01,2026-07-31,2026-07-15,nómina,11896.79,Ingreso,,,transferencia bancaria,,nómina
27,Héctor Méndez,2026-07-01,2026-07-31,2026-07-17,súper,649.44,Consumo,Alimentación,Esencial,tarjeta de crédito,61.4,súper
27,Héctor Méndez,2026-07-01,2026-07-31,2026-07-18,mantenimiento del depa,786.76,Consumo,Vivienda,Esencial,efectivo,,mantenimiento del depa
27,Héctor Méndez,2026-07-01,2026-07-31,2026-07-19,Spotify,300.01,Consumo,Suscripciones digitales,Discrecional,tarjeta de débito,,spotify
27,Héctor Méndez,2026-07-01,2026-07-31,2026-07-20,Walmart,661.92,Consumo,Alimentación,Esencial,tarjeta de crédito,42.7,walmart
27,Héctor Méndez,2026-07-01,2026-07-31,2026-07-20,gasolina,1423.37,Consumo,Transporte,Esencial,efectivo,,gasolina
27,Héctor Méndez,2026-07-01,2026-07-31,2026-07-22,comida,57.12,Consumo,Alimentación,Esencial,tarjeta de débito,,comida
27,Héctor Méndez,2026-07-01,2026-07-31,2026-07-23,compras de comida,71.59,Consumo,Alimentación,Esencial,efectivo,,compras de comida
27,Héctor Méndez,2026-07-01,2026-07-31,2026-07-24,compras de comida,1028.93,Consumo,Alimentación,Esencial,tarjeta de crédito,49.4,compras de comida
27,Héctor Méndez,2026-07-01,2026-07-31,2026-07-24,regalo,773.25,Consumo,Compras personales,Discrecional,transferencia bancaria,,regalo
27,Héctor Méndez,2026-07-01,2026-07-31,2026-07-25,carne,405.41,Consumo,Alimentación,Esencial,tarjeta de débito,,carne
27,Héctor Méndez,2026-07-01,2026-07-31,2026-07-25,Bodega Aurrera,678.8,Consumo,Alimentación,Esencial,tarjeta de débito,,bodega aurrera
27,Héctor Méndez,2026-07-01,2026-07-31,2026-07-26,apartado de ahorro,775.11,Ahorro e inversión,,,transferencia bancaria,,apartado de ahorro
27,Héctor Méndez,2026-07-01,2026-07-31,2026-07-26,comida,331.46,Consumo,Alimentación,Esencial,tarjeta de débito,,comida
27,Héctor Méndez,2026-07-01,2026-07-31,2026-07-27,muebles para la casa,106.99,Consumo,Vivienda,Esencial,tarjeta de débito,,muebles para la casa
27,Héctor Méndez,2026-07-01,2026-07-31,2026-07-29,uber,400.01,Consumo,Transporte,Esencial,tarjeta de crédito,63.4,uber
27,Héctor Méndez,2026-07-01,2026-07-31,2026-07-30,quincena,11896.79,Ingreso,,,transferencia bancaria,,quincena
28,Andrea Reyes,2026-07-01,2026-07-31,2026-07-01,abarrotes,173.99,Consumo,Alimentación,Esencial,tarjeta de crédito,70.0,abarrotes
28,Andrea Reyes,2026-07-01,2026-07-31,2026-07-02,CETES Directo,1593.61,Ahorro e inversión,,,transferencia bancaria,,cetes directo
28,Andrea Reyes,2026-07-01,2026-07-31,2026-07-03,mensualidad de la escuela,198.8,Consumo,Educación,Esencial,tarjeta de débito,,mensualidad de la escuela
28,Andrea Reyes,2026-07-01,2026-07-31,2026-07-03,gasto imprevisto,232.6,Consumo,Otros,,tarjeta de crédito,69.2,gasto imprevisto
28,Andrea Reyes,2026-07-01,2026-07-31,2026-07-04,mercado,674.44,Consumo,Alimentación,Esencial,efectivo,,mercado
28,Andrea Reyes,2026-07-01,2026-07-31,2026-07-04,cambio de aceite,1744.46,Consumo,Transporte,Esencial,tarjeta de débito,,cambio de aceite
28,Andrea Reyes,2026-07-01,2026-07-31,2026-07-05,mandado,35.59,Consumo,Alimentación,Esencial,tarjeta de débito,,mandado
28,Andrea Reyes,2026-07-01,2026-07-31,2026-07-05,mensualidad del coche,250.77,Pago de deuda,,,transferencia bancaria,,mensualidad del coche
28,Andrea Reyes,2026-07-01,2026-07-31,2026-07-07,domingo de paseo,143.7,Consumo,Entretenimiento y ocio,Discrecional,efectivo,,domingo de paseo
28,Andrea Reyes,2026-07-01,2026-07-31,2026-07-07,despensa de la semana,489.47,Consumo,Alimentación,Esencial,transferencia bancaria,,despensa de la semana
28,Andrea Reyes,2026-07-01,2026-07-31,2026-07-07,Walmart,456.07,Consumo,Alimentación,Esencial,transferencia bancaria,,walmart
28,Andrea Reyes,2026-07-01,2026-07-31,2026-07-08,boletos de avión,102.76,Consumo,Viajes y vacaciones,Discrecional,tarjeta de débito,,boletos de avión
28,Andrea Reyes,2026-07-01,2026-07-31,2026-07-08,gas,63.02,Consumo,Vivienda,Esencial,tarjeta de crédito,36.5,gas
28,Andrea Reyes,2026-07-01,2026-07-31,2026-07-09,Apple Music,273.42,Consumo,Suscripciones digitales,Discrecional,efectivo,,apple music
28,Andrea Reyes,2026-07-01,2026-07-31,2026-07-10,internet de la casa,567.15,Consumo,Vivienda,Esencial,transferencia bancaria,,internet de la casa
28,Andrea Reyes,2026-07-01,2026-07-31,2026-07-11,llené el tanque,634.74,Consumo,Transporte,Esencial,efectivo,,llené el tanque
28,Andrea Reyes,2026-07-01,2026-07-31,2026-07-12,medicamentos,1086.19,Consumo,Salud,Esencial,tarjeta de débito,,medicamentos
28,Andrea Reyes,2026-07-01,2026-07-31,2026-07-12,frutas y verduras,123.11,Consumo,Alimentación,Esencial,tarjeta de débito,,frutas y verduras
28,Andrea Reyes,2026-07-01,2026-07-31,2026-07-14,pintura de la casa,208.92,Consumo,Vivienda,Esencial,tarjeta de crédito,49.4,pintura de la casa
28,Andrea Reyes,2026-07-01,2026-07-31,2026-07-14,pago tarjeta BBVA,670.99,Pago de deuda,,,transferencia bancaria,,pago tarjeta bbva
28,Andrea Reyes,2026-07-01,2026-07-31,2026-07-15,nómina,10341.75,Ingreso,,,transferencia bancaria,,nómina
28,Andrea Reyes,2026-07-01,2026-07-31,2026-07-16,pollo,130.02,Consumo,Alimentación,Esencial,tarjeta de débito,,pollo
28,Andrea Reyes,2026-07-01,2026-07-31,2026-07-16,despensa,171.6,Consumo,Alimentación,Esencial,efectivo,,despensa
28,Andrea Reyes,2026-07-01,2026-07-31,2026-07-16,pago automotriz,258.03,Pago de deuda,,,transferencia bancaria,,pago automotriz
28,Andrea Reyes,2026-07-01,2026-07-31,2026-07-17,despensa,1256.95,Consumo,Alimentación,Esencial,tarjeta de crédito,52.1,despensa
28,Andrea Reyes,2026-07-01,2026-07-31,2026-07-17,escuela,65.18,Consumo,Educación,Esencial,efectivo,,escuela
28,Andrea Reyes,2026-07-01,2026-07-31,2026-07-20,leche y huevos,344.59,Consumo,Alimentación,Esencial,tarjeta de crédito,58.1,leche y huevos
28,Andrea Reyes,2026-07-01,2026-07-31,2026-07-20,abogado,276.44,Consumo,Otros,,tarjeta de crédito,71.1,abogado
28,Andrea Reyes,2026-07-01,2026-07-31,2026-07-21,cafecito,254.16,Consumo,Entretenimiento y ocio,Discrecional,tarjeta de crédito,58.0,cafecito
28,Andrea Reyes,2026-07-01,2026-07-31,2026-07-23,perfume,1527.49,Consumo,Compras personales,Discrecional,transferencia bancaria,,perfume
28,Andrea Reyes,2026-07-01,2026-07-31,2026-07-26,hipoteca,903.34,Consumo,Vivienda,Esencial,tarjeta de débito,,hipoteca
28,Andrea Reyes,2026-07-01,2026-07-31,2026-07-27,psicólogo,75.62,Consumo,Salud,Esencial,tarjeta de débito,,psicólogo
28,Andrea Reyes,2026-07-01,2026-07-31,2026-07-27,frutas y verduras,58.79,Consumo,Alimentación,Esencial,tarjeta de crédito,65.7,frutas y verduras
28,Andrea Reyes,2026-07-01,2026-07-31,2026-07-28,cafecito,185.21,Consumo,Entretenimiento y ocio,Discrecional,tarjeta de crédito,46.3,cafecito
28,Andrea Reyes,2026-07-01,2026-07-31,2026-07-28,libros escolares,251.53,Consumo,Educación,Esencial,tarjeta de débito,,libros escolares
28,Andrea Reyes,2026-07-01,2026-07-31,2026-07-29,boletos de concierto,40.88,Consumo,Entretenimiento y ocio,Discrecional,transferencia bancaria,,boletos de concierto
28,Andrea Reyes,2026-07-01,2026-07-31,2026-07-29,compras de comida,920.07,Consumo,Alimentación,Esencial,transferencia bancaria,,compras de comida
28,Andrea Reyes,2026-07-01,2026-07-31,2026-07-30,vacaciones,157.33,Consumo,Viajes y vacaciones,Discrecional,tarjeta de débito,,vacaciones
28,Andrea Reyes,2026-07-01,2026-07-31,2026-07-30,pan y tortillas,242.61,Consumo,Alimentación,Esencial,tarjeta de débito,,pan y tortillas
28,Andrea Reyes,2026-07-01,2026-07-31,2026-07-30,carne,105.74,Consumo,Alimentación,Esencial,efectivo,,carne
28,Andrea Reyes,2026-07-01,2026-07-31,2026-07-30,quincena,10341.75,Ingreso,,,transferencia bancaria,,quincena
28,Andrea Reyes,2026-07-01,2026-07-31,2026-07-31,mandado,105.63,Consumo,Alimentación,Esencial,tarjeta de débito,,mandado
29,Ana Morales,2026-07-01,2026-07-31,2026-07-01,lonche,1201.14,Consumo,Alimentación,Esencial,tarjeta de débito,,lonche
29,Ana Morales,2026-07-01,2026-07-31,2026-07-01,agua y refrescos,2926.42,Consumo,Alimentación,Esencial,efectivo,,agua y refrescos
29,Ana Morales,2026-07-01,2026-07-31,2026-07-01,abarrotes,216.57,Consumo,Alimentación,Esencial,tarjeta de débito,,abarrotes
29,Ana Morales,2026-07-01,2026-07-31,2026-07-01,muebles para la casa,1801.04,Consumo,Vivienda,Esencial,efectivo,,muebles para la casa
29,Ana Morales,2026-07-01,2026-07-31,2026-07-01,joyería,1184.0,Consumo,Compras personales,Discrecional,tarjeta de débito,,joyería
29,Ana Morales,2026-07-01,2026-07-31,2026-07-03,despensa,58.47,Consumo,Alimentación,Esencial,tarjeta de crédito,55.9,despensa
29,Ana Morales,2026-07-01,2026-07-31,2026-07-04,libros escolares,192.53,Consumo,Educación,Esencial,tarjeta de débito,,libros escolares
29,Ana Morales,2026-07-01,2026-07-31,2026-07-07,Bodega Aurrera,3231.07,Consumo,Alimentación,Esencial,efectivo,,bodega aurrera
29,Ana Morales,2026-07-01,2026-07-31,2026-07-07,compra en línea,2071.36,Consumo,Compras personales,Discrecional,efectivo,,compra en línea
29,Ana Morales,2026-07-01,2026-07-31,2026-07-08,metro,791.88,Consumo,Transporte,Esencial,transferencia bancaria,,metro
29,Ana Morales,2026-07-01,2026-07-31,2026-07-09,lonche,1279.45,Consumo,Alimentación,Esencial,tarjeta de débito,,lonche
29,Ana Morales,2026-07-01,2026-07-31,2026-07-10,peaje,79.98,Consumo,Transporte,Esencial,efectivo,,peaje
29,Ana Morales,2026-07-01,2026-07-31,2026-07-11,despensa,3504.48,Consumo,Alimentación,Esencial,tarjeta de crédito,58.3,despensa
29,Ana Morales,2026-07-01,2026-07-31,2026-07-11,cosméticos,427.39,Consumo,Compras personales,Discrecional,transferencia bancaria,,cosméticos
29,Ana Morales,2026-07-01,2026-07-31,2026-07-13,libros escolares,640.63,Consumo,Educación,Esencial,tarjeta de crédito,71.1,libros escolares
29,Ana Morales,2026-07-01,2026-07-31,2026-07-13,comida para la casa,156.18,Consumo,Alimentación,Esencial,tarjeta de débito,,comida para la casa
29,Ana Morales,2026-07-01,2026-07-31,2026-07-13,cuota de condominio,827.89,Consumo,Vivienda,Esencial,efectivo,,cuota de condominio
29,Ana Morales,2026-07-01,2026-07-31,2026-07-13,skincare,681.05,Consumo,Compras personales,Discrecional,tarjeta de crédito,55.8,skincare
29,Ana Morales,2026-07-01,2026-07-31,2026-07-13,seguro personal,1963.62,Consumo,Otros,,tarjeta de crédito,50.9,seguro personal
29,Ana Morales,2026-07-01,2026-07-31,2026-07-14,arreglo de fuga de agua,1725.77,Consumo,Vivienda,Esencial,tarjeta de débito,,arreglo de fuga de agua
29,Ana Morales,2026-07-01,2026-07-31,2026-07-15,quincena,21597.17,Ingreso,,,transferencia bancaria,,quincena
29,Ana Morales,2026-07-01,2026-07-31,2026-07-16,gas,131.39,Consumo,Vivienda,Esencial,transferencia bancaria,,gas
29,Ana Morales,2026-07-01,2026-07-31,2026-07-17,Soriana,2765.56,Consumo,Alimentación,Esencial,tarjeta de débito,,soriana
29,Ana Morales,2026-07-01,2026-07-31,2026-07-17,pago de renta,471.94,Consumo,Vivienda,Esencial,tarjeta de débito,,pago de renta
29,Ana Morales,2026-07-01,2026-07-31,2026-07-17,PlayStation Plus,925.19,Consumo,Suscripciones digitales,Discrecional,transferencia bancaria,,playstation plus
29,Ana Morales,2026-07-01,2026-07-31,2026-07-18,pasaje,946.6,Consumo,Transporte,Esencial,tarjeta de crédito,40.1,pasaje
29,Ana Morales,2026-07-01,2026-07-31,2026-07-18,pago mínimo de tarjeta,6111.38,Pago de deuda,,,transferencia bancaria,,pago mínimo de tarjeta
29,Ana Morales,2026-07-01,2026-07-31,2026-07-19,cosas del súper,1692.65,Consumo,Alimentación,Esencial,tarjeta de crédito,51.2,cosas del súper
29,Ana Morales,2026-07-01,2026-07-31,2026-07-19,internet de la casa,878.9,Consumo,Vivienda,Esencial,tarjeta de crédito,63.7,internet de la casa
29,Ana Morales,2026-07-01,2026-07-31,2026-07-20,agua y refrescos,206.11,Consumo,Alimentación,Esencial,transferencia bancaria,,agua y refrescos
29,Ana Morales,2026-07-01,2026-07-31,2026-07-21,casetas,189.28,Consumo,Transporte,Esencial,tarjeta de crédito,67.4,casetas
29,Ana Morales,2026-07-01,2026-07-31,2026-07-22,clases,923.32,Consumo,Educación,Esencial,efectivo,,clases
29,Ana Morales,2026-07-01,2026-07-31,2026-07-22,metro,2052.88,Consumo,Transporte,Esencial,tarjeta de crédito,42.1,metro
29,Ana Morales,2026-07-01,2026-07-31,2026-07-22,vacunas,354.15,Consumo,Salud,Esencial,tarjeta de débito,,vacunas
29,Ana Morales,2026-07-01,2026-07-31,2026-07-22,pago TDC,1411.91,Pago de deuda,,,transferencia bancaria,,pago tdc
29,Ana Morales,2026-07-01,2026-07-31,2026-07-23,pago de hipoteca,316.08,Pago de deuda,,,transferencia bancaria,,pago de hipoteca
29,Ana Morales,2026-07-01,2026-07-31,2026-07-24,transporte al trabajo,617.95,Consumo,Transporte,Esencial,efectivo,,transporte al trabajo
29,Ana Morales,2026-07-01,2026-07-31,2026-07-25,servicio del coche,1779.77,Consumo,Transporte,Esencial,transferencia bancaria,,servicio del coche
29,Ana Morales,2026-07-01,2026-07-31,2026-07-25,metrobús,608.05,Consumo,Transporte,Esencial,tarjeta de crédito,50.0,metrobús
29,Ana Morales,2026-07-01,2026-07-31,2026-07-25,hospital,1116.59,Consumo,Salud,Esencial,tarjeta de crédito,57.4,hospital
29,Ana Morales,2026-07-01,2026-07-31,2026-07-26,gasolina,603.75,Consumo,Transporte,Esencial,tarjeta de crédito,45.3,gasolina
29,Ana Morales,2026-07-01,2026-07-31,2026-07-26,domingo de paseo,2480.75,Consumo,Entretenimiento y ocio,Discrecional,efectivo,,domingo de paseo
29,Ana Morales,2026-07-01,2026-07-31,2026-07-28,leche y huevos,1057.22,Consumo,Alimentación,Esencial,tarjeta de crédito,45.1,leche y huevos
29,Ana Morales,2026-07-01,2026-07-31,2026-07-28,cosas del súper,820.46,Consumo,Alimentación,Esencial,tarjeta de débito,,cosas del súper
29,Ana Morales,2026-07-01,2026-07-31,2026-07-28,ropa,148.18,Consumo,Compras personales,Discrecional,transferencia bancaria,,ropa
29,Ana Morales,2026-07-01,2026-07-31,2026-07-29,frutas y verduras,447.35,Consumo,Alimentación,Esencial,tarjeta de débito,,frutas y verduras
29,Ana Morales,2026-07-01,2026-07-31,2026-07-29,cartera,116.17,Consumo,Compras personales,Discrecional,tarjeta de débito,,cartera
29,Ana Morales,2026-07-01,2026-07-31,2026-07-30,verificación,446.0,Consumo,Transporte,Esencial,tarjeta de crédito,50.9,verificación
29,Ana Morales,2026-07-01,2026-07-31,2026-07-30,pago de trabajo,21597.17,Ingreso,,,transferencia bancaria,,pago de trabajo
30,Samuel Luna,2026-07-01,2026-07-31,2026-07-01,recibo de agua,3510.35,Consumo,Vivienda,Esencial,tarjeta de débito,,recibo de agua
30,Samuel Luna,2026-07-01,2026-07-31,2026-07-02,pagaré bancario,1880.28,Ahorro e inversión,,,transferencia bancaria,,pagaré bancario
30,Samuel Luna,2026-07-01,2026-07-31,2026-07-03,Walmart,749.02,Consumo,Alimentación,Esencial,tarjeta de crédito,44.5,walmart
30,Samuel Luna,2026-07-01,2026-07-31,2026-07-03,comida,957.98,Consumo,Alimentación,Esencial,tarjeta de débito,,comida
30,Samuel Luna,2026-07-01,2026-07-31,2026-07-03,estacionamiento,3379.69,Consumo,Transporte,Esencial,transferencia bancaria,,estacionamiento
30,Samuel Luna,2026-07-01,2026-07-31,2026-07-04,plataforma educativa,1406.7,Consumo,Educación,Esencial,tarjeta de débito,,plataforma educativa
30,Samuel Luna,2026-07-01,2026-07-31,2026-07-04,tenis,254.4,Consumo,Compras personales,Discrecional,tarjeta de crédito,50.2,tenis
30,Samuel Luna,2026-07-01,2026-07-31,2026-07-05,despensa de la semana,2699.06,Consumo,Alimentación,Esencial,tarjeta de débito,,despensa de la semana
30,Samuel Luna,2026-07-01,2026-07-31,2026-07-06,electrónicos,946.05,Consumo,Compras personales,Discrecional,transferencia bancaria,,electrónicos
30,Samuel Luna,2026-07-01,2026-07-31,2026-07-07,inversión GBM,2537.69,Ahorro e inversión,,,transferencia bancaria,,inversión gbm
30,Samuel Luna,2026-07-01,2026-07-31,2026-07-09,consulta,256.57,Consumo,Salud,Esencial,transferencia bancaria,,consulta
30,Samuel Luna,2026-07-01,2026-07-31,2026-07-10,pago de hipoteca,16480.12,Pago de deuda,,,transferencia bancaria,,pago de hipoteca
30,Samuel Luna,2026-07-01,2026-07-31,2026-07-12,Walmart,905.93,Consumo,Alimentación,Esencial,tarjeta de débito,,walmart
30,Samuel Luna,2026-07-01,2026-07-31,2026-07-12,streaming,842.61,Consumo,Suscripciones digitales,Discrecional,transferencia bancaria,,streaming
30,Samuel Luna,2026-07-01,2026-07-31,2026-07-13,laboratorio,47.82,Consumo,Salud,Esencial,transferencia bancaria,,laboratorio
30,Samuel Luna,2026-07-01,2026-07-31,2026-07-15,estudios médicos,951.39,Consumo,Salud,Esencial,tarjeta de débito,,estudios médicos
30,Samuel Luna,2026-07-01,2026-07-31,2026-07-15,quincena,31936.06,Ingreso,,,transferencia bancaria,,quincena
30,Samuel Luna,2026-07-01,2026-07-31,2026-07-16,pan y tortillas,703.55,Consumo,Alimentación,Esencial,transferencia bancaria,,pan y tortillas
30,Samuel Luna,2026-07-01,2026-07-31,2026-07-16,pescado,188.69,Consumo,Alimentación,Esencial,efectivo,,pescado
30,Samuel Luna,2026-07-01,2026-07-31,2026-07-16,Chedraui,1774.05,Consumo,Alimentación,Esencial,tarjeta de débito,,chedraui
30,Samuel Luna,2026-07-01,2026-07-31,2026-07-16,Mercado Libre,892.72,Consumo,Compras personales,Discrecional,transferencia bancaria,,mercado libre
30,Samuel Luna,2026-07-01,2026-07-31,2026-07-16,mascota,1508.22,Consumo,Otros,,tarjeta de débito,,mascota
30,Samuel Luna,2026-07-01,2026-07-31,2026-07-17,lonche,338.36,Consumo,Alimentación,Esencial,transferencia bancaria,,lonche
30,Samuel Luna,2026-07-01,2026-07-31,2026-07-20,frutas y verduras,599.26,Consumo,Alimentación,Esencial,tarjeta de crédito,60.2,frutas y verduras
30,Samuel Luna,2026-07-01,2026-07-31,2026-07-20,cafecito,312.29,Consumo,Entretenimiento y ocio,Discrecional,tarjeta de débito,,cafecito
30,Samuel Luna,2026-07-01,2026-07-31,2026-07-21,arreglo de fuga de agua,954.77,Consumo,Vivienda,Esencial,tarjeta de débito,,arreglo de fuga de agua
30,Samuel Luna,2026-07-01,2026-07-31,2026-07-21,tenis,1556.01,Consumo,Compras personales,Discrecional,tarjeta de crédito,63.9,tenis
30,Samuel Luna,2026-07-01,2026-07-31,2026-07-22,Walmart,916.4,Consumo,Alimentación,Esencial,tarjeta de débito,,walmart
30,Samuel Luna,2026-07-01,2026-07-31,2026-07-23,mercado,490.02,Consumo,Alimentación,Esencial,tarjeta de débito,,mercado
30,Samuel Luna,2026-07-01,2026-07-31,2026-07-23,mercado,611.59,Consumo,Alimentación,Esencial,tarjeta de débito,,mercado
30,Samuel Luna,2026-07-01,2026-07-31,2026-07-23,cine,1196.78,Consumo,Entretenimiento y ocio,Discrecional,tarjeta de débito,,cine
30,Samuel Luna,2026-07-01,2026-07-31,2026-07-23,metro,463.65,Consumo,Transporte,Esencial,tarjeta de crédito,68.0,metro
30,Samuel Luna,2026-07-01,2026-07-31,2026-07-24,comida para la casa,816.84,Consumo,Alimentación,Esencial,tarjeta de crédito,50.9,comida para la casa
30,Samuel Luna,2026-07-01,2026-07-31,2026-07-24,Soriana,1853.47,Consumo,Alimentación,Esencial,tarjeta de débito,,soriana
30,Samuel Luna,2026-07-01,2026-07-31,2026-07-24,agua y refrescos,171.98,Consumo,Alimentación,Esencial,transferencia bancaria,,agua y refrescos
30,Samuel Luna,2026-07-01,2026-07-31,2026-07-25,ingredientes para cocinar,578.85,Consumo,Alimentación,Esencial,tarjeta de débito,,ingredientes para cocinar
30,Samuel Luna,2026-07-01,2026-07-31,2026-07-25,despensa,539.98,Consumo,Alimentación,Esencial,transferencia bancaria,,despensa
30,Samuel Luna,2026-07-01,2026-07-31,2026-07-25,café,624.51,Consumo,Entretenimiento y ocio,Discrecional,tarjeta de crédito,36.0,café
30,Samuel Luna,2026-07-01,2026-07-31,2026-07-25,didi,1362.8,Consumo,Transporte,Esencial,transferencia bancaria,,didi
30,Samuel Luna,2026-07-01,2026-07-31,2026-07-25,pasajes de la semana,1318.85,Consumo,Transporte,Esencial,transferencia bancaria,,pasajes de la semana
30,Samuel Luna,2026-07-01,2026-07-31,2026-07-28,pagaré bancario,241.51,Ahorro e inversión,,,transferencia bancaria,,pagaré bancario
30,Samuel Luna,2026-07-01,2026-07-31,2026-07-29,pescado,52.78,Consumo,Alimentación,Esencial,tarjeta de crédito,66.7,pescado
30,Samuel Luna,2026-07-01,2026-07-31,2026-07-30,Costco,599.59,Consumo,Alimentación,Esencial,transferencia bancaria,,costco
30,Samuel Luna,2026-07-01,2026-07-31,2026-07-30,nómina,31936.06,Ingreso,,,transferencia bancaria,,nómina
30,Samuel Luna,2026-07-01,2026-07-31,2026-07-31,electricista,478.41,Consumo,Vivienda,Esencial,tarjeta de débito,,electricista
31,David Bravo,2026-07-01,2026-07-31,2026-07-01,seguro del coche,277.47,Consumo,Transporte,Esencial,transferencia bancaria,,seguro del coche
31,David Bravo,2026-07-01,2026-07-31,2026-07-04,servicio del coche,74.16,Consumo,Transporte,Esencial,tarjeta de débito,,servicio del coche
31,David Bravo,2026-07-01,2026-07-31,2026-07-05,metro,85.94,Consumo,Transporte,Esencial,tarjeta de débito,,metro
31,David Bravo,2026-07-01,2026-07-31,2026-07-06,bonos gubernamentales,118.46,Ahorro e inversión,,,transferencia bancaria,,bonos gubernamentales
31,David Bravo,2026-07-01,2026-07-31,2026-07-06,inscripción,257.35,Consumo,Educación,Esencial,tarjeta de crédito,49.3,inscripción
31,David Bravo,2026-07-01,2026-07-31,2026-07-07,cliente freelance,1515.7,Ingreso,,,transferencia bancaria,,cliente freelance
31,David Bravo,2026-07-01,2026-07-31,2026-07-08,cosméticos,261.8,Consumo,Compras personales,Discrecional,transferencia bancaria,,cosméticos
31,David Bravo,2026-07-01,2026-07-31,2026-07-11,taxi,99.2,Consumo,Transporte,Esencial,transferencia bancaria,,taxi
31,David Bravo,2026-07-01,2026-07-31,2026-07-11,bar,221.54,Consumo,Entretenimiento y ocio,Discrecional,tarjeta de débito,,bar
31,David Bravo,2026-07-01,2026-07-31,2026-07-11,fiesta,127.77,Consumo,Entretenimiento y ocio,Discrecional,tarjeta de débito,,fiesta
31,David Bravo,2026-07-01,2026-07-31,2026-07-12,ahorro,115.8,Ahorro e inversión,,,transferencia bancaria,,ahorro
31,David Bravo,2026-07-01,2026-07-31,2026-07-14,peaje,292.43,Consumo,Transporte,Esencial,efectivo,,peaje
31,David Bravo,2026-07-01,2026-07-31,2026-07-15,quincena,2128.82,Ingreso,,,transferencia bancaria,,quincena
31,David Bravo,2026-07-01,2026-07-31,2026-07-15,renta recibida,1240.12,Ingreso,,,transferencia bancaria,,renta recibida
31,David Bravo,2026-07-01,2026-07-31,2026-07-16,pollo,137.55,Consumo,Alimentación,Esencial,transferencia bancaria,,pollo
31,David Bravo,2026-07-01,2026-07-31,2026-07-18,paquete de viaje,131.09,Consumo,Viajes y vacaciones,Discrecional,tarjeta de débito,,paquete de viaje
31,David Bravo,2026-07-01,2026-07-31,2026-07-19,reparación de la casa,919.74,Consumo,Vivienda,Esencial,transferencia bancaria,,reparación de la casa
31,David Bravo,2026-07-01,2026-07-31,2026-07-20,pasajes de la semana,55.52,Consumo,Transporte,Esencial,tarjeta de débito,,pasajes de la semana
31,David Bravo,2026-07-01,2026-07-31,2026-07-21,estacionamiento,93.12,Consumo,Transporte,Esencial,tarjeta de débito,,estacionamiento
31,David Bravo,2026-07-01,2026-07-31,2026-07-22,pan y tortillas,154.95,Consumo,Alimentación,Esencial,tarjeta de crédito,40.7,pan y tortillas
31,David Bravo,2026-07-01,2026-07-31,2026-07-23,comida,1294.07,Consumo,Alimentación,Esencial,tarjeta de débito,,comida
31,David Bravo,2026-07-01,2026-07-31,2026-07-23,pago de crédito,692.52,Pago de deuda,,,transferencia bancaria,,pago de crédito
31,David Bravo,2026-07-01,2026-07-31,2026-07-24,pan y tortillas,352.76,Consumo,Alimentación,Esencial,tarjeta de débito,,pan y tortillas
31,David Bravo,2026-07-01,2026-07-31,2026-07-26,electrónicos,101.87,Consumo,Compras personales,Discrecional,transferencia bancaria,,electrónicos
31,David Bravo,2026-07-01,2026-07-31,2026-07-28,chamarra,260.49,Consumo,Compras personales,Discrecional,efectivo,,chamarra
31,David Bravo,2026-07-01,2026-07-31,2026-07-29,abarrotes,611.87,Consumo,Alimentación,Esencial,efectivo,,abarrotes
31,David Bravo,2026-07-01,2026-07-31,2026-07-30,taxi,97.89,Consumo,Transporte,Esencial,tarjeta de débito,,taxi
31,David Bravo,2026-07-01,2026-07-31,2026-07-30,pescado,240.65,Consumo,Alimentación,Esencial,efectivo,,pescado
31,David Bravo,2026-07-01,2026-07-31,2026-07-30,quincena,2128.82,Ingreso,,,transferencia bancaria,,quincena
31,David Bravo,2026-07-01,2026-07-31,2026-07-31,seguro del coche,135.96,Consumo,Transporte,Esencial,tarjeta de débito,,seguro del coche
32,Adrián Ruiz,2026-07-01,2026-07-31,2026-07-01,streaming,50.17,Consumo,Suscripciones digitales,Discrecional,tarjeta de débito,,streaming
32,Adrián Ruiz,2026-07-01,2026-07-31,2026-07-02,pago de renta,114.05,Consumo,Vivienda,Esencial,transferencia bancaria,,pago de renta
32,Adrián Ruiz,2026-07-01,2026-07-31,2026-07-02,carne,1128.29,Consumo,Alimentación,Esencial,transferencia bancaria,,carne
32,Adrián Ruiz,2026-07-01,2026-07-31,2026-07-04,pollo,848.74,Consumo,Alimentación,Esencial,transferencia bancaria,,pollo
32,Adrián Ruiz,2026-07-01,2026-07-31,2026-07-04,universidad,344.96,Consumo,Educación,Esencial,transferencia bancaria,,universidad
32,Adrián Ruiz,2026-07-01,2026-07-31,2026-07-05,fondo de emergencia,112.73,Ahorro e inversión,,,transferencia bancaria,,fondo de emergencia
32,Adrián Ruiz,2026-07-01,2026-07-31,2026-07-05,reparación del coche,1359.67,Consumo,Transporte,Esencial,tarjeta de crédito,38.4,reparación del coche
32,Adrián Ruiz,2026-07-01,2026-07-31,2026-07-06,gas,61.33,Consumo,Vivienda,Esencial,efectivo,,gas
32,Adrián Ruiz,2026-07-01,2026-07-31,2026-07-08,seguro de viaje,151.45,Consumo,Viajes y vacaciones,Discrecional,transferencia bancaria,,seguro de viaje
32,Adrián Ruiz,2026-07-01,2026-07-31,2026-07-08,comida de vacaciones,130.36,Consumo,Viajes y vacaciones,Discrecional,transferencia bancaria,,comida de vacaciones
32,Adrián Ruiz,2026-07-01,2026-07-31,2026-07-09,Prime Video,234.06,Consumo,Suscripciones digitales,Discrecional,efectivo,,prime video
32,Adrián Ruiz,2026-07-01,2026-07-31,2026-07-10,skincare,721.4,Consumo,Compras personales,Discrecional,tarjeta de débito,,skincare
32,Adrián Ruiz,2026-07-01,2026-07-31,2026-07-11,carne,1042.9,Consumo,Alimentación,Esencial,tarjeta de débito,,carne
32,Adrián Ruiz,2026-07-01,2026-07-31,2026-07-12,pintura de la casa,758.23,Consumo,Vivienda,Esencial,transferencia bancaria,,pintura de la casa
32,Adrián Ruiz,2026-07-01,2026-07-31,2026-07-13,despensa de la semana,575.02,Consumo,Alimentación,Esencial,tarjeta de débito,,despensa de la semana
32,Adrián Ruiz,2026-07-01,2026-07-31,2026-07-13,cremas,427.78,Consumo,Compras personales,Discrecional,tarjeta de débito,,cremas
32,Adrián Ruiz,2026-07-01,2026-07-31,2026-07-14,aportación AFORE,316.98,Ahorro e inversión,,,transferencia bancaria,,aportación afore
32,Adrián Ruiz,2026-07-01,2026-07-31,2026-07-15,especialista,146.52,Consumo,Salud,Esencial,efectivo,,especialista
32,Adrián Ruiz,2026-07-01,2026-07-31,2026-07-15,pago de trabajo,5465.15,Ingreso,,,transferencia bancaria,,pago de trabajo
32,Adrián Ruiz,2026-07-01,2026-07-31,2026-07-16,internet de la casa,737.2,Consumo,Vivienda,Esencial,transferencia bancaria,,internet de la casa
32,Adrián Ruiz,2026-07-01,2026-07-31,2026-07-16,laboratorio,237.8,Consumo,Salud,Esencial,tarjeta de crédito,48.0,laboratorio
32,Adrián Ruiz,2026-07-01,2026-07-31,2026-07-17,leche y huevos,153.89,Consumo,Alimentación,Esencial,tarjeta de crédito,58.6,leche y huevos
32,Adrián Ruiz,2026-07-01,2026-07-31,2026-07-21,útiles,217.84,Consumo,Educación,Esencial,transferencia bancaria,,útiles
32,Adrián Ruiz,2026-07-01,2026-07-31,2026-07-21,mensualidad del coche,619.58,Pago de deuda,,,transferencia bancaria,,mensualidad del coche
32,Adrián Ruiz,2026-07-01,2026-07-31,2026-07-23,bono extraordinario,3156.62,Ingreso,,,transferencia bancaria,,bono extraordinario
32,Adrián Ruiz,2026-07-01,2026-07-31,2026-07-23,pago automotriz,196.66,Pago de deuda,,,transferencia bancaria,,pago automotriz
32,Adrián Ruiz,2026-07-01,2026-07-31,2026-07-26,mercado,576.58,Consumo,Alimentación,Esencial,efectivo,,mercado
32,Adrián Ruiz,2026-07-01,2026-07-31,2026-07-28,comida para la casa,95.33,Consumo,Alimentación,Esencial,transferencia bancaria,,comida para la casa
32,Adrián Ruiz,2026-07-01,2026-07-31,2026-07-28,Soriana,501.44,Consumo,Alimentación,Esencial,transferencia bancaria,,soriana
32,Adrián Ruiz,2026-07-01,2026-07-31,2026-07-28,Chedraui,293.01,Consumo,Alimentación,Esencial,transferencia bancaria,,chedraui
32,Adrián Ruiz,2026-07-01,2026-07-31,2026-07-30,nómina,5465.15,Ingreso,,,transferencia bancaria,,nómina
32,Adrián Ruiz,2026-07-01,2026-07-31,2026-07-30,pago de crédito,175.78,Pago de deuda,,,transferencia bancaria,,pago de crédito
32,Adrián Ruiz,2026-07-01,2026-07-31,2026-07-31,Mercado Libre,361.34,Consumo,Compras personales,Discrecional,tarjeta de débito,,mercado libre
32,Adrián Ruiz,2026-07-01,2026-07-31,2026-07-31,uber,1144.39,Consumo,Transporte,Esencial,tarjeta de débito,,uber
33,Daniela Cruz,2026-07-01,2026-07-31,2026-07-01,pantalón,158.27,Consumo,Compras personales,Discrecional,transferencia bancaria,,pantalón
33,Daniela Cruz,2026-07-01,2026-07-31,2026-07-07,apartado de ahorro,100.0,Ahorro e inversión,,,transferencia bancaria,,apartado de ahorro
33,Daniela Cruz,2026-07-01,2026-07-31,2026-07-11,despensa,559.16,Consumo,Alimentación,Esencial,tarjeta de débito,,despensa
33,Daniela Cruz,2026-07-01,2026-07-31,2026-07-11,pago de tarjeta,508.62,Pago de deuda,,,transferencia bancaria,,pago de tarjeta
33,Daniela Cruz,2026-07-01,2026-07-31,2026-07-11,mensualidad del coche,463.05,Pago de deuda,,,transferencia bancaria,,mensualidad del coche
33,Daniela Cruz,2026-07-01,2026-07-31,2026-07-12,cafecito,290.1,Consumo,Entretenimiento y ocio,Discrecional,tarjeta de débito,,cafecito
33,Daniela Cruz,2026-07-01,2026-07-31,2026-07-14,reloj,241.67,Consumo,Compras personales,Discrecional,tarjeta de crédito,36.1,reloj
33,Daniela Cruz,2026-07-01,2026-07-31,2026-07-15,ETF,100.0,Ahorro e inversión,,,transferencia bancaria,,etf
33,Daniela Cruz,2026-07-01,2026-07-31,2026-07-15,audífonos,321.16,Consumo,Compras personales,Discrecional,transferencia bancaria,,audífonos
33,Daniela Cruz,2026-07-01,2026-07-31,2026-07-15,llantas,267.86,Consumo,Transporte,Esencial,transferencia bancaria,,llantas
33,Daniela Cruz,2026-07-01,2026-07-31,2026-07-16,frutas y verduras,239.25,Consumo,Alimentación,Esencial,tarjeta de crédito,40.2,frutas y verduras
33,Daniela Cruz,2026-07-01,2026-07-31,2026-07-16,seguro del coche,239.49,Consumo,Transporte,Esencial,tarjeta de crédito,47.2,seguro del coche
33,Daniela Cruz,2026-07-01,2026-07-31,2026-07-16,pago de proyecto,1492.42,Ingreso,,,efectivo,,pago de proyecto
33,Daniela Cruz,2026-07-01,2026-07-31,2026-07-17,trabajo freelance,3349.13,Ingreso,,,efectivo,,trabajo freelance
33,Daniela Cruz,2026-07-01,2026-07-31,2026-07-18,ropa,127.21,Consumo,Compras personales,Discrecional,tarjeta de débito,,ropa
33,Daniela Cruz,2026-07-01,2026-07-31,2026-07-19,gas,85.79,Consumo,Vivienda,Esencial,tarjeta de débito,,gas
33,Daniela Cruz,2026-07-01,2026-07-31,2026-07-19,videojuego,351.34,Consumo,Entretenimiento y ocio,Discrecional,efectivo,,videojuego
33,Daniela Cruz,2026-07-01,2026-07-31,2026-07-19,reparación inesperada,502.77,Consumo,Otros,,tarjeta de crédito,62.5,reparación inesperada
33,Daniela Cruz,2026-07-01,2026-07-31,2026-07-20,Chedraui,2170.56,Consumo,Alimentación,Esencial,tarjeta de débito,,chedraui
33,Daniela Cruz,2026-07-01,2026-07-31,2026-07-21,streaming,245.84,Consumo,Suscripciones digitales,Discrecional,tarjeta de crédito,65.5,streaming
33,Daniela Cruz,2026-07-01,2026-07-31,2026-07-24,zapatos,111.9,Consumo,Compras personales,Discrecional,tarjeta de débito,,zapatos
33,Daniela Cruz,2026-07-01,2026-07-31,2026-07-24,trabajo freelance,4942.46,Ingreso,,,efectivo,,trabajo freelance
33,Daniela Cruz,2026-07-01,2026-07-31,2026-07-25,abarrotes,1142.76,Consumo,Alimentación,Esencial,tarjeta de débito,,abarrotes
33,Daniela Cruz,2026-07-01,2026-07-31,2026-07-26,cartera,298.76,Consumo,Compras personales,Discrecional,tarjeta de débito,,cartera
33,Daniela Cruz,2026-07-01,2026-07-31,2026-07-26,cambio de aceite,1602.85,Consumo,Transporte,Esencial,efectivo,,cambio de aceite
33,Daniela Cruz,2026-07-01,2026-07-31,2026-07-26,luz,240.79,Consumo,Vivienda,Esencial,tarjeta de débito,,luz
33,Daniela Cruz,2026-07-01,2026-07-31,2026-07-27,proyecto independiente,1815.51,Ingreso,,,transferencia bancaria,,proyecto independiente
33,Daniela Cruz,2026-07-01,2026-07-31,2026-07-29,wifi,1104.5,Consumo,Vivienda,Esencial,tarjeta de crédito,51.7,wifi
33,Daniela Cruz,2026-07-01,2026-07-31,2026-07-29,honorarios,1252.13,Ingreso,,,transferencia bancaria,,honorarios
33,Daniela Cruz,2026-07-01,2026-07-31,2026-07-31,abarrotes,439.73,Consumo,Alimentación,Esencial,tarjeta de crédito,55.0,abarrotes
34,Samuel Martínez,2026-07-01,2026-07-31,2026-07-01,Chedraui,718.68,Consumo,Alimentación,Esencial,tarjeta de débito,,chedraui
34,Samuel Martínez,2026-07-01,2026-07-31,2026-07-01,casetas,181.28,Consumo,Transporte,Esencial,efectivo,,casetas
34,Samuel Martínez,2026-07-01,2026-07-31,2026-07-02,wifi,262.23,Consumo,Vivienda,Esencial,tarjeta de crédito,68.1,wifi
34,Samuel Martínez,2026-07-01,2026-07-31,2026-07-03,despensa de la semana,278.19,Consumo,Alimentación,Esencial,tarjeta de débito,,despensa de la semana
34,Samuel Martínez,2026-07-01,2026-07-31,2026-07-03,vestido,75.79,Consumo,Compras personales,Discrecional,efectivo,,vestido
34,Samuel Martínez,2026-07-01,2026-07-31,2026-07-03,pantalón,204.5,Consumo,Compras personales,Discrecional,tarjeta de crédito,43.8,pantalón
34,Samuel Martínez,2026-07-01,2026-07-31,2026-07-03,transporte al trabajo,190.86,Consumo,Transporte,Esencial,tarjeta de débito,,transporte al trabajo
34,Samuel Martínez,2026-07-01,2026-07-31,2026-07-03,carga de gasolina,292.31,Consumo,Transporte,Esencial,tarjeta de débito,,carga de gasolina
34,Samuel Martínez,2026-07-01,2026-07-31,2026-07-04,Soriana,312.63,Consumo,Alimentación,Esencial,tarjeta de débito,,soriana
34,Samuel Martínez,2026-07-01,2026-07-31,2026-07-05,súper,115.77,Consumo,Alimentación,Esencial,tarjeta de débito,,súper
34,Samuel Martínez,2026-07-01,2026-07-31,2026-07-06,gasto imprevisto,431.54,Consumo,Otros,,tarjeta de débito,,gasto imprevisto
34,Samuel Martínez,2026-07-01,2026-07-31,2026-07-07,pollo,188.6,Consumo,Alimentación,Esencial,tarjeta de crédito,37.5,pollo
34,Samuel Martínez,2026-07-01,2026-07-31,2026-07-07,abarrotes,159.33,Consumo,Alimentación,Esencial,tarjeta de crédito,58.8,abarrotes
34,Samuel Martínez,2026-07-01,2026-07-31,2026-07-07,hipoteca,658.73,Consumo,Vivienda,Esencial,tarjeta de débito,,hipoteca
34,Samuel Martínez,2026-07-01,2026-07-31,2026-07-09,estacionamiento,196.14,Consumo,Transporte,Esencial,transferencia bancaria,,estacionamiento
34,Samuel Martínez,2026-07-01,2026-07-31,2026-07-11,compra en línea,46.65,Consumo,Compras personales,Discrecional,tarjeta de débito,,compra en línea
34,Samuel Martínez,2026-07-01,2026-07-31,2026-07-12,leche y huevos,717.44,Consumo,Alimentación,Esencial,tarjeta de crédito,58.3,leche y huevos
34,Samuel Martínez,2026-07-01,2026-07-31,2026-07-13,cremas,189.13,Consumo,Compras personales,Discrecional,tarjeta de crédito,47.4,cremas
34,Samuel Martínez,2026-07-01,2026-07-31,2026-07-15,quincena,6265.69,Ingreso,,,transferencia bancaria,,quincena
34,Samuel Martínez,2026-07-01,2026-07-31,2026-07-16,pollo,40.36,Consumo,Alimentación,Esencial,transferencia bancaria,,pollo
34,Samuel Martínez,2026-07-01,2026-07-31,2026-07-17,terapia,75.15,Consumo,Salud,Esencial,tarjeta de crédito,65.5,terapia
34,Samuel Martínez,2026-07-01,2026-07-31,2026-07-17,comida para la casa,178.62,Consumo,Alimentación,Esencial,tarjeta de débito,,comida para la casa
34,Samuel Martínez,2026-07-01,2026-07-31,2026-07-17,cosméticos,61.2,Consumo,Compras personales,Discrecional,tarjeta de débito,,cosméticos
34,Samuel Martínez,2026-07-01,2026-07-31,2026-07-17,didi,229.24,Consumo,Transporte,Esencial,tarjeta de débito,,didi
34,Samuel Martínez,2026-07-01,2026-07-31,2026-07-18,hospital,246.51,Consumo,Salud,Esencial,tarjeta de crédito,56.9,hospital
34,Samuel Martínez,2026-07-01,2026-07-31,2026-07-18,gasolina,49.46,Consumo,Transporte,Esencial,efectivo,,gasolina
34,Samuel Martínez,2026-07-01,2026-07-31,2026-07-18,parque de diversiones,488.76,Consumo,Entretenimiento y ocio,Discrecional,tarjeta de débito,,parque de diversiones
34,Samuel Martínez,2026-07-01,2026-07-31,2026-07-20,mercado,356.24,Consumo,Alimentación,Esencial,tarjeta de crédito,44.0,mercado
34,Samuel Martínez,2026-07-01,2026-07-31,2026-07-20,Costco,455.69,Consumo,Alimentación,Esencial,transferencia bancaria,,costco
34,Samuel Martínez,2026-07-01,2026-07-31,2026-07-21,comida para la casa,413.64,Consumo,Alimentación,Esencial,transferencia bancaria,,comida para la casa
34,Samuel Martínez,2026-07-01,2026-07-31,2026-07-21,mensualidad de la escuela,363.04,Consumo,Educación,Esencial,efectivo,,mensualidad de la escuela
34,Samuel Martínez,2026-07-01,2026-07-31,2026-07-22,Soriana,42.24,Consumo,Alimentación,Esencial,tarjeta de crédito,47.2,soriana
34,Samuel Martínez,2026-07-01,2026-07-31,2026-07-23,carne,202.93,Consumo,Alimentación,Esencial,tarjeta de débito,,carne
34,Samuel Martínez,2026-07-01,2026-07-31,2026-07-23,audífonos,249.09,Consumo,Compras personales,Discrecional,tarjeta de débito,,audífonos
34,Samuel Martínez,2026-07-01,2026-07-31,2026-07-23,abono a préstamo,354.81,Pago de deuda,,,transferencia bancaria,,abono a préstamo
34,Samuel Martínez,2026-07-01,2026-07-31,2026-07-24,hipoteca,274.13,Consumo,Vivienda,Esencial,transferencia bancaria,,hipoteca
34,Samuel Martínez,2026-07-01,2026-07-31,2026-07-24,seguro del coche,392.54,Consumo,Transporte,Esencial,transferencia bancaria,,seguro del coche
34,Samuel Martínez,2026-07-01,2026-07-31,2026-07-25,despensa,97.65,Consumo,Alimentación,Esencial,tarjeta de crédito,50.2,despensa
34,Samuel Martínez,2026-07-01,2026-07-31,2026-07-25,reparación del coche,88.66,Consumo,Transporte,Esencial,transferencia bancaria,,reparación del coche
34,Samuel Martínez,2026-07-01,2026-07-31,2026-07-26,lonche,68.08,Consumo,Alimentación,Esencial,transferencia bancaria,,lonche
34,Samuel Martínez,2026-07-01,2026-07-31,2026-07-27,playera,156.46,Consumo,Compras personales,Discrecional,tarjeta de crédito,45.9,playera
34,Samuel Martínez,2026-07-01,2026-07-31,2026-07-28,despensa,72.12,Consumo,Alimentación,Esencial,tarjeta de crédito,63.2,despensa
34,Samuel Martínez,2026-07-01,2026-07-31,2026-07-29,cuota de condominio,253.14,Consumo,Vivienda,Esencial,tarjeta de crédito,53.5,cuota de condominio
34,Samuel Martínez,2026-07-01,2026-07-31,2026-07-30,hotel,208.67,Consumo,Viajes y vacaciones,Discrecional,tarjeta de débito,,hotel
34,Samuel Martínez,2026-07-01,2026-07-31,2026-07-30,salario,6265.69,Ingreso,,,transferencia bancaria,,salario
34,Samuel Martínez,2026-07-01,2026-07-31,2026-07-31,mandado,76.96,Consumo,Alimentación,Esencial,tarjeta de débito,,mandado
35,Luis Pineda,2026-07-01,2026-07-31,2026-07-01,uber,152.25,Consumo,Transporte,Esencial,tarjeta de crédito,42.2,uber
35,Luis Pineda,2026-07-01,2026-07-31,2026-07-01,cuota anual,539.4,Consumo,Otros,,transferencia bancaria,,cuota anual
35,Luis Pineda,2026-07-01,2026-07-31,2026-07-02,didi,422.76,Consumo,Transporte,Esencial,transferencia bancaria,,didi
35,Luis Pineda,2026-07-01,2026-07-31,2026-07-03,agua y refrescos,209.87,Consumo,Alimentación,Esencial,tarjeta de débito,,agua y refrescos
35,Luis Pineda,2026-07-01,2026-07-31,2026-07-03,comida para la casa,305.28,Consumo,Alimentación,Esencial,efectivo,,comida para la casa
35,Luis Pineda,2026-07-01,2026-07-31,2026-07-03,wifi,1249.33,Consumo,Vivienda,Esencial,tarjeta de crédito,41.1,wifi
35,Luis Pineda,2026-07-01,2026-07-31,2026-07-04,vacaciones familiares,270.63,Consumo,Viajes y vacaciones,Discrecional,tarjeta de débito,,vacaciones familiares
35,Luis Pineda,2026-07-01,2026-07-31,2026-07-05,bonos gubernamentales,135.33,Ahorro e inversión,,,transferencia bancaria,,bonos gubernamentales
35,Luis Pineda,2026-07-01,2026-07-31,2026-07-05,audífonos,480.3,Consumo,Compras personales,Discrecional,efectivo,,audífonos
35,Luis Pineda,2026-07-01,2026-07-31,2026-07-05,cambio de aceite,111.38,Consumo,Transporte,Esencial,efectivo,,cambio de aceite
35,Luis Pineda,2026-07-01,2026-07-31,2026-07-06,agua y refrescos,705.63,Consumo,Alimentación,Esencial,tarjeta de débito,,agua y refrescos
35,Luis Pineda,2026-07-01,2026-07-31,2026-07-07,cosméticos,459.14,Consumo,Compras personales,Discrecional,tarjeta de crédito,53.3,cosméticos
35,Luis Pineda,2026-07-01,2026-07-31,2026-07-08,Chedraui,947.54,Consumo,Alimentación,Esencial,tarjeta de débito,,chedraui
35,Luis Pineda,2026-07-01,2026-07-31,2026-07-08,estacionamiento,38.47,Consumo,Transporte,Esencial,transferencia bancaria,,estacionamiento
35,Luis Pineda,2026-07-01,2026-07-31,2026-07-09,despensa,183.65,Consumo,Alimentación,Esencial,transferencia bancaria,,despensa
35,Luis Pineda,2026-07-01,2026-07-31,2026-07-09,casetas,121.37,Consumo,Transporte,Esencial,tarjeta de débito,,casetas
35,Luis Pineda,2026-07-01,2026-07-31,2026-07-10,pescado,42.66,Consumo,Alimentación,Esencial,tarjeta de crédito,43.1,pescado
35,Luis Pineda,2026-07-01,2026-07-31,2026-07-11,abarrotes,111.81,Consumo,Alimentación,Esencial,tarjeta de débito,,abarrotes
35,Luis Pineda,2026-07-01,2026-07-31,2026-07-11,pollo,627.18,Consumo,Alimentación,Esencial,transferencia bancaria,,pollo
35,Luis Pineda,2026-07-01,2026-07-31,2026-07-14,ahorro,131.03,Ahorro e inversión,,,transferencia bancaria,,ahorro
35,Luis Pineda,2026-07-01,2026-07-31,2026-07-14,recibo de agua,192.47,Consumo,Vivienda,Esencial,tarjeta de crédito,65.3,recibo de agua
35,Luis Pineda,2026-07-01,2026-07-31,2026-07-15,sueldo,8487.16,Ingreso,,,transferencia bancaria,,sueldo
35,Luis Pineda,2026-07-01,2026-07-31,2026-07-17,inversión GBM,139.94,Ahorro e inversión,,,transferencia bancaria,,inversión gbm
35,Luis Pineda,2026-07-01,2026-07-31,2026-07-18,cremas,138.2,Consumo,Compras personales,Discrecional,tarjeta de débito,,cremas
35,Luis Pineda,2026-07-01,2026-07-31,2026-07-19,lonche,1385.23,Consumo,Alimentación,Esencial,tarjeta de crédito,56.8,lonche
35,Luis Pineda,2026-07-01,2026-07-31,2026-07-19,mandado,596.67,Consumo,Alimentación,Esencial,tarjeta de débito,,mandado
35,Luis Pineda,2026-07-01,2026-07-31,2026-07-20,pago TDC,1589.65,Pago de deuda,,,transferencia bancaria,,pago tdc
35,Luis Pineda,2026-07-01,2026-07-31,2026-07-22,pollo,207.84,Consumo,Alimentación,Esencial,tarjeta de débito,,pollo
35,Luis Pineda,2026-07-01,2026-07-31,2026-07-22,agua y refrescos,1046.61,Consumo,Alimentación,Esencial,efectivo,,agua y refrescos
35,Luis Pineda,2026-07-01,2026-07-31,2026-07-24,internet de la casa,153.89,Consumo,Vivienda,Esencial,tarjeta de débito,,internet de la casa
35,Luis Pineda,2026-07-01,2026-07-31,2026-07-24,taxi,1086.26,Consumo,Transporte,Esencial,tarjeta de débito,,taxi
35,Luis Pineda,2026-07-01,2026-07-31,2026-07-25,plataforma educativa,175.02,Consumo,Educación,Esencial,tarjeta de crédito,55.9,plataforma educativa
35,Luis Pineda,2026-07-01,2026-07-31,2026-07-26,pantalón,106.21,Consumo,Compras personales,Discrecional,transferencia bancaria,,pantalón
35,Luis Pineda,2026-07-01,2026-07-31,2026-07-26,wifi,128.55,Consumo,Vivienda,Esencial,tarjeta de débito,,wifi
35,Luis Pineda,2026-07-01,2026-07-31,2026-07-27,despensa de la semana,226.43,Consumo,Alimentación,Esencial,tarjeta de débito,,despensa de la semana
35,Luis Pineda,2026-07-01,2026-07-31,2026-07-28,escuela,383.2,Consumo,Educación,Esencial,tarjeta de crédito,55.6,escuela
35,Luis Pineda,2026-07-01,2026-07-31,2026-07-29,pasaje,101.52,Consumo,Transporte,Esencial,tarjeta de débito,,pasaje
35,Luis Pineda,2026-07-01,2026-07-31,2026-07-30,salario,8487.16,Ingreso,,,transferencia bancaria,,salario
35,Luis Pineda,2026-07-01,2026-07-31,2026-07-31,Soriana,615.83,Consumo,Alimentación,Esencial,tarjeta de débito,,soriana
35,Luis Pineda,2026-07-01,2026-07-31,2026-07-31,Soriana,53.83,Consumo,Alimentación,Esencial,transferencia bancaria,,soriana
36,Guadalupe Martínez,2026-07-01,2026-07-31,2026-07-02,taxi,852.88,Consumo,Transporte,Esencial,transferencia bancaria,,taxi
36,Guadalupe Martínez,2026-07-01,2026-07-31,2026-07-02,carga de gasolina,601.26,Consumo,Transporte,Esencial,tarjeta de débito,,carga de gasolina
36,Guadalupe Martínez,2026-07-01,2026-07-31,2026-07-02,ropa,546.95,Consumo,Compras personales,Discrecional,tarjeta de débito,,ropa
36,Guadalupe Martínez,2026-07-01,2026-07-31,2026-07-04,transporte al trabajo,71.74,Consumo,Transporte,Esencial,tarjeta de crédito,61.6,transporte al trabajo
36,Guadalupe Martínez,2026-07-01,2026-07-31,2026-07-05,regalo,256.63,Consumo,Compras personales,Discrecional,efectivo,,regalo
36,Guadalupe Martínez,2026-07-01,2026-07-31,2026-07-05,cartera,242.85,Consumo,Compras personales,Discrecional,transferencia bancaria,,cartera
36,Guadalupe Martínez,2026-07-01,2026-07-31,2026-07-06,peaje,379.48,Consumo,Transporte,Esencial,transferencia bancaria,,peaje
36,Guadalupe Martínez,2026-07-01,2026-07-31,2026-07-07,servicio del coche,612.69,Consumo,Transporte,Esencial,transferencia bancaria,,servicio del coche
36,Guadalupe Martínez,2026-07-01,2026-07-31,2026-07-07,regalo para alguien,224.64,Consumo,Otros,,tarjeta de débito,,regalo para alguien
36,Guadalupe Martínez,2026-07-01,2026-07-31,2026-07-07,pintura de la casa,109.18,Consumo,Vivienda,Esencial,tarjeta de débito,,pintura de la casa
36,Guadalupe Martínez,2026-07-01,2026-07-31,2026-07-08,despensa de la semana,159.47,Consumo,Alimentación,Esencial,tarjeta de crédito,48.5,despensa de la semana
36,Guadalupe Martínez,2026-07-01,2026-07-31,2026-07-10,frutas y verduras,251.01,Consumo,Alimentación,Esencial,tarjeta de débito,,frutas y verduras
36,Guadalupe Martínez,2026-07-01,2026-07-31,2026-07-10,lonche,420.82,Consumo,Alimentación,Esencial,tarjeta de crédito,61.1,lonche
36,Guadalupe Martínez,2026-07-01,2026-07-31,2026-07-11,metro,56.39,Consumo,Transporte,Esencial,tarjeta de débito,,metro
36,Guadalupe Martínez,2026-07-01,2026-07-31,2026-07-11,camión,73.1,Consumo,Transporte,Esencial,transferencia bancaria,,camión
36,Guadalupe Martínez,2026-07-01,2026-07-31,2026-07-11,ingredientes para cocinar,425.95,Consumo,Alimentación,Esencial,tarjeta de crédito,52.7,ingredientes para cocinar
36,Guadalupe Martínez,2026-07-01,2026-07-31,2026-07-12,uber,457.44,Consumo,Transporte,Esencial,transferencia bancaria,,uber
36,Guadalupe Martínez,2026-07-01,2026-07-31,2026-07-12,Walmart,90.85,Consumo,Alimentación,Esencial,tarjeta de débito,,walmart
36,Guadalupe Martínez,2026-07-01,2026-07-31,2026-07-12,cuota de condominio,45.14,Consumo,Vivienda,Esencial,tarjeta de débito,,cuota de condominio
36,Guadalupe Martínez,2026-07-01,2026-07-31,2026-07-14,renta,113.09,Consumo,Vivienda,Esencial,transferencia bancaria,,renta
36,Guadalupe Martínez,2026-07-01,2026-07-31,2026-07-15,fondo de inversión,511.44,Ahorro e inversión,,,transferencia bancaria,,fondo de inversión
36,Guadalupe Martínez,2026-07-01,2026-07-31,2026-07-15,pago de trabajo,9533.1,Ingreso,,,transferencia bancaria,,pago de trabajo
36,Guadalupe Martínez,2026-07-01,2026-07-31,2026-07-17,comida,80.1,Consumo,Alimentación,Esencial,tarjeta de crédito,54.4,comida
36,Guadalupe Martínez,2026-07-01,2026-07-31,2026-07-17,cosas del súper,516.85,Consumo,Alimentación,Esencial,tarjeta de débito,,cosas del súper
36,Guadalupe Martínez,2026-07-01,2026-07-31,2026-07-17,pan y tortillas,110.13,Consumo,Alimentación,Esencial,tarjeta de crédito,58.3,pan y tortillas
36,Guadalupe Martínez,2026-07-01,2026-07-31,2026-07-17,mensualidad del depa,863.68,Consumo,Vivienda,Esencial,tarjeta de débito,,mensualidad del depa
36,Guadalupe Martínez,2026-07-01,2026-07-31,2026-07-18,ingredientes para cocinar,375.88,Consumo,Alimentación,Esencial,tarjeta de débito,,ingredientes para cocinar
36,Guadalupe Martínez,2026-07-01,2026-07-31,2026-07-19,estacionamiento,614.85,Consumo,Transporte,Esencial,transferencia bancaria,,estacionamiento
36,Guadalupe Martínez,2026-07-01,2026-07-31,2026-07-19,skincare,35.91,Consumo,Compras personales,Discrecional,transferencia bancaria,,skincare
36,Guadalupe Martínez,2026-07-01,2026-07-31,2026-07-19,internet de la casa,197.84,Consumo,Vivienda,Esencial,tarjeta de crédito,65.2,internet de la casa
36,Guadalupe Martínez,2026-07-01,2026-07-31,2026-07-20,carga de gasolina,65.4,Consumo,Transporte,Esencial,tarjeta de crédito,69.4,carga de gasolina
36,Guadalupe Martínez,2026-07-01,2026-07-31,2026-07-21,acciones,1146.9,Ahorro e inversión,,,transferencia bancaria,,acciones
36,Guadalupe Martínez,2026-07-01,2026-07-31,2026-07-21,llené el tanque,467.36,Consumo,Transporte,Esencial,tarjeta de crédito,71.5,llené el tanque
36,Guadalupe Martínez,2026-07-01,2026-07-31,2026-07-21,comida,350.05,Consumo,Alimentación,Esencial,efectivo,,comida
36,Guadalupe Martínez,2026-07-01,2026-07-31,2026-07-22,ingredientes para cocinar,172.01,Consumo,Alimentación,Esencial,tarjeta de crédito,52.7,ingredientes para cocinar
36,Guadalupe Martínez,2026-07-01,2026-07-31,2026-07-24,estacionamiento,420.77,Consumo,Transporte,Esencial,tarjeta de crédito,44.5,estacionamiento
36,Guadalupe Martínez,2026-07-01,2026-07-31,2026-07-25,abarrotes,423.71,Consumo,Alimentación,Esencial,tarjeta de débito,,abarrotes
36,Guadalupe Martínez,2026-07-01,2026-07-31,2026-07-25,donación,253.39,Consumo,Otros,,tarjeta de débito,,donación
36,Guadalupe Martínez,2026-07-01,2026-07-31,2026-07-28,carne,477.49,Consumo,Alimentación,Esencial,tarjeta de crédito,52.0,carne
36,Guadalupe Martínez,2026-07-01,2026-07-31,2026-07-28,Costco,421.5,Consumo,Alimentación,Esencial,tarjeta de débito,,costco
36,Guadalupe Martínez,2026-07-01,2026-07-31,2026-07-28,compra en línea,141.34,Consumo,Compras personales,Discrecional,transferencia bancaria,,compra en línea
36,Guadalupe Martínez,2026-07-01,2026-07-31,2026-07-29,camión,263.37,Consumo,Transporte,Esencial,efectivo,,camión
36,Guadalupe Martínez,2026-07-01,2026-07-31,2026-07-30,reparación del coche,625.39,Consumo,Transporte,Esencial,tarjeta de crédito,46.7,reparación del coche
36,Guadalupe Martínez,2026-07-01,2026-07-31,2026-07-30,pago de trabajo,9533.1,Ingreso,,,transferencia bancaria,,pago de trabajo
36,Guadalupe Martínez,2026-07-01,2026-07-31,2026-07-30,pago de hipoteca,464.54,Pago de deuda,,,transferencia bancaria,,pago de hipoteca
36,Guadalupe Martínez,2026-07-01,2026-07-31,2026-07-31,peaje,272.3,Consumo,Transporte,Esencial,tarjeta de débito,,peaje
36,Guadalupe Martínez,2026-07-01,2026-07-31,2026-07-31,Costco,197.61,Consumo,Alimentación,Esencial,tarjeta de débito,,costco
36,Guadalupe Martínez,2026-07-01,2026-07-31,2026-07-31,vacunas,301.73,Consumo,Salud,Esencial,tarjeta de crédito,70.1,vacunas
37,Guadalupe Cortés,2026-07-01,2026-07-31,2026-07-02,pago de renta,319.49,Consumo,Vivienda,Esencial,efectivo,,pago de renta
37,Guadalupe Cortés,2026-07-01,2026-07-31,2026-07-03,CETES Directo,616.94,Ahorro e inversión,,,transferencia bancaria,,cetes directo
37,Guadalupe Cortés,2026-07-01,2026-07-31,2026-07-03,internet de la casa,433.26,Consumo,Vivienda,Esencial,efectivo,,internet de la casa
37,Guadalupe Cortés,2026-07-01,2026-07-31,2026-07-05,llantas,576.15,Consumo,Transporte,Esencial,efectivo,,llantas
37,Guadalupe Cortés,2026-07-01,2026-07-31,2026-07-07,reparación de la casa,497.72,Consumo,Vivienda,Esencial,efectivo,,reparación de la casa
37,Guadalupe Cortés,2026-07-01,2026-07-31,2026-07-08,súper,858.86,Consumo,Alimentación,Esencial,efectivo,,súper
37,Guadalupe Cortés,2026-07-01,2026-07-31,2026-07-08,mandado,681.26,Consumo,Alimentación,Esencial,efectivo,,mandado
37,Guadalupe Cortés,2026-07-01,2026-07-31,2026-07-08,cartera,1052.7,Consumo,Compras personales,Discrecional,efectivo,,cartera
37,Guadalupe Cortés,2026-07-01,2026-07-31,2026-07-09,Soriana,1036.82,Consumo,Alimentación,Esencial,efectivo,,soriana
37,Guadalupe Cortés,2026-07-01,2026-07-31,2026-07-09,pollo,589.76,Consumo,Alimentación,Esencial,efectivo,,pollo
37,Guadalupe Cortés,2026-07-01,2026-07-31,2026-07-10,comida para la casa,256.15,Consumo,Alimentación,Esencial,efectivo,,comida para la casa
37,Guadalupe Cortés,2026-07-01,2026-07-31,2026-07-14,mensualidad del depa,855.09,Consumo,Vivienda,Esencial,efectivo,,mensualidad del depa
37,Guadalupe Cortés,2026-07-01,2026-07-31,2026-07-15,pan y tortillas,446.87,Consumo,Alimentación,Esencial,efectivo,,pan y tortillas
37,Guadalupe Cortés,2026-07-01,2026-07-31,2026-07-15,regalo,80.23,Consumo,Compras personales,Discrecional,efectivo,,regalo
37,Guadalupe Cortés,2026-07-01,2026-07-31,2026-07-15,pago de trabajo,14075.11,Ingreso,,,transferencia bancaria,,pago de trabajo
37,Guadalupe Cortés,2026-07-01,2026-07-31,2026-07-16,boletos de avión,121.2,Consumo,Viajes y vacaciones,Discrecional,efectivo,,boletos de avión
37,Guadalupe Cortés,2026-07-01,2026-07-31,2026-07-16,excursión,354.57,Consumo,Viajes y vacaciones,Discrecional,efectivo,,excursión
37,Guadalupe Cortés,2026-07-01,2026-07-31,2026-07-17,clases de inglés,976.28,Consumo,Educación,Esencial,efectivo,,clases de inglés
37,Guadalupe Cortés,2026-07-01,2026-07-31,2026-07-17,Costco,1172.96,Consumo,Alimentación,Esencial,efectivo,,costco
37,Guadalupe Cortés,2026-07-01,2026-07-31,2026-07-17,regalo para alguien,552.16,Consumo,Otros,,efectivo,,regalo para alguien
37,Guadalupe Cortés,2026-07-01,2026-07-31,2026-07-18,comida para la casa,174.66,Consumo,Alimentación,Esencial,efectivo,,comida para la casa
37,Guadalupe Cortés,2026-07-01,2026-07-31,2026-07-18,arreglo de fuga de agua,364.3,Consumo,Vivienda,Esencial,efectivo,,arreglo de fuga de agua
37,Guadalupe Cortés,2026-07-01,2026-07-31,2026-07-19,pago TDC,1648.98,Pago de deuda,,,transferencia bancaria,,pago tdc
37,Guadalupe Cortés,2026-07-01,2026-07-31,2026-07-21,cosméticos,938.5,Consumo,Compras personales,Discrecional,efectivo,,cosméticos
37,Guadalupe Cortés,2026-07-01,2026-07-31,2026-07-24,comisión bancaria,343.17,Consumo,Otros,,efectivo,,comisión bancaria
37,Guadalupe Cortés,2026-07-01,2026-07-31,2026-07-26,súper,66.15,Consumo,Alimentación,Esencial,efectivo,,súper
37,Guadalupe Cortés,2026-07-01,2026-07-31,2026-07-28,leche y huevos,1470.55,Consumo,Alimentación,Esencial,efectivo,,leche y huevos
37,Guadalupe Cortés,2026-07-01,2026-07-31,2026-07-28,carne,181.75,Consumo,Alimentación,Esencial,efectivo,,carne
37,Guadalupe Cortés,2026-07-01,2026-07-31,2026-07-28,perfume,360.09,Consumo,Compras personales,Discrecional,efectivo,,perfume
37,Guadalupe Cortés,2026-07-01,2026-07-31,2026-07-28,recibo de luz,152.78,Consumo,Vivienda,Esencial,efectivo,,recibo de luz
37,Guadalupe Cortés,2026-07-01,2026-07-31,2026-07-29,agua y refrescos,572.59,Consumo,Alimentación,Esencial,efectivo,,agua y refrescos
37,Guadalupe Cortés,2026-07-01,2026-07-31,2026-07-30,salario,14075.11,Ingreso,,,transferencia bancaria,,salario
37,Guadalupe Cortés,2026-07-01,2026-07-31,2026-07-31,mandado,1323.37,Consumo,Alimentación,Esencial,efectivo,,mandado
37,Guadalupe Cortés,2026-07-01,2026-07-31,2026-07-31,casetas,2992.88,Consumo,Transporte,Esencial,efectivo,,casetas
38,María Vargas,2026-07-01,2026-07-31,2026-07-01,recibo de agua,375.08,Consumo,Vivienda,Esencial,tarjeta de crédito,50.4,recibo de agua
38,María Vargas,2026-07-01,2026-07-31,2026-07-01,plataforma educativa,357.18,Consumo,Educación,Esencial,transferencia bancaria,,plataforma educativa
38,María Vargas,2026-07-01,2026-07-31,2026-07-02,taxi,780.29,Consumo,Transporte,Esencial,tarjeta de débito,,taxi
38,María Vargas,2026-07-01,2026-07-31,2026-07-02,diplomado,146.08,Consumo,Educación,Esencial,efectivo,,diplomado
38,María Vargas,2026-07-01,2026-07-31,2026-07-03,Amazon,1155.55,Consumo,Compras personales,Discrecional,tarjeta de crédito,38.7,amazon
38,María Vargas,2026-07-01,2026-07-31,2026-07-03,cremas,883.62,Consumo,Compras personales,Discrecional,tarjeta de crédito,38.0,cremas
38,María Vargas,2026-07-01,2026-07-31,2026-07-04,ahorro,1088.45,Ahorro e inversión,,,transferencia bancaria,,ahorro
38,María Vargas,2026-07-01,2026-07-31,2026-07-05,taxi,1464.45,Consumo,Transporte,Esencial,efectivo,,taxi
38,María Vargas,2026-07-01,2026-07-31,2026-07-05,abono a tarjeta,510.71,Pago de deuda,,,transferencia bancaria,,abono a tarjeta
38,María Vargas,2026-07-01,2026-07-31,2026-07-06,café,51.59,Consumo,Entretenimiento y ocio,Discrecional,efectivo,,café
38,María Vargas,2026-07-01,2026-07-31,2026-07-08,ingredientes para cocinar,287.34,Consumo,Alimentación,Esencial,transferencia bancaria,,ingredientes para cocinar
38,María Vargas,2026-07-01,2026-07-31,2026-07-09,frutas y verduras,711.33,Consumo,Alimentación,Esencial,transferencia bancaria,,frutas y verduras
38,María Vargas,2026-07-01,2026-07-31,2026-07-11,agua y refrescos,585.46,Consumo,Alimentación,Esencial,transferencia bancaria,,agua y refrescos
38,María Vargas,2026-07-01,2026-07-31,2026-07-11,boletos de avión,412.23,Consumo,Viajes y vacaciones,Discrecional,tarjeta de débito,,boletos de avión
38,María Vargas,2026-07-01,2026-07-31,2026-07-14,alimento para mascota,859.61,Consumo,Otros,,tarjeta de débito,,alimento para mascota
38,María Vargas,2026-07-01,2026-07-31,2026-07-14,Amazon Prime,389.63,Consumo,Suscripciones digitales,Discrecional,tarjeta de crédito,70.1,amazon prime
38,María Vargas,2026-07-01,2026-07-31,2026-07-15,pantalón,230.96,Consumo,Compras personales,Discrecional,tarjeta de crédito,45.7,pantalón
38,María Vargas,2026-07-01,2026-07-31,2026-07-15,quincena,17164.39,Ingreso,,,transferencia bancaria,,quincena
38,María Vargas,2026-07-01,2026-07-31,2026-07-16,llantas,309.74,Consumo,Transporte,Esencial,transferencia bancaria,,llantas
38,María Vargas,2026-07-01,2026-07-31,2026-07-17,súper,451.4,Consumo,Alimentación,Esencial,tarjeta de débito,,súper
38,María Vargas,2026-07-01,2026-07-31,2026-07-18,abarrotes,2234.37,Consumo,Alimentación,Esencial,tarjeta de crédito,43.0,abarrotes
38,María Vargas,2026-07-01,2026-07-31,2026-07-18,electricista,552.85,Consumo,Vivienda,Esencial,efectivo,,electricista
38,María Vargas,2026-07-01,2026-07-31,2026-07-18,pago de tarjeta,2273.38,Pago de deuda,,,transferencia bancaria,,pago de tarjeta
38,María Vargas,2026-07-01,2026-07-31,2026-07-20,frutas y verduras,1244.04,Consumo,Alimentación,Esencial,efectivo,,frutas y verduras
38,María Vargas,2026-07-01,2026-07-31,2026-07-20,recibo de luz,130.05,Consumo,Vivienda,Esencial,efectivo,,recibo de luz
38,María Vargas,2026-07-01,2026-07-31,2026-07-20,llantas,1074.6,Consumo,Transporte,Esencial,tarjeta de débito,,llantas
38,María Vargas,2026-07-01,2026-07-31,2026-07-20,metrobús,184.45,Consumo,Transporte,Esencial,efectivo,,metrobús
38,María Vargas,2026-07-01,2026-07-31,2026-07-21,ingredientes para cocinar,1522.97,Consumo,Alimentación,Esencial,tarjeta de débito,,ingredientes para cocinar
38,María Vargas,2026-07-01,2026-07-31,2026-07-21,hipoteca,518.7,Consumo,Vivienda,Esencial,tarjeta de crédito,48.9,hipoteca
38,María Vargas,2026-07-01,2026-07-31,2026-07-21,antro,267.47,Consumo,Entretenimiento y ocio,Discrecional,tarjeta de débito,,antro
38,María Vargas,2026-07-01,2026-07-31,2026-07-22,maquillaje,517.28,Consumo,Compras personales,Discrecional,efectivo,,maquillaje
38,María Vargas,2026-07-01,2026-07-31,2026-07-23,internet de la casa,1250.35,Consumo,Vivienda,Esencial,transferencia bancaria,,internet de la casa
38,María Vargas,2026-07-01,2026-07-31,2026-07-24,pescado,509.27,Consumo,Alimentación,Esencial,tarjeta de débito,,pescado
38,María Vargas,2026-07-01,2026-07-31,2026-07-25,cena fuera,124.08,Consumo,Entretenimiento y ocio,Discrecional,tarjeta de débito,,cena fuera
38,María Vargas,2026-07-01,2026-07-31,2026-07-25,audífonos,582.72,Consumo,Compras personales,Discrecional,efectivo,,audífonos
38,María Vargas,2026-07-01,2026-07-31,2026-07-26,Bodega Aurrera,142.91,Consumo,Alimentación,Esencial,tarjeta de crédito,61.3,bodega aurrera
38,María Vargas,2026-07-01,2026-07-31,2026-07-27,teatro,661.71,Consumo,Entretenimiento y ocio,Discrecional,transferencia bancaria,,teatro
38,María Vargas,2026-07-01,2026-07-31,2026-07-28,pan y tortillas,63.67,Consumo,Alimentación,Esencial,transferencia bancaria,,pan y tortillas
38,María Vargas,2026-07-01,2026-07-31,2026-07-28,Costco,39.51,Consumo,Alimentación,Esencial,tarjeta de crédito,59.4,costco
38,María Vargas,2026-07-01,2026-07-31,2026-07-28,regalo,700.31,Consumo,Compras personales,Discrecional,tarjeta de crédito,48.0,regalo
38,María Vargas,2026-07-01,2026-07-31,2026-07-29,ropa,441.45,Consumo,Compras personales,Discrecional,tarjeta de crédito,36.7,ropa
38,María Vargas,2026-07-01,2026-07-31,2026-07-30,plataforma educativa,319.14,Consumo,Educación,Esencial,tarjeta de débito,,plataforma educativa
38,María Vargas,2026-07-01,2026-07-31,2026-07-30,pago de trabajo,17164.39,Ingreso,,,transferencia bancaria,,pago de trabajo
38,María Vargas,2026-07-01,2026-07-31,2026-07-31,accesorios,524.31,Consumo,Compras personales,Discrecional,transferencia bancaria,,accesorios
39,Camila Cruz,2026-07-01,2026-07-31,2026-07-02,uber,184.27,Consumo,Transporte,Esencial,tarjeta de crédito,56.8,uber
39,Camila Cruz,2026-07-01,2026-07-31,2026-07-02,Prime Video,358.55,Consumo,Suscripciones digitales,Discrecional,tarjeta de crédito,68.3,prime video
39,Camila Cruz,2026-07-01,2026-07-31,2026-07-03,ropa nueva,116.34,Consumo,Compras personales,Discrecional,tarjeta de crédito,42.8,ropa nueva
39,Camila Cruz,2026-07-01,2026-07-31,2026-07-03,recibo de agua,61.1,Consumo,Vivienda,Esencial,tarjeta de débito,,recibo de agua
39,Camila Cruz,2026-07-01,2026-07-31,2026-07-04,pago de renta,1042.1,Consumo,Vivienda,Esencial,tarjeta de débito,,pago de renta
39,Camila Cruz,2026-07-01,2026-07-31,2026-07-05,carne,537.35,Consumo,Alimentación,Esencial,transferencia bancaria,,carne
39,Camila Cruz,2026-07-01,2026-07-31,2026-07-05,mensualidad del coche,1049.83,Pago de deuda,,,transferencia bancaria,,mensualidad del coche
39,Camila Cruz,2026-07-01,2026-07-31,2026-07-07,metrobús,171.09,Consumo,Transporte,Esencial,efectivo,,metrobús
39,Camila Cruz,2026-07-01,2026-07-31,2026-07-07,cine,105.25,Consumo,Entretenimiento y ocio,Discrecional,tarjeta de débito,,cine
39,Camila Cruz,2026-07-01,2026-07-31,2026-07-08,verificación,574.95,Consumo,Transporte,Esencial,tarjeta de débito,,verificación
39,Camila Cruz,2026-07-01,2026-07-31,2026-07-08,verificación,619.92,Consumo,Transporte,Esencial,tarjeta de crédito,55.6,verificación
39,Camila Cruz,2026-07-01,2026-07-31,2026-07-09,cervezas con amigos,122.63,Consumo,Entretenimiento y ocio,Discrecional,tarjeta de débito,,cervezas con amigos
39,Camila Cruz,2026-07-01,2026-07-31,2026-07-10,videojuego,1218.35,Consumo,Entretenimiento y ocio,Discrecional,tarjeta de débito,,videojuego
39,Camila Cruz,2026-07-01,2026-07-31,2026-07-10,pago tarjeta BBVA,1305.9,Pago de deuda,,,transferencia bancaria,,pago tarjeta bbva
39,Camila Cruz,2026-07-01,2026-07-31,2026-07-12,universidad,752.51,Consumo,Educación,Esencial,efectivo,,universidad
39,Camila Cruz,2026-07-01,2026-07-31,2026-07-13,videojuego,699.15,Consumo,Entretenimiento y ocio,Discrecional,transferencia bancaria,,videojuego
39,Camila Cruz,2026-07-01,2026-07-31,2026-07-13,comida para la casa,166.31,Consumo,Alimentación,Esencial,transferencia bancaria,,comida para la casa
39,Camila Cruz,2026-07-01,2026-07-31,2026-07-14,renta,526.08,Consumo,Vivienda,Esencial,tarjeta de débito,,renta
39,Camila Cruz,2026-07-01,2026-07-31,2026-07-14,ingredientes para cocinar,75.05,Consumo,Alimentación,Esencial,efectivo,,ingredientes para cocinar
39,Camila Cruz,2026-07-01,2026-07-31,2026-07-15,sueldo,14348.76,Ingreso,,,transferencia bancaria,,sueldo
39,Camila Cruz,2026-07-01,2026-07-31,2026-07-17,llantas,679.93,Consumo,Transporte,Esencial,tarjeta de débito,,llantas
39,Camila Cruz,2026-07-01,2026-07-31,2026-07-18,cambio de aceite,60.41,Consumo,Transporte,Esencial,efectivo,,cambio de aceite
39,Camila Cruz,2026-07-01,2026-07-31,2026-07-18,carga de gasolina,486.25,Consumo,Transporte,Esencial,transferencia bancaria,,carga de gasolina
39,Camila Cruz,2026-07-01,2026-07-31,2026-07-19,fondo de inversión,829.97,Ahorro e inversión,,,transferencia bancaria,,fondo de inversión
39,Camila Cruz,2026-07-01,2026-07-31,2026-07-19,camión,158.94,Consumo,Transporte,Esencial,efectivo,,camión
39,Camila Cruz,2026-07-01,2026-07-31,2026-07-19,hospital,571.35,Consumo,Salud,Esencial,tarjeta de débito,,hospital
39,Camila Cruz,2026-07-01,2026-07-31,2026-07-20,llantas,105.96,Consumo,Transporte,Esencial,tarjeta de crédito,59.3,llantas
39,Camila Cruz,2026-07-01,2026-07-31,2026-07-21,ingredientes para cocinar,436.32,Consumo,Alimentación,Esencial,tarjeta de crédito,54.8,ingredientes para cocinar
39,Camila Cruz,2026-07-01,2026-07-31,2026-07-21,alimento para mascota,218.41,Consumo,Otros,,transferencia bancaria,,alimento para mascota
39,Camila Cruz,2026-07-01,2026-07-31,2026-07-22,mandado,1252.41,Consumo,Alimentación,Esencial,tarjeta de débito,,mandado
39,Camila Cruz,2026-07-01,2026-07-31,2026-07-22,multa,195.42,Consumo,Otros,,tarjeta de débito,,multa
39,Camila Cruz,2026-07-01,2026-07-31,2026-07-23,pollo,606.14,Consumo,Alimentación,Esencial,tarjeta de débito,,pollo
39,Camila Cruz,2026-07-01,2026-07-31,2026-07-23,agua y refrescos,1864.56,Consumo,Alimentación,Esencial,tarjeta de crédito,36.6,agua y refrescos
39,Camila Cruz,2026-07-01,2026-07-31,2026-07-24,electrónicos,315.1,Consumo,Compras personales,Discrecional,tarjeta de débito,,electrónicos
39,Camila Cruz,2026-07-01,2026-07-31,2026-07-26,pasaje,229.08,Consumo,Transporte,Esencial,tarjeta de débito,,pasaje
39,Camila Cruz,2026-07-01,2026-07-31,2026-07-26,mascota,353.51,Consumo,Otros,,efectivo,,mascota
39,Camila Cruz,2026-07-01,2026-07-31,2026-07-27,Amazon,665.68,Consumo,Compras personales,Discrecional,efectivo,,amazon
39,Camila Cruz,2026-07-01,2026-07-31,2026-07-29,maquillaje,826.16,Consumo,Compras personales,Discrecional,efectivo,,maquillaje
39,Camila Cruz,2026-07-01,2026-07-31,2026-07-29,plomero,1099.98,Consumo,Vivienda,Esencial,transferencia bancaria,,plomero
39,Camila Cruz,2026-07-01,2026-07-31,2026-07-29,streaming,63.99,Consumo,Suscripciones digitales,Discrecional,tarjeta de débito,,streaming
39,Camila Cruz,2026-07-01,2026-07-31,2026-07-30,sueldo,14348.76,Ingreso,,,transferencia bancaria,,sueldo
39,Camila Cruz,2026-07-01,2026-07-31,2026-07-31,ingredientes para cocinar,282.27,Consumo,Alimentación,Esencial,tarjeta de crédito,67.8,ingredientes para cocinar
40,Hugo Campos,2026-07-01,2026-07-31,2026-07-01,Chedraui,445.89,Consumo,Alimentación,Esencial,tarjeta de crédito,65.9,chedraui
40,Hugo Campos,2026-07-01,2026-07-31,2026-07-01,peaje,66.47,Consumo,Transporte,Esencial,tarjeta de débito,,peaje
40,Hugo Campos,2026-07-01,2026-07-31,2026-07-01,doctor,736.3,Consumo,Salud,Esencial,tarjeta de débito,,doctor
40,Hugo Campos,2026-07-01,2026-07-31,2026-07-02,psicólogo,50.47,Consumo,Salud,Esencial,tarjeta de crédito,52.8,psicólogo
40,Hugo Campos,2026-07-01,2026-07-31,2026-07-03,acciones,5699.92,Ahorro e inversión,,,transferencia bancaria,,acciones
40,Hugo Campos,2026-07-01,2026-07-31,2026-07-03,audífonos,438.12,Consumo,Compras personales,Discrecional,transferencia bancaria,,audífonos
40,Hugo Campos,2026-07-01,2026-07-31,2026-07-03,mantenimiento del depa,2707.35,Consumo,Vivienda,Esencial,tarjeta de débito,,mantenimiento del depa
40,Hugo Campos,2026-07-01,2026-07-31,2026-07-05,cremas,801.7,Consumo,Compras personales,Discrecional,tarjeta de débito,,cremas
40,Hugo Campos,2026-07-01,2026-07-31,2026-07-05,clases particulares,971.13,Consumo,Educación,Esencial,tarjeta de débito,,clases particulares
40,Hugo Campos,2026-07-01,2026-07-31,2026-07-06,cosas del súper,44.33,Consumo,Alimentación,Esencial,tarjeta de débito,,cosas del súper
40,Hugo Campos,2026-07-01,2026-07-31,2026-07-06,transporte al trabajo,434.74,Consumo,Transporte,Esencial,tarjeta de débito,,transporte al trabajo
40,Hugo Campos,2026-07-01,2026-07-31,2026-07-06,Prime Video,106.35,Consumo,Suscripciones digitales,Discrecional,tarjeta de crédito,37.8,prime video
40,Hugo Campos,2026-07-01,2026-07-31,2026-07-07,Bodega Aurrera,629.93,Consumo,Alimentación,Esencial,tarjeta de crédito,36.7,bodega aurrera
40,Hugo Campos,2026-07-01,2026-07-31,2026-07-10,cosas del súper,945.83,Consumo,Alimentación,Esencial,efectivo,,cosas del súper
40,Hugo Campos,2026-07-01,2026-07-31,2026-07-10,casetas,440.6,Consumo,Transporte,Esencial,transferencia bancaria,,casetas
40,Hugo Campos,2026-07-01,2026-07-31,2026-07-10,taxi,266.79,Consumo,Transporte,Esencial,tarjeta de crédito,54.9,taxi
40,Hugo Campos,2026-07-01,2026-07-31,2026-07-10,streaming,51.96,Consumo,Suscripciones digitales,Discrecional,transferencia bancaria,,streaming
40,Hugo Campos,2026-07-01,2026-07-31,2026-07-12,chamarra,372.88,Consumo,Compras personales,Discrecional,tarjeta de débito,,chamarra
40,Hugo Campos,2026-07-01,2026-07-31,2026-07-13,arreglo de fuga de agua,274.22,Consumo,Vivienda,Esencial,tarjeta de débito,,arreglo de fuga de agua
40,Hugo Campos,2026-07-01,2026-07-31,2026-07-14,comisión bancaria,412.9,Consumo,Otros,,efectivo,,comisión bancaria
40,Hugo Campos,2026-07-01,2026-07-31,2026-07-14,evento,465.67,Consumo,Entretenimiento y ocio,Discrecional,tarjeta de crédito,56.6,evento
40,Hugo Campos,2026-07-01,2026-07-31,2026-07-14,membresía digital,293.98,Consumo,Suscripciones digitales,Discrecional,transferencia bancaria,,membresía digital
40,Hugo Campos,2026-07-01,2026-07-31,2026-07-15,nómina,26548.06,Ingreso,,,transferencia bancaria,,nómina
40,Hugo Campos,2026-07-01,2026-07-31,2026-07-16,llené el tanque,875.6,Consumo,Transporte,Esencial,tarjeta de crédito,69.2,llené el tanque
40,Hugo Campos,2026-07-01,2026-07-31,2026-07-16,cambio de aceite,466.3,Consumo,Transporte,Esencial,transferencia bancaria,,cambio de aceite
40,Hugo Campos,2026-07-01,2026-07-31,2026-07-16,trámite,288.06,Consumo,Otros,,transferencia bancaria,,trámite
40,Hugo Campos,2026-07-01,2026-07-31,2026-07-17,inversión GBM,1302.61,Ahorro e inversión,,,transferencia bancaria,,inversión gbm
40,Hugo Campos,2026-07-01,2026-07-31,2026-07-17,pescado,2375.09,Consumo,Alimentación,Esencial,tarjeta de débito,,pescado
40,Hugo Campos,2026-07-01,2026-07-31,2026-07-19,pago automotriz,3244.45,Pago de deuda,,,transferencia bancaria,,pago automotriz
40,Hugo Campos,2026-07-01,2026-07-31,2026-07-20,pago al SAT,152.17,Consumo,Otros,,efectivo,,pago al sat
40,Hugo Campos,2026-07-01,2026-07-31,2026-07-21,pollo,192.16,Consumo,Alimentación,Esencial,tarjeta de crédito,50.8,pollo
40,Hugo Campos,2026-07-01,2026-07-31,2026-07-21,taxi,554.79,Consumo,Transporte,Esencial,tarjeta de crédito,39.3,taxi
40,Hugo Campos,2026-07-01,2026-07-31,2026-07-21,boletos de concierto,864.18,Consumo,Entretenimiento y ocio,Discrecional,transferencia bancaria,,boletos de concierto
40,Hugo Campos,2026-07-01,2026-07-31,2026-07-23,reparación del coche,185.73,Consumo,Transporte,Esencial,tarjeta de crédito,50.5,reparación del coche
40,Hugo Campos,2026-07-01,2026-07-31,2026-07-24,carne,1457.29,Consumo,Alimentación,Esencial,tarjeta de débito,,carne
40,Hugo Campos,2026-07-01,2026-07-31,2026-07-24,playera,284.57,Consumo,Compras personales,Discrecional,efectivo,,playera
40,Hugo Campos,2026-07-01,2026-07-31,2026-07-24,metrobús,240.18,Consumo,Transporte,Esencial,tarjeta de crédito,59.3,metrobús
40,Hugo Campos,2026-07-01,2026-07-31,2026-07-24,pago de impuestos,72.25,Consumo,Otros,,tarjeta de débito,,pago de impuestos
40,Hugo Campos,2026-07-01,2026-07-31,2026-07-24,pago mínimo de tarjeta,446.67,Pago de deuda,,,transferencia bancaria,,pago mínimo de tarjeta
40,Hugo Campos,2026-07-01,2026-07-31,2026-07-26,Costco,765.7,Consumo,Alimentación,Esencial,tarjeta de débito,,costco
40,Hugo Campos,2026-07-01,2026-07-31,2026-07-26,agua y refrescos,2503.98,Consumo,Alimentación,Esencial,transferencia bancaria,,agua y refrescos
40,Hugo Campos,2026-07-01,2026-07-31,2026-07-26,accesorios,171.66,Consumo,Compras personales,Discrecional,tarjeta de débito,,accesorios
40,Hugo Campos,2026-07-01,2026-07-31,2026-07-26,Spotify,46.03,Consumo,Suscripciones digitales,Discrecional,transferencia bancaria,,spotify
40,Hugo Campos,2026-07-01,2026-07-31,2026-07-27,acciones,6897.54,Ahorro e inversión,,,transferencia bancaria,,acciones
40,Hugo Campos,2026-07-01,2026-07-31,2026-07-27,verificación,103.63,Consumo,Transporte,Esencial,tarjeta de débito,,verificación
40,Hugo Campos,2026-07-01,2026-07-31,2026-07-28,bolsa,218.27,Consumo,Compras personales,Discrecional,transferencia bancaria,,bolsa
40,Hugo Campos,2026-07-01,2026-07-31,2026-07-29,Walmart,237.46,Consumo,Alimentación,Esencial,efectivo,,walmart
40,Hugo Campos,2026-07-01,2026-07-31,2026-07-30,lonche,966.73,Consumo,Alimentación,Esencial,tarjeta de débito,,lonche
40,Hugo Campos,2026-07-01,2026-07-31,2026-07-30,joyería,292.6,Consumo,Compras personales,Discrecional,transferencia bancaria,,joyería
40,Hugo Campos,2026-07-01,2026-07-31,2026-07-30,salario,26548.06,Ingreso,,,transferencia bancaria,,salario
41,Óscar Reyes,2026-07-01,2026-07-31,2026-07-02,gasolina,392.72,Consumo,Transporte,Esencial,tarjeta de débito,,gasolina
41,Óscar Reyes,2026-07-01,2026-07-31,2026-07-02,decoración,244.47,Consumo,Compras personales,Discrecional,efectivo,,decoración
41,Óscar Reyes,2026-07-01,2026-07-31,2026-07-04,bonos gubernamentales,100.0,Ahorro e inversión,,,transferencia bancaria,,bonos gubernamentales
41,Óscar Reyes,2026-07-01,2026-07-31,2026-07-04,verificación,272.74,Consumo,Transporte,Esencial,transferencia bancaria,,verificación
41,Óscar Reyes,2026-07-01,2026-07-31,2026-07-04,agua,52.39,Consumo,Vivienda,Esencial,tarjeta de débito,,agua
41,Óscar Reyes,2026-07-01,2026-07-31,2026-07-05,pago de hipoteca,347.9,Pago de deuda,,,transferencia bancaria,,pago de hipoteca
41,Óscar Reyes,2026-07-01,2026-07-31,2026-07-07,fondo de inversión,100.0,Ahorro e inversión,,,transferencia bancaria,,fondo de inversión
41,Óscar Reyes,2026-07-01,2026-07-31,2026-07-07,Soriana,224.64,Consumo,Alimentación,Esencial,efectivo,,soriana
41,Óscar Reyes,2026-07-01,2026-07-31,2026-07-10,Chedraui,109.88,Consumo,Alimentación,Esencial,tarjeta de crédito,51.5,chedraui
41,Óscar Reyes,2026-07-01,2026-07-31,2026-07-10,cargo bancario,195.98,Consumo,Otros,,transferencia bancaria,,cargo bancario
41,Óscar Reyes,2026-07-01,2026-07-31,2026-07-10,reparación de la casa,97.26,Consumo,Vivienda,Esencial,transferencia bancaria,,reparación de la casa
41,Óscar Reyes,2026-07-01,2026-07-31,2026-07-12,metrobús,191.87,Consumo,Transporte,Esencial,transferencia bancaria,,metrobús
41,Óscar Reyes,2026-07-01,2026-07-31,2026-07-12,agua,41.44,Consumo,Vivienda,Esencial,efectivo,,agua
41,Óscar Reyes,2026-07-01,2026-07-31,2026-07-14,Walmart,806.66,Consumo,Alimentación,Esencial,efectivo,,walmart
41,Óscar Reyes,2026-07-01,2026-07-31,2026-07-14,leche y huevos,58.58,Consumo,Alimentación,Esencial,tarjeta de crédito,66.7,leche y huevos
41,Óscar Reyes,2026-07-01,2026-07-31,2026-07-14,joyería,104.31,Consumo,Compras personales,Discrecional,transferencia bancaria,,joyería
41,Óscar Reyes,2026-07-01,2026-07-31,2026-07-14,plataforma educativa,199.78,Consumo,Educación,Esencial,tarjeta de débito,,plataforma educativa
41,Óscar Reyes,2026-07-01,2026-07-31,2026-07-15,boletos del cine,279.7,Consumo,Entretenimiento y ocio,Discrecional,tarjeta de débito,,boletos del cine
41,Óscar Reyes,2026-07-01,2026-07-31,2026-07-15,sueldo,3888.34,Ingreso,,,transferencia bancaria,,sueldo
41,Óscar Reyes,2026-07-01,2026-07-31,2026-07-17,pasaje,525.75,Consumo,Transporte,Esencial,tarjeta de crédito,41.3,pasaje
41,Óscar Reyes,2026-07-01,2026-07-31,2026-07-21,metrobús,150.41,Consumo,Transporte,Esencial,transferencia bancaria,,metrobús
41,Óscar Reyes,2026-07-01,2026-07-31,2026-07-21,transporte al trabajo,396.42,Consumo,Transporte,Esencial,tarjeta de débito,,transporte al trabajo
41,Óscar Reyes,2026-07-01,2026-07-31,2026-07-21,medicamentos,149.21,Consumo,Salud,Esencial,tarjeta de crédito,61.0,medicamentos
41,Óscar Reyes,2026-07-01,2026-07-31,2026-07-21,Soriana,222.0,Consumo,Alimentación,Esencial,efectivo,,soriana
41,Óscar Reyes,2026-07-01,2026-07-31,2026-07-21,pago mínimo de tarjeta,168.45,Pago de deuda,,,transferencia bancaria,,pago mínimo de tarjeta
41,Óscar Reyes,2026-07-01,2026-07-31,2026-07-22,llantas,135.89,Consumo,Transporte,Esencial,tarjeta de crédito,49.7,llantas
41,Óscar Reyes,2026-07-01,2026-07-31,2026-07-22,carne,387.82,Consumo,Alimentación,Esencial,efectivo,,carne
41,Óscar Reyes,2026-07-01,2026-07-31,2026-07-22,mantenimiento del depa,80.38,Consumo,Vivienda,Esencial,tarjeta de crédito,55.2,mantenimiento del depa
41,Óscar Reyes,2026-07-01,2026-07-31,2026-07-23,recibo de luz,104.51,Consumo,Vivienda,Esencial,efectivo,,recibo de luz
41,Óscar Reyes,2026-07-01,2026-07-31,2026-07-24,pescado,183.04,Consumo,Alimentación,Esencial,tarjeta de crédito,56.6,pescado
41,Óscar Reyes,2026-07-01,2026-07-31,2026-07-27,ETF,100.0,Ahorro e inversión,,,transferencia bancaria,,etf
41,Óscar Reyes,2026-07-01,2026-07-31,2026-07-29,gas,74.21,Consumo,Vivienda,Esencial,efectivo,,gas
41,Óscar Reyes,2026-07-01,2026-07-31,2026-07-29,cuota de condominio,236.82,Consumo,Vivienda,Esencial,tarjeta de crédito,69.6,cuota de condominio
41,Óscar Reyes,2026-07-01,2026-07-31,2026-07-29,bolsa,238.02,Consumo,Compras personales,Discrecional,transferencia bancaria,,bolsa
41,Óscar Reyes,2026-07-01,2026-07-31,2026-07-30,Walmart,36.76,Consumo,Alimentación,Esencial,transferencia bancaria,,walmart
41,Óscar Reyes,2026-07-01,2026-07-31,2026-07-30,ingredientes para cocinar,275.26,Consumo,Alimentación,Esencial,tarjeta de débito,,ingredientes para cocinar
41,Óscar Reyes,2026-07-01,2026-07-31,2026-07-30,sueldo,3888.34,Ingreso,,,transferencia bancaria,,sueldo
41,Óscar Reyes,2026-07-01,2026-07-31,2026-07-31,transporte al trabajo,46.3,Consumo,Transporte,Esencial,tarjeta de débito,,transporte al trabajo
41,Óscar Reyes,2026-07-01,2026-07-31,2026-07-31,gasolina,466.59,Consumo,Transporte,Esencial,tarjeta de crédito,68.2,gasolina
42,Claudia Martínez,2026-07-01,2026-07-31,2026-07-01,súper,150.77,Consumo,Alimentación,Esencial,efectivo,,súper
42,Claudia Martínez,2026-07-01,2026-07-31,2026-07-04,mandado,347.97,Consumo,Alimentación,Esencial,tarjeta de débito,,mandado
42,Claudia Martínez,2026-07-01,2026-07-31,2026-07-06,especialista,124.85,Consumo,Salud,Esencial,tarjeta de crédito,47.7,especialista
42,Claudia Martínez,2026-07-01,2026-07-31,2026-07-08,pollo,239.4,Consumo,Alimentación,Esencial,tarjeta de débito,,pollo
42,Claudia Martínez,2026-07-01,2026-07-31,2026-07-09,wifi,44.68,Consumo,Vivienda,Esencial,tarjeta de débito,,wifi
42,Claudia Martínez,2026-07-01,2026-07-31,2026-07-09,Costco,429.72,Consumo,Alimentación,Esencial,transferencia bancaria,,costco
42,Claudia Martínez,2026-07-01,2026-07-31,2026-07-09,cena fuera,399.5,Consumo,Entretenimiento y ocio,Discrecional,tarjeta de crédito,50.6,cena fuera
42,Claudia Martínez,2026-07-01,2026-07-31,2026-07-13,muebles para la casa,693.36,Consumo,Vivienda,Esencial,transferencia bancaria,,muebles para la casa
42,Claudia Martínez,2026-07-01,2026-07-31,2026-07-13,pago de crédito,1213.82,Pago de deuda,,,transferencia bancaria,,pago de crédito
42,Claudia Martínez,2026-07-01,2026-07-31,2026-07-15,agua,82.6,Consumo,Vivienda,Esencial,tarjeta de crédito,59.3,agua
42,Claudia Martínez,2026-07-01,2026-07-31,2026-07-15,salario,5691.25,Ingreso,,,transferencia bancaria,,salario
42,Claudia Martínez,2026-07-01,2026-07-31,2026-07-16,cremas,664.52,Consumo,Compras personales,Discrecional,efectivo,,cremas
42,Claudia Martínez,2026-07-01,2026-07-31,2026-07-17,transferencia a ahorro,354.71,Ahorro e inversión,,,transferencia bancaria,,transferencia a ahorro
42,Claudia Martínez,2026-07-01,2026-07-31,2026-07-17,pasajes de la semana,475.89,Consumo,Transporte,Esencial,tarjeta de crédito,43.7,pasajes de la semana
42,Claudia Martínez,2026-07-01,2026-07-31,2026-07-17,remesa recibida,2120.93,Ingreso,,,transferencia bancaria,,remesa recibida
42,Claudia Martínez,2026-07-01,2026-07-31,2026-07-18,Walmart,58.62,Consumo,Alimentación,Esencial,tarjeta de crédito,65.9,walmart
42,Claudia Martínez,2026-07-01,2026-07-31,2026-07-18,Chedraui,696.63,Consumo,Alimentación,Esencial,tarjeta de débito,,chedraui
42,Claudia Martínez,2026-07-01,2026-07-31,2026-07-19,plomero,366.59,Consumo,Vivienda,Esencial,efectivo,,plomero
42,Claudia Martínez,2026-07-01,2026-07-31,2026-07-19,mercado,404.79,Consumo,Alimentación,Esencial,tarjeta de crédito,61.8,mercado
42,Claudia Martínez,2026-07-01,2026-07-31,2026-07-21,comida para la casa,132.03,Consumo,Alimentación,Esencial,efectivo,,comida para la casa
42,Claudia Martínez,2026-07-01,2026-07-31,2026-07-21,comida para la casa,1066.23,Consumo,Alimentación,Esencial,transferencia bancaria,,comida para la casa
42,Claudia Martínez,2026-07-01,2026-07-31,2026-07-21,consulta médica,236.43,Consumo,Salud,Esencial,tarjeta de crédito,41.5,consulta médica
42,Claudia Martínez,2026-07-01,2026-07-31,2026-07-22,verificación,106.01,Consumo,Transporte,Esencial,tarjeta de débito,,verificación
42,Claudia Martínez,2026-07-01,2026-07-31,2026-07-23,skincare,288.99,Consumo,Compras personales,Discrecional,tarjeta de débito,,skincare
42,Claudia Martínez,2026-07-01,2026-07-31,2026-07-24,Bodega Aurrera,82.6,Consumo,Alimentación,Esencial,tarjeta de débito,,bodega aurrera
42,Claudia Martínez,2026-07-01,2026-07-31,2026-07-25,vestido,118.66,Consumo,Compras personales,Discrecional,tarjeta de débito,,vestido
42,Claudia Martínez,2026-07-01,2026-07-31,2026-07-27,frutas y verduras,647.55,Consumo,Alimentación,Esencial,transferencia bancaria,,frutas y verduras
42,Claudia Martínez,2026-07-01,2026-07-31,2026-07-27,cartera,103.13,Consumo,Compras personales,Discrecional,tarjeta de débito,,cartera
42,Claudia Martínez,2026-07-01,2026-07-31,2026-07-28,apartado de ahorro,164.29,Ahorro e inversión,,,transferencia bancaria,,apartado de ahorro
42,Claudia Martínez,2026-07-01,2026-07-31,2026-07-28,internet de la casa,435.75,Consumo,Vivienda,Esencial,transferencia bancaria,,internet de la casa
42,Claudia Martínez,2026-07-01,2026-07-31,2026-07-28,Bodega Aurrera,1019.02,Consumo,Alimentación,Esencial,transferencia bancaria,,bodega aurrera
42,Claudia Martínez,2026-07-01,2026-07-31,2026-07-28,cena del viernes,275.7,Consumo,Entretenimiento y ocio,Discrecional,tarjeta de débito,,cena del viernes
42,Claudia Martínez,2026-07-01,2026-07-31,2026-07-30,didi,555.67,Consumo,Transporte,Esencial,transferencia bancaria,,didi
42,Claudia Martínez,2026-07-01,2026-07-31,2026-07-30,cargo bancario,527.5,Consumo,Otros,,transferencia bancaria,,cargo bancario
42,Claudia Martínez,2026-07-01,2026-07-31,2026-07-30,salario,5691.25,Ingreso,,,transferencia bancaria,,salario
42,Claudia Martínez,2026-07-01,2026-07-31,2026-07-31,gasolina,595.53,Consumo,Transporte,Esencial,tarjeta de crédito,69.8,gasolina
42,Claudia Martínez,2026-07-01,2026-07-31,2026-07-31,metrobús,195.62,Consumo,Transporte,Esencial,transferencia bancaria,,metrobús
43,Paula Ibarra,2026-07-01,2026-07-31,2026-07-01,pagué la luz,41.01,Consumo,Vivienda,Esencial,transferencia bancaria,,pagué la luz
43,Paula Ibarra,2026-07-01,2026-07-31,2026-07-03,Google One,184.08,Consumo,Suscripciones digitales,Discrecional,tarjeta de crédito,38.4,google one
43,Paula Ibarra,2026-07-01,2026-07-31,2026-07-05,pescado,197.56,Consumo,Alimentación,Esencial,tarjeta de crédito,44.1,pescado
43,Paula Ibarra,2026-07-01,2026-07-31,2026-07-05,luz,289.84,Consumo,Vivienda,Esencial,transferencia bancaria,,luz
43,Paula Ibarra,2026-07-01,2026-07-31,2026-07-06,abarrotes,458.14,Consumo,Alimentación,Esencial,transferencia bancaria,,abarrotes
43,Paula Ibarra,2026-07-01,2026-07-31,2026-07-07,CETES Directo,2181.82,Ahorro e inversión,,,transferencia bancaria,,cetes directo
43,Paula Ibarra,2026-07-01,2026-07-31,2026-07-07,pantalón,40.96,Consumo,Compras personales,Discrecional,tarjeta de débito,,pantalón
43,Paula Ibarra,2026-07-01,2026-07-31,2026-07-08,fondo indexado,353.28,Ahorro e inversión,,,transferencia bancaria,,fondo indexado
43,Paula Ibarra,2026-07-01,2026-07-31,2026-07-08,plataforma educativa,100.87,Consumo,Educación,Esencial,tarjeta de débito,,plataforma educativa
43,Paula Ibarra,2026-07-01,2026-07-31,2026-07-09,Soriana,219.76,Consumo,Alimentación,Esencial,tarjeta de débito,,soriana
43,Paula Ibarra,2026-07-01,2026-07-31,2026-07-09,mantenimiento del depa,123.37,Consumo,Vivienda,Esencial,efectivo,,mantenimiento del depa
43,Paula Ibarra,2026-07-01,2026-07-31,2026-07-10,vacaciones,195.28,Consumo,Viajes y vacaciones,Discrecional,transferencia bancaria,,vacaciones
43,Paula Ibarra,2026-07-01,2026-07-31,2026-07-10,Mercado Libre,65.04,Consumo,Compras personales,Discrecional,tarjeta de crédito,55.7,mercado libre
43,Paula Ibarra,2026-07-01,2026-07-31,2026-07-12,renta,189.69,Consumo,Vivienda,Esencial,tarjeta de débito,,renta
43,Paula Ibarra,2026-07-01,2026-07-31,2026-07-12,alimento para mascota,364.22,Consumo,Otros,,tarjeta de débito,,alimento para mascota
43,Paula Ibarra,2026-07-01,2026-07-31,2026-07-13,arreglo de fuga de agua,656.68,Consumo,Vivienda,Esencial,tarjeta de débito,,arreglo de fuga de agua
43,Paula Ibarra,2026-07-01,2026-07-31,2026-07-15,certificación,270.63,Consumo,Educación,Esencial,tarjeta de débito,,certificación
43,Paula Ibarra,2026-07-01,2026-07-31,2026-07-15,sueldo,5133.9,Ingreso,,,transferencia bancaria,,sueldo
43,Paula Ibarra,2026-07-01,2026-07-31,2026-07-16,seguro del coche,655.56,Consumo,Transporte,Esencial,tarjeta de débito,,seguro del coche
43,Paula Ibarra,2026-07-01,2026-07-31,2026-07-22,reparación del coche,108.71,Consumo,Transporte,Esencial,tarjeta de débito,,reparación del coche
43,Paula Ibarra,2026-07-01,2026-07-31,2026-07-22,cosas del súper,1817.6,Consumo,Alimentación,Esencial,tarjeta de débito,,cosas del súper
43,Paula Ibarra,2026-07-01,2026-07-31,2026-07-22,pantalón,737.28,Consumo,Compras personales,Discrecional,tarjeta de débito,,pantalón
43,Paula Ibarra,2026-07-01,2026-07-31,2026-07-25,casetas,665.57,Consumo,Transporte,Esencial,transferencia bancaria,,casetas
43,Paula Ibarra,2026-07-01,2026-07-31,2026-07-25,despensa,66.09,Consumo,Alimentación,Esencial,transferencia bancaria,,despensa
43,Paula Ibarra,2026-07-01,2026-07-31,2026-07-26,pago préstamo personal,392.17,Pago de deuda,,,transferencia bancaria,,pago préstamo personal
43,Paula Ibarra,2026-07-01,2026-07-31,2026-07-26,pago tarjeta BBVA,220.62,Pago de deuda,,,transferencia bancaria,,pago tarjeta bbva
43,Paula Ibarra,2026-07-01,2026-07-31,2026-07-27,Chedraui,158.05,Consumo,Alimentación,Esencial,efectivo,,chedraui
43,Paula Ibarra,2026-07-01,2026-07-31,2026-07-27,tratamiento,45.05,Consumo,Salud,Esencial,tarjeta de débito,,tratamiento
43,Paula Ibarra,2026-07-01,2026-07-31,2026-07-28,pasajes de la semana,204.2,Consumo,Transporte,Esencial,tarjeta de débito,,pasajes de la semana
43,Paula Ibarra,2026-07-01,2026-07-31,2026-07-28,leche y huevos,1084.04,Consumo,Alimentación,Esencial,efectivo,,leche y huevos
43,Paula Ibarra,2026-07-01,2026-07-31,2026-07-28,ultrasonido,204.98,Consumo,Salud,Esencial,transferencia bancaria,,ultrasonido
43,Paula Ibarra,2026-07-01,2026-07-31,2026-07-30,boletos del cine,462.46,Consumo,Entretenimiento y ocio,Discrecional,transferencia bancaria,,boletos del cine
43,Paula Ibarra,2026-07-01,2026-07-31,2026-07-30,pago de trabajo,5133.9,Ingreso,,,transferencia bancaria,,pago de trabajo
44,Irene Cervantes,2026-07-01,2026-07-31,2026-07-01,frutas y verduras,276.74,Consumo,Alimentación,Esencial,tarjeta de crédito,74.8,frutas y verduras
44,Irene Cervantes,2026-07-01,2026-07-31,2026-07-01,luz,156.38,Consumo,Vivienda,Esencial,tarjeta de crédito,76.6,luz
44,Irene Cervantes,2026-07-01,2026-07-31,2026-07-03,Walmart,108.04,Consumo,Alimentación,Esencial,tarjeta de crédito,82.4,walmart
44,Irene Cervantes,2026-07-01,2026-07-31,2026-07-04,verificación,261.22,Consumo,Transporte,Esencial,tarjeta de crédito,84.3,verificación
44,Irene Cervantes,2026-07-01,2026-07-31,2026-07-04,muebles para la casa,202.69,Consumo,Vivienda,Esencial,tarjeta de débito,,muebles para la casa
44,Irene Cervantes,2026-07-01,2026-07-31,2026-07-04,Amazon Prime,213.41,Consumo,Suscripciones digitales,Discrecional,tarjeta de crédito,79.3,amazon prime
44,Irene Cervantes,2026-07-01,2026-07-31,2026-07-06,luz,231.36,Consumo,Vivienda,Esencial,tarjeta de débito,,luz
44,Irene Cervantes,2026-07-01,2026-07-31,2026-07-08,plomero,223.43,Consumo,Vivienda,Esencial,tarjeta de crédito,53.1,plomero
44,Irene Cervantes,2026-07-01,2026-07-31,2026-07-08,plataforma educativa,56.36,Consumo,Educación,Esencial,efectivo,,plataforma educativa
44,Irene Cervantes,2026-07-01,2026-07-31,2026-07-09,ahorro,313.33,Ahorro e inversión,,,transferencia bancaria,,ahorro
44,Irene Cervantes,2026-07-01,2026-07-31,2026-07-09,Costco,229.56,Consumo,Alimentación,Esencial,tarjeta de crédito,53.2,costco
44,Irene Cervantes,2026-07-01,2026-07-31,2026-07-10,pago TDC,1477.06,Pago de deuda,,,transferencia bancaria,,pago tdc
44,Irene Cervantes,2026-07-01,2026-07-31,2026-07-14,compras de comida,421.92,Consumo,Alimentación,Esencial,tarjeta de crédito,68.3,compras de comida
44,Irene Cervantes,2026-07-01,2026-07-31,2026-07-15,sueldo,6369.27,Ingreso,,,transferencia bancaria,,sueldo
44,Irene Cervantes,2026-07-01,2026-07-31,2026-07-17,despensa de la semana,314.56,Consumo,Alimentación,Esencial,tarjeta de crédito,58.0,despensa de la semana
44,Irene Cervantes,2026-07-01,2026-07-31,2026-07-17,pasaje,216.16,Consumo,Transporte,Esencial,tarjeta de crédito,57.9,pasaje
44,Irene Cervantes,2026-07-01,2026-07-31,2026-07-18,actividades del viaje,137.81,Consumo,Viajes y vacaciones,Discrecional,tarjeta de crédito,51.8,actividades del viaje
44,Irene Cervantes,2026-07-01,2026-07-31,2026-07-19,verificación,686.16,Consumo,Transporte,Esencial,tarjeta de crédito,56.1,verificación
44,Irene Cervantes,2026-07-01,2026-07-31,2026-07-19,pago préstamo personal,576.6,Pago de deuda,,,transferencia bancaria,,pago préstamo personal
44,Irene Cervantes,2026-07-01,2026-07-31,2026-07-21,compras de comida,1326.89,Consumo,Alimentación,Esencial,tarjeta de crédito,54.1,compras de comida
44,Irene Cervantes,2026-07-01,2026-07-31,2026-07-21,pan y tortillas,168.81,Consumo,Alimentación,Esencial,tarjeta de crédito,83.9,pan y tortillas
44,Irene Cervantes,2026-07-01,2026-07-31,2026-07-22,plataforma educativa,386.7,Consumo,Educación,Esencial,tarjeta de crédito,59.9,plataforma educativa
44,Irene Cervantes,2026-07-01,2026-07-31,2026-07-23,apartado de ahorro,144.7,Ahorro e inversión,,,transferencia bancaria,,apartado de ahorro
44,Irene Cervantes,2026-07-01,2026-07-31,2026-07-23,pago de crédito,3057.25,Pago de deuda,,,transferencia bancaria,,pago de crédito
44,Irene Cervantes,2026-07-01,2026-07-31,2026-07-25,documentos,472.64,Consumo,Otros,,tarjeta de crédito,73.5,documentos
44,Irene Cervantes,2026-07-01,2026-07-31,2026-07-26,uber,321.53,Consumo,Transporte,Esencial,tarjeta de crédito,61.7,uber
44,Irene Cervantes,2026-07-01,2026-07-31,2026-07-28,súper,385.66,Consumo,Alimentación,Esencial,tarjeta de crédito,67.4,súper
44,Irene Cervantes,2026-07-01,2026-07-31,2026-07-29,inversión GBM,318.53,Ahorro e inversión,,,transferencia bancaria,,inversión gbm
44,Irene Cervantes,2026-07-01,2026-07-31,2026-07-29,pagué la luz,656.51,Consumo,Vivienda,Esencial,tarjeta de crédito,56.0,pagué la luz
44,Irene Cervantes,2026-07-01,2026-07-31,2026-07-30,Airbnb,93.57,Consumo,Viajes y vacaciones,Discrecional,tarjeta de crédito,50.7,airbnb
44,Irene Cervantes,2026-07-01,2026-07-31,2026-07-30,nómina,6369.27,Ingreso,,,transferencia bancaria,,nómina
44,Irene Cervantes,2026-07-01,2026-07-31,2026-07-31,súper,899.47,Consumo,Alimentación,Esencial,tarjeta de crédito,84.9,súper
44,Irene Cervantes,2026-07-01,2026-07-31,2026-07-31,seguro del coche,69.1,Consumo,Transporte,Esencial,tarjeta de débito,,seguro del coche
44,Irene Cervantes,2026-07-01,2026-07-31,2026-07-31,uber,628.91,Consumo,Transporte,Esencial,tarjeta de crédito,69.5,uber
44,Irene Cervantes,2026-07-01,2026-07-31,2026-07-31,consulta dental,305.64,Consumo,Salud,Esencial,tarjeta de crédito,86.8,consulta dental
45,Renata Soto,2026-07-01,2026-07-31,2026-07-01,consulta dental,273.78,Consumo,Salud,Esencial,tarjeta de débito,,consulta dental
45,Renata Soto,2026-07-01,2026-07-31,2026-07-02,restaurante,730.08,Consumo,Entretenimiento y ocio,Discrecional,transferencia bancaria,,restaurante
45,Renata Soto,2026-07-01,2026-07-31,2026-07-02,contador,229.9,Consumo,Otros,,tarjeta de crédito,64.1,contador
45,Renata Soto,2026-07-01,2026-07-31,2026-07-02,Walmart,193.52,Consumo,Alimentación,Esencial,tarjeta de crédito,72.2,walmart
45,Renata Soto,2026-07-01,2026-07-31,2026-07-03,despensa de la semana,1167.19,Consumo,Alimentación,Esencial,tarjeta de crédito,76.3,despensa de la semana
45,Renata Soto,2026-07-01,2026-07-31,2026-07-03,comida para la casa,236.28,Consumo,Alimentación,Esencial,tarjeta de crédito,63.1,comida para la casa
45,Renata Soto,2026-07-01,2026-07-31,2026-07-04,internet de la casa,518.57,Consumo,Vivienda,Esencial,tarjeta de crédito,67.7,internet de la casa
45,Renata Soto,2026-07-01,2026-07-31,2026-07-04,leche y huevos,50.35,Consumo,Alimentación,Esencial,tarjeta de crédito,83.0,leche y huevos
45,Renata Soto,2026-07-01,2026-07-31,2026-07-05,cambio de aceite,353.28,Consumo,Transporte,Esencial,tarjeta de crédito,61.9,cambio de aceite
45,Renata Soto,2026-07-01,2026-07-31,2026-07-06,gasolina,160.21,Consumo,Transporte,Esencial,tarjeta de crédito,63.1,gasolina
45,Renata Soto,2026-07-01,2026-07-31,2026-07-06,Walmart,428.27,Consumo,Alimentación,Esencial,tarjeta de débito,,walmart
45,Renata Soto,2026-07-01,2026-07-31,2026-07-07,camión,37.01,Consumo,Transporte,Esencial,tarjeta de crédito,82.4,camión
45,Renata Soto,2026-07-01,2026-07-31,2026-07-07,transporte al trabajo,158.27,Consumo,Transporte,Esencial,tarjeta de débito,,transporte al trabajo
45,Renata Soto,2026-07-01,2026-07-31,2026-07-09,ahorro,475.04,Ahorro e inversión,,,transferencia bancaria,,ahorro
45,Renata Soto,2026-07-01,2026-07-31,2026-07-11,leche y huevos,917.15,Consumo,Alimentación,Esencial,tarjeta de crédito,59.1,leche y huevos
45,Renata Soto,2026-07-01,2026-07-31,2026-07-13,reparación de la casa,569.53,Consumo,Vivienda,Esencial,tarjeta de débito,,reparación de la casa
45,Renata Soto,2026-07-01,2026-07-31,2026-07-14,hipoteca,667.67,Consumo,Vivienda,Esencial,efectivo,,hipoteca
45,Renata Soto,2026-07-01,2026-07-31,2026-07-15,camión,878.78,Consumo,Transporte,Esencial,tarjeta de débito,,camión
45,Renata Soto,2026-07-01,2026-07-31,2026-07-15,celular,1304.86,Consumo,Compras personales,Discrecional,tarjeta de crédito,86.8,celular
45,Renata Soto,2026-07-01,2026-07-31,2026-07-15,sueldo,7563.51,Ingreso,,,transferencia bancaria,,sueldo
45,Renata Soto,2026-07-01,2026-07-31,2026-07-17,análisis clínicos,145.1,Consumo,Salud,Esencial,tarjeta de crédito,90.6,análisis clínicos
45,Renata Soto,2026-07-01,2026-07-31,2026-07-17,Soriana,823.81,Consumo,Alimentación,Esencial,efectivo,,soriana
45,Renata Soto,2026-07-01,2026-07-31,2026-07-18,acciones,152.65,Ahorro e inversión,,,transferencia bancaria,,acciones
45,Renata Soto,2026-07-01,2026-07-31,2026-07-18,viaje de fin de semana,290.66,Consumo,Viajes y vacaciones,Discrecional,tarjeta de débito,,viaje de fin de semana
45,Renata Soto,2026-07-01,2026-07-31,2026-07-19,carne,285.38,Consumo,Alimentación,Esencial,tarjeta de crédito,85.9,carne
45,Renata Soto,2026-07-01,2026-07-31,2026-07-21,casetas,148.97,Consumo,Transporte,Esencial,tarjeta de crédito,94.0,casetas
45,Renata Soto,2026-07-01,2026-07-31,2026-07-21,metrobús,60.21,Consumo,Transporte,Esencial,tarjeta de crédito,60.0,metrobús
45,Renata Soto,2026-07-01,2026-07-31,2026-07-21,pago préstamo personal,5782.5,Pago de deuda,,,transferencia bancaria,,pago préstamo personal
45,Renata Soto,2026-07-01,2026-07-31,2026-07-22,seguro del coche,158.16,Consumo,Transporte,Esencial,tarjeta de crédito,89.3,seguro del coche
45,Renata Soto,2026-07-01,2026-07-31,2026-07-22,multa,141.01,Consumo,Otros,,tarjeta de crédito,73.4,multa
45,Renata Soto,2026-07-01,2026-07-31,2026-07-23,comida,446.05,Consumo,Alimentación,Esencial,tarjeta de crédito,91.2,comida
45,Renata Soto,2026-07-01,2026-07-31,2026-07-24,carga de gasolina,116.5,Consumo,Transporte,Esencial,tarjeta de débito,,carga de gasolina
45,Renata Soto,2026-07-01,2026-07-31,2026-07-24,lonche,372.92,Consumo,Alimentación,Esencial,tarjeta de crédito,86.6,lonche
45,Renata Soto,2026-07-01,2026-07-31,2026-07-25,pagaré bancario,206.74,Ahorro e inversión,,,transferencia bancaria,,pagaré bancario
45,Renata Soto,2026-07-01,2026-07-31,2026-07-27,veterinario,174.98,Consumo,Otros,,tarjeta de débito,,veterinario
45,Renata Soto,2026-07-01,2026-07-31,2026-07-28,casetas,35.47,Consumo,Transporte,Esencial,tarjeta de crédito,73.1,casetas
45,Renata Soto,2026-07-01,2026-07-31,2026-07-28,rayos x,38.33,Consumo,Salud,Esencial,tarjeta de débito,,rayos x
45,Renata Soto,2026-07-01,2026-07-31,2026-07-28,cosas del súper,175.28,Consumo,Alimentación,Esencial,efectivo,,cosas del súper
45,Renata Soto,2026-07-01,2026-07-31,2026-07-30,pago de trabajo,7563.51,Ingreso,,,transferencia bancaria,,pago de trabajo
46,Renata Ibarra,2026-07-01,2026-07-31,2026-07-01,agua,415.71,Consumo,Vivienda,Esencial,efectivo,,agua
46,Renata Ibarra,2026-07-01,2026-07-31,2026-07-02,llené el tanque,151.76,Consumo,Transporte,Esencial,tarjeta de débito,,llené el tanque
46,Renata Ibarra,2026-07-01,2026-07-31,2026-07-05,carne,360.73,Consumo,Alimentación,Esencial,tarjeta de crédito,42.3,carne
46,Renata Ibarra,2026-07-01,2026-07-31,2026-07-06,ETF,894.04,Ahorro e inversión,,,transferencia bancaria,,etf
46,Renata Ibarra,2026-07-01,2026-07-31,2026-07-06,Soriana,469.32,Consumo,Alimentación,Esencial,transferencia bancaria,,soriana
46,Renata Ibarra,2026-07-01,2026-07-31,2026-07-08,transporte al trabajo,583.23,Consumo,Transporte,Esencial,tarjeta de débito,,transporte al trabajo
46,Renata Ibarra,2026-07-01,2026-07-31,2026-07-09,pago TDC,318.04,Pago de deuda,,,transferencia bancaria,,pago tdc
46,Renata Ibarra,2026-07-01,2026-07-31,2026-07-10,compras de comida,543.92,Consumo,Alimentación,Esencial,tarjeta de débito,,compras de comida
46,Renata Ibarra,2026-07-01,2026-07-31,2026-07-11,Netflix,223.13,Consumo,Suscripciones digitales,Discrecional,tarjeta de crédito,61.9,netflix
46,Renata Ibarra,2026-07-01,2026-07-31,2026-07-14,agua y refrescos,1416.38,Consumo,Alimentación,Esencial,tarjeta de débito,,agua y refrescos
46,Renata Ibarra,2026-07-01,2026-07-31,2026-07-14,apoyo familiar,213.96,Consumo,Otros,,efectivo,,apoyo familiar
46,Renata Ibarra,2026-07-01,2026-07-31,2026-07-15,sueldo,8346.8,Ingreso,,,transferencia bancaria,,sueldo
46,Renata Ibarra,2026-07-01,2026-07-31,2026-07-16,documentos,176.67,Consumo,Otros,,tarjeta de débito,,documentos
46,Renata Ibarra,2026-07-01,2026-07-31,2026-07-16,Amazon,135.39,Consumo,Compras personales,Discrecional,tarjeta de débito,,amazon
46,Renata Ibarra,2026-07-01,2026-07-31,2026-07-17,reparación del coche,835.27,Consumo,Transporte,Esencial,efectivo,,reparación del coche
46,Renata Ibarra,2026-07-01,2026-07-31,2026-07-18,plomero,633.53,Consumo,Vivienda,Esencial,tarjeta de crédito,40.4,plomero
46,Renata Ibarra,2026-07-01,2026-07-31,2026-07-19,carga de gasolina,251.01,Consumo,Transporte,Esencial,transferencia bancaria,,carga de gasolina
46,Renata Ibarra,2026-07-01,2026-07-31,2026-07-20,accesorios,286.65,Consumo,Compras personales,Discrecional,tarjeta de débito,,accesorios
46,Renata Ibarra,2026-07-01,2026-07-31,2026-07-22,cosas del súper,176.1,Consumo,Alimentación,Esencial,tarjeta de crédito,54.2,cosas del súper
46,Renata Ibarra,2026-07-01,2026-07-31,2026-07-23,skincare,371.64,Consumo,Compras personales,Discrecional,tarjeta de crédito,52.9,skincare
46,Renata Ibarra,2026-07-01,2026-07-31,2026-07-23,cena fuera,568.46,Consumo,Entretenimiento y ocio,Discrecional,tarjeta de débito,,cena fuera
46,Renata Ibarra,2026-07-01,2026-07-31,2026-07-23,Canva Pro,410.81,Consumo,Suscripciones digitales,Discrecional,tarjeta de débito,,canva pro
46,Renata Ibarra,2026-07-01,2026-07-31,2026-07-24,ropa nueva,61.73,Consumo,Compras personales,Discrecional,tarjeta de crédito,53.3,ropa nueva
46,Renata Ibarra,2026-07-01,2026-07-31,2026-07-24,urgencias,329.92,Consumo,Salud,Esencial,efectivo,,urgencias
46,Renata Ibarra,2026-07-01,2026-07-31,2026-07-25,frutas y verduras,805.09,Consumo,Alimentación,Esencial,tarjeta de crédito,58.0,frutas y verduras
46,Renata Ibarra,2026-07-01,2026-07-31,2026-07-25,mantenimiento del depa,383.26,Consumo,Vivienda,Esencial,transferencia bancaria,,mantenimiento del depa
46,Renata Ibarra,2026-07-01,2026-07-31,2026-07-26,pago tarjeta BBVA,199.91,Pago de deuda,,,transferencia bancaria,,pago tarjeta bbva
46,Renata Ibarra,2026-07-01,2026-07-31,2026-07-27,apoyo familiar,80.15,Consumo,Otros,,tarjeta de crédito,36.9,apoyo familiar
46,Renata Ibarra,2026-07-01,2026-07-31,2026-07-28,Spotify,85.42,Consumo,Suscripciones digitales,Discrecional,efectivo,,spotify
46,Renata Ibarra,2026-07-01,2026-07-31,2026-07-29,comida,216.64,Consumo,Alimentación,Esencial,tarjeta de crédito,56.3,comida
46,Renata Ibarra,2026-07-01,2026-07-31,2026-07-30,Chedraui,123.54,Consumo,Alimentación,Esencial,tarjeta de débito,,chedraui
46,Renata Ibarra,2026-07-01,2026-07-31,2026-07-30,mandado,567.78,Consumo,Alimentación,Esencial,tarjeta de débito,,mandado
46,Renata Ibarra,2026-07-01,2026-07-31,2026-07-30,recibo de agua,65.56,Consumo,Vivienda,Esencial,tarjeta de débito,,recibo de agua
46,Renata Ibarra,2026-07-01,2026-07-31,2026-07-30,Spotify,658.42,Consumo,Suscripciones digitales,Discrecional,transferencia bancaria,,spotify
46,Renata Ibarra,2026-07-01,2026-07-31,2026-07-30,nómina,8346.8,Ingreso,,,transferencia bancaria,,nómina
46,Renata Ibarra,2026-07-01,2026-07-31,2026-07-31,audífonos,230.49,Consumo,Compras personales,Discrecional,tarjeta de débito,,audífonos
47,Rosa Mendoza,2026-07-01,2026-07-31,2026-07-01,Soriana,519.03,Consumo,Alimentación,Esencial,tarjeta de crédito,51.5,soriana
47,Rosa Mendoza,2026-07-01,2026-07-31,2026-07-02,cervezas con amigos,591.53,Consumo,Entretenimiento y ocio,Discrecional,tarjeta de débito,,cervezas con amigos
47,Rosa Mendoza,2026-07-01,2026-07-31,2026-07-03,compras de comida,66.68,Consumo,Alimentación,Esencial,transferencia bancaria,,compras de comida
47,Rosa Mendoza,2026-07-01,2026-07-31,2026-07-03,cosas del súper,1485.53,Consumo,Alimentación,Esencial,tarjeta de débito,,cosas del súper
47,Rosa Mendoza,2026-07-01,2026-07-31,2026-07-05,apartado de ahorro,100.0,Ahorro e inversión,,,transferencia bancaria,,apartado de ahorro
47,Rosa Mendoza,2026-07-01,2026-07-31,2026-07-05,comida fuera,115.27,Consumo,Entretenimiento y ocio,Discrecional,tarjeta de crédito,61.3,comida fuera
47,Rosa Mendoza,2026-07-01,2026-07-31,2026-07-05,cosméticos,2684.71,Consumo,Compras personales,Discrecional,tarjeta de crédito,57.6,cosméticos
47,Rosa Mendoza,2026-07-01,2026-07-31,2026-07-07,lonche,341.65,Consumo,Alimentación,Esencial,transferencia bancaria,,lonche
47,Rosa Mendoza,2026-07-01,2026-07-31,2026-07-09,abarrotes,255.94,Consumo,Alimentación,Esencial,transferencia bancaria,,abarrotes
47,Rosa Mendoza,2026-07-01,2026-07-31,2026-07-09,taxi del aeropuerto,492.28,Consumo,Viajes y vacaciones,Discrecional,tarjeta de crédito,61.5,taxi del aeropuerto
47,Rosa Mendoza,2026-07-01,2026-07-31,2026-07-09,abono a préstamo,344.76,Pago de deuda,,,transferencia bancaria,,abono a préstamo
47,Rosa Mendoza,2026-07-01,2026-07-31,2026-07-13,pollo,1158.24,Consumo,Alimentación,Esencial,transferencia bancaria,,pollo
47,Rosa Mendoza,2026-07-01,2026-07-31,2026-07-13,mandado,630.09,Consumo,Alimentación,Esencial,tarjeta de crédito,43.2,mandado
47,Rosa Mendoza,2026-07-01,2026-07-31,2026-07-13,gas de la casa,229.82,Consumo,Vivienda,Esencial,transferencia bancaria,,gas de la casa
47,Rosa Mendoza,2026-07-01,2026-07-31,2026-07-14,pagaré bancario,322.84,Ahorro e inversión,,,transferencia bancaria,,pagaré bancario
47,Rosa Mendoza,2026-07-01,2026-07-31,2026-07-14,aportación AFORE,132.78,Ahorro e inversión,,,transferencia bancaria,,aportación afore
47,Rosa Mendoza,2026-07-01,2026-07-31,2026-07-15,pago de trabajo,11758.68,Ingreso,,,transferencia bancaria,,pago de trabajo
47,Rosa Mendoza,2026-07-01,2026-07-31,2026-07-16,Mercado Libre,160.44,Consumo,Compras personales,Discrecional,efectivo,,mercado libre
47,Rosa Mendoza,2026-07-01,2026-07-31,2026-07-17,súper,400.49,Consumo,Alimentación,Esencial,efectivo,,súper
47,Rosa Mendoza,2026-07-01,2026-07-31,2026-07-17,pagué la luz,854.91,Consumo,Vivienda,Esencial,transferencia bancaria,,pagué la luz
47,Rosa Mendoza,2026-07-01,2026-07-31,2026-07-17,pago de tarjeta,823.83,Pago de deuda,,,transferencia bancaria,,pago de tarjeta
47,Rosa Mendoza,2026-07-01,2026-07-31,2026-07-18,restaurante,116.56,Consumo,Entretenimiento y ocio,Discrecional,transferencia bancaria,,restaurante
47,Rosa Mendoza,2026-07-01,2026-07-31,2026-07-19,metrobús,468.67,Consumo,Transporte,Esencial,tarjeta de débito,,metrobús
47,Rosa Mendoza,2026-07-01,2026-07-31,2026-07-19,fiesta,510.56,Consumo,Entretenimiento y ocio,Discrecional,tarjeta de débito,,fiesta
47,Rosa Mendoza,2026-07-01,2026-07-31,2026-07-19,gas de la casa,60.79,Consumo,Vivienda,Esencial,efectivo,,gas de la casa
47,Rosa Mendoza,2026-07-01,2026-07-31,2026-07-20,compras de comida,182.62,Consumo,Alimentación,Esencial,tarjeta de débito,,compras de comida
47,Rosa Mendoza,2026-07-01,2026-07-31,2026-07-22,casetas,1420.88,Consumo,Transporte,Esencial,transferencia bancaria,,casetas
47,Rosa Mendoza,2026-07-01,2026-07-31,2026-07-22,mercado,550.54,Consumo,Alimentación,Esencial,tarjeta de crédito,58.5,mercado
47,Rosa Mendoza,2026-07-01,2026-07-31,2026-07-25,compras de comida,947.58,Consumo,Alimentación,Esencial,transferencia bancaria,,compras de comida
47,Rosa Mendoza,2026-07-01,2026-07-31,2026-07-26,estacionamiento,573.65,Consumo,Transporte,Esencial,tarjeta de crédito,51.0,estacionamiento
47,Rosa Mendoza,2026-07-01,2026-07-31,2026-07-26,frutas y verduras,378.18,Consumo,Alimentación,Esencial,transferencia bancaria,,frutas y verduras
47,Rosa Mendoza,2026-07-01,2026-07-31,2026-07-26,restaurante,85.61,Consumo,Entretenimiento y ocio,Discrecional,tarjeta de débito,,restaurante
47,Rosa Mendoza,2026-07-01,2026-07-31,2026-07-26,pago tarjeta BBVA,497.66,Pago de deuda,,,transferencia bancaria,,pago tarjeta bbva
47,Rosa Mendoza,2026-07-01,2026-07-31,2026-07-28,casetas,310.08,Consumo,Transporte,Esencial,tarjeta de crédito,43.3,casetas
47,Rosa Mendoza,2026-07-01,2026-07-31,2026-07-28,Chedraui,77.34,Consumo,Alimentación,Esencial,transferencia bancaria,,chedraui
47,Rosa Mendoza,2026-07-01,2026-07-31,2026-07-29,electricista,1019.7,Consumo,Vivienda,Esencial,transferencia bancaria,,electricista
47,Rosa Mendoza,2026-07-01,2026-07-31,2026-07-30,sueldo,11758.68,Ingreso,,,transferencia bancaria,,sueldo
47,Rosa Mendoza,2026-07-01,2026-07-31,2026-07-31,excursión,176.1,Consumo,Viajes y vacaciones,Discrecional,efectivo,,excursión
48,Camila Cortés,2026-07-01,2026-07-31,2026-07-01,camión,359.79,Consumo,Transporte,Esencial,tarjeta de débito,,camión
48,Camila Cortés,2026-07-01,2026-07-31,2026-07-01,súper,135.19,Consumo,Alimentación,Esencial,tarjeta de crédito,66.4,súper
48,Camila Cortés,2026-07-01,2026-07-31,2026-07-01,regalo para alguien,716.93,Consumo,Otros,,tarjeta de débito,,regalo para alguien
48,Camila Cortés,2026-07-01,2026-07-31,2026-07-02,lonche,76.49,Consumo,Alimentación,Esencial,tarjeta de débito,,lonche
48,Camila Cortés,2026-07-01,2026-07-31,2026-07-02,cena del viernes,45.51,Consumo,Entretenimiento y ocio,Discrecional,tarjeta de crédito,48.8,cena del viernes
48,Camila Cortés,2026-07-01,2026-07-31,2026-07-03,pescado,389.29,Consumo,Alimentación,Esencial,efectivo,,pescado
48,Camila Cortés,2026-07-01,2026-07-31,2026-07-03,café,581.96,Consumo,Entretenimiento y ocio,Discrecional,tarjeta de débito,,café
48,Camila Cortés,2026-07-01,2026-07-31,2026-07-06,verificación,1191.25,Consumo,Transporte,Esencial,tarjeta de crédito,37.0,verificación
48,Camila Cortés,2026-07-01,2026-07-31,2026-07-07,verificación,547.8,Consumo,Transporte,Esencial,transferencia bancaria,,verificación
48,Camila Cortés,2026-07-01,2026-07-31,2026-07-07,Soriana,2494.18,Consumo,Alimentación,Esencial,tarjeta de crédito,46.3,soriana
48,Camila Cortés,2026-07-01,2026-07-31,2026-07-07,reloj,573.3,Consumo,Compras personales,Discrecional,transferencia bancaria,,reloj
48,Camila Cortés,2026-07-01,2026-07-31,2026-07-07,cine,499.36,Consumo,Entretenimiento y ocio,Discrecional,tarjeta de débito,,cine
48,Camila Cortés,2026-07-01,2026-07-31,2026-07-08,skincare,724.41,Consumo,Compras personales,Discrecional,transferencia bancaria,,skincare
48,Camila Cortés,2026-07-01,2026-07-31,2026-07-08,accesorios,643.53,Consumo,Compras personales,Discrecional,tarjeta de crédito,46.2,accesorios
48,Camila Cortés,2026-07-01,2026-07-31,2026-07-08,pago de tarjeta,1205.79,Pago de deuda,,,transferencia bancaria,,pago de tarjeta
48,Camila Cortés,2026-07-01,2026-07-31,2026-07-09,fondo de inversión,515.76,Ahorro e inversión,,,transferencia bancaria,,fondo de inversión
48,Camila Cortés,2026-07-01,2026-07-31,2026-07-09,despensa de la semana,281.58,Consumo,Alimentación,Esencial,transferencia bancaria,,despensa de la semana
48,Camila Cortés,2026-07-01,2026-07-31,2026-07-09,cervezas con amigos,164.18,Consumo,Entretenimiento y ocio,Discrecional,tarjeta de débito,,cervezas con amigos
48,Camila Cortés,2026-07-01,2026-07-31,2026-07-10,zapatos,948.4,Consumo,Compras personales,Discrecional,tarjeta de crédito,52.3,zapatos
48,Camila Cortés,2026-07-01,2026-07-31,2026-07-11,escuela,770.71,Consumo,Educación,Esencial,tarjeta de crédito,54.6,escuela
48,Camila Cortés,2026-07-01,2026-07-31,2026-07-12,comida para la casa,1524.55,Consumo,Alimentación,Esencial,transferencia bancaria,,comida para la casa
48,Camila Cortés,2026-07-01,2026-07-31,2026-07-15,renta,898.3,Consumo,Vivienda,Esencial,tarjeta de débito,,renta
48,Camila Cortés,2026-07-01,2026-07-31,2026-07-15,nómina,14394.05,Ingreso,,,transferencia bancaria,,nómina
48,Camila Cortés,2026-07-01,2026-07-31,2026-07-16,servicio del coche,563.45,Consumo,Transporte,Esencial,efectivo,,servicio del coche
48,Camila Cortés,2026-07-01,2026-07-31,2026-07-16,comida para la casa,831.25,Consumo,Alimentación,Esencial,efectivo,,comida para la casa
48,Camila Cortés,2026-07-01,2026-07-31,2026-07-20,videojuego,402.45,Consumo,Entretenimiento y ocio,Discrecional,tarjeta de débito,,videojuego
48,Camila Cortés,2026-07-01,2026-07-31,2026-07-21,pagué la luz,306.77,Consumo,Vivienda,Esencial,tarjeta de crédito,55.6,pagué la luz
48,Camila Cortés,2026-07-01,2026-07-31,2026-07-24,renta,267.65,Consumo,Vivienda,Esencial,tarjeta de crédito,65.5,renta
48,Camila Cortés,2026-07-01,2026-07-31,2026-07-24,Google One,330.5,Consumo,Suscripciones digitales,Discrecional,efectivo,,google one
48,Camila Cortés,2026-07-01,2026-07-31,2026-07-25,abarrotes,273.93,Consumo,Alimentación,Esencial,tarjeta de crédito,54.2,abarrotes
48,Camila Cortés,2026-07-01,2026-07-31,2026-07-26,cosas del súper,1145.05,Consumo,Alimentación,Esencial,tarjeta de débito,,cosas del súper
48,Camila Cortés,2026-07-01,2026-07-31,2026-07-27,agua,704.68,Consumo,Vivienda,Esencial,tarjeta de crédito,67.2,agua
48,Camila Cortés,2026-07-01,2026-07-31,2026-07-30,Chedraui,80.52,Consumo,Alimentación,Esencial,tarjeta de débito,,chedraui
48,Camila Cortés,2026-07-01,2026-07-31,2026-07-30,pollo,240.14,Consumo,Alimentación,Esencial,tarjeta de débito,,pollo
48,Camila Cortés,2026-07-01,2026-07-31,2026-07-30,cremas,650.79,Consumo,Compras personales,Discrecional,efectivo,,cremas
48,Camila Cortés,2026-07-01,2026-07-31,2026-07-30,taxi del aeropuerto,93.41,Consumo,Viajes y vacaciones,Discrecional,efectivo,,taxi del aeropuerto
48,Camila Cortés,2026-07-01,2026-07-31,2026-07-30,quincena,14394.05,Ingreso,,,transferencia bancaria,,quincena
48,Camila Cortés,2026-07-01,2026-07-31,2026-07-31,actividades del viaje,545.87,Consumo,Viajes y vacaciones,Discrecional,tarjeta de débito,,actividades del viaje
49,Ángel Cervantes,2026-07-01,2026-07-31,2026-07-01,leche y huevos,958.98,Consumo,Alimentación,Esencial,transferencia bancaria,,leche y huevos
49,Ángel Cervantes,2026-07-01,2026-07-31,2026-07-02,despensa de la semana,987.99,Consumo,Alimentación,Esencial,transferencia bancaria,,despensa de la semana
49,Ángel Cervantes,2026-07-01,2026-07-31,2026-07-02,zapatos,654.88,Consumo,Compras personales,Discrecional,tarjeta de crédito,59.9,zapatos
49,Ángel Cervantes,2026-07-01,2026-07-31,2026-07-03,Soriana,2974.0,Consumo,Alimentación,Esencial,transferencia bancaria,,soriana
49,Ángel Cervantes,2026-07-01,2026-07-31,2026-07-04,estacionamiento,3307.76,Consumo,Transporte,Esencial,tarjeta de crédito,51.5,estacionamiento
49,Ángel Cervantes,2026-07-01,2026-07-31,2026-07-05,taxi,839.11,Consumo,Transporte,Esencial,tarjeta de crédito,52.8,taxi
49,Ángel Cervantes,2026-07-01,2026-07-31,2026-07-07,carga de gasolina,424.93,Consumo,Transporte,Esencial,tarjeta de débito,,carga de gasolina
49,Ángel Cervantes,2026-07-01,2026-07-31,2026-07-07,internet de la casa,1691.93,Consumo,Vivienda,Esencial,transferencia bancaria,,internet de la casa
49,Ángel Cervantes,2026-07-01,2026-07-31,2026-07-10,consulta,1506.43,Consumo,Salud,Esencial,efectivo,,consulta
49,Ángel Cervantes,2026-07-01,2026-07-31,2026-07-11,leche y huevos,2348.41,Consumo,Alimentación,Esencial,transferencia bancaria,,leche y huevos
49,Ángel Cervantes,2026-07-01,2026-07-31,2026-07-11,mercado,1865.96,Consumo,Alimentación,Esencial,efectivo,,mercado
49,Ángel Cervantes,2026-07-01,2026-07-31,2026-07-12,cambio de aceite,671.5,Consumo,Transporte,Esencial,transferencia bancaria,,cambio de aceite
49,Ángel Cervantes,2026-07-01,2026-07-31,2026-07-12,audífonos,624.17,Consumo,Compras personales,Discrecional,tarjeta de crédito,64.0,audífonos
49,Ángel Cervantes,2026-07-01,2026-07-31,2026-07-14,compras de comida,4952.31,Consumo,Alimentación,Esencial,efectivo,,compras de comida
49,Ángel Cervantes,2026-07-01,2026-07-31,2026-07-14,pescado,557.01,Consumo,Alimentación,Esencial,tarjeta de crédito,69.2,pescado
49,Ángel Cervantes,2026-07-01,2026-07-31,2026-07-15,sueldo,18504.58,Ingreso,,,transferencia bancaria,,sueldo
49,Ángel Cervantes,2026-07-01,2026-07-31,2026-07-16,pago de tarjeta,8325.53,Pago de deuda,,,transferencia bancaria,,pago de tarjeta
49,Ángel Cervantes,2026-07-01,2026-07-31,2026-07-17,carga de gasolina,117.2,Consumo,Transporte,Esencial,tarjeta de débito,,carga de gasolina
49,Ángel Cervantes,2026-07-01,2026-07-31,2026-07-17,camión,589.91,Consumo,Transporte,Esencial,tarjeta de crédito,69.8,camión
49,Ángel Cervantes,2026-07-01,2026-07-31,2026-07-17,ropa nueva,1446.28,Consumo,Compras personales,Discrecional,tarjeta de débito,,ropa nueva
49,Ángel Cervantes,2026-07-01,2026-07-31,2026-07-18,despensa de la semana,1263.41,Consumo,Alimentación,Esencial,tarjeta de crédito,65.7,despensa de la semana
49,Ángel Cervantes,2026-07-01,2026-07-31,2026-07-18,mascota,1033.47,Consumo,Otros,,transferencia bancaria,,mascota
49,Ángel Cervantes,2026-07-01,2026-07-31,2026-07-20,hipoteca,102.03,Consumo,Vivienda,Esencial,tarjeta de débito,,hipoteca
49,Ángel Cervantes,2026-07-01,2026-07-31,2026-07-21,pan y tortillas,763.89,Consumo,Alimentación,Esencial,tarjeta de débito,,pan y tortillas
49,Ángel Cervantes,2026-07-01,2026-07-31,2026-07-21,abogado,865.99,Consumo,Otros,,tarjeta de débito,,abogado
49,Ángel Cervantes,2026-07-01,2026-07-31,2026-07-21,camión,199.7,Consumo,Transporte,Esencial,efectivo,,camión
49,Ángel Cervantes,2026-07-01,2026-07-31,2026-07-21,Google One,985.77,Consumo,Suscripciones digitales,Discrecional,tarjeta de crédito,36.4,google one
49,Ángel Cervantes,2026-07-01,2026-07-31,2026-07-21,recibo de luz,1315.96,Consumo,Vivienda,Esencial,transferencia bancaria,,recibo de luz
49,Ángel Cervantes,2026-07-01,2026-07-31,2026-07-21,reparación de la casa,2960.72,Consumo,Vivienda,Esencial,efectivo,,reparación de la casa
49,Ángel Cervantes,2026-07-01,2026-07-31,2026-07-22,Costco,78.15,Consumo,Alimentación,Esencial,transferencia bancaria,,costco
49,Ángel Cervantes,2026-07-01,2026-07-31,2026-07-23,pasajes de la semana,297.65,Consumo,Transporte,Esencial,tarjeta de débito,,pasajes de la semana
49,Ángel Cervantes,2026-07-01,2026-07-31,2026-07-23,playera,1426.23,Consumo,Compras personales,Discrecional,tarjeta de crédito,58.1,playera
49,Ángel Cervantes,2026-07-01,2026-07-31,2026-07-25,seguro del coche,930.54,Consumo,Transporte,Esencial,transferencia bancaria,,seguro del coche
49,Ángel Cervantes,2026-07-01,2026-07-31,2026-07-28,hipoteca,210.85,Consumo,Vivienda,Esencial,tarjeta de débito,,hipoteca
49,Ángel Cervantes,2026-07-01,2026-07-31,2026-07-28,diplomado,313.83,Consumo,Educación,Esencial,tarjeta de débito,,diplomado
49,Ángel Cervantes,2026-07-01,2026-07-31,2026-07-30,inscripción,1717.18,Consumo,Educación,Esencial,tarjeta de crédito,43.2,inscripción
49,Ángel Cervantes,2026-07-01,2026-07-31,2026-07-30,quincena,18504.58,Ingreso,,,transferencia bancaria,,quincena
49,Ángel Cervantes,2026-07-01,2026-07-31,2026-07-31,regalo,391.72,Consumo,Compras personales,Discrecional,tarjeta de crédito,63.4,regalo
50,Sofía Rojas,2026-07-01,2026-07-31,2026-07-03,tablet,804.5,Consumo,Compras personales,Discrecional,tarjeta de crédito,60.1,tablet
50,Sofía Rojas,2026-07-01,2026-07-31,2026-07-05,pescado,230.26,Consumo,Alimentación,Esencial,transferencia bancaria,,pescado
50,Sofía Rojas,2026-07-01,2026-07-31,2026-07-05,pago de impuestos,298.86,Consumo,Otros,,transferencia bancaria,,pago de impuestos
50,Sofía Rojas,2026-07-01,2026-07-31,2026-07-06,compra en línea,595.89,Consumo,Compras personales,Discrecional,transferencia bancaria,,compra en línea
50,Sofía Rojas,2026-07-01,2026-07-31,2026-07-07,despensa de la semana,783.91,Consumo,Alimentación,Esencial,tarjeta de débito,,despensa de la semana
50,Sofía Rojas,2026-07-01,2026-07-31,2026-07-09,fondo de inversión,5887.27,Ahorro e inversión,,,transferencia bancaria,,fondo de inversión
50,Sofía Rojas,2026-07-01,2026-07-31,2026-07-09,pollo,2999.18,Consumo,Alimentación,Esencial,tarjeta de débito,,pollo
50,Sofía Rojas,2026-07-01,2026-07-31,2026-07-09,abono a préstamo,374.51,Pago de deuda,,,transferencia bancaria,,abono a préstamo
50,Sofía Rojas,2026-07-01,2026-07-31,2026-07-10,agua y refrescos,175.31,Consumo,Alimentación,Esencial,tarjeta de crédito,45.8,agua y refrescos
50,Sofía Rojas,2026-07-01,2026-07-31,2026-07-10,rayos x,1099.96,Consumo,Salud,Esencial,efectivo,,rayos x
50,Sofía Rojas,2026-07-01,2026-07-31,2026-07-11,boletos de concierto,97.33,Consumo,Entretenimiento y ocio,Discrecional,tarjeta de débito,,boletos de concierto
50,Sofía Rojas,2026-07-01,2026-07-31,2026-07-12,metro,2632.04,Consumo,Transporte,Esencial,transferencia bancaria,,metro
50,Sofía Rojas,2026-07-01,2026-07-31,2026-07-12,peaje,467.93,Consumo,Transporte,Esencial,efectivo,,peaje
50,Sofía Rojas,2026-07-01,2026-07-31,2026-07-12,carne,1360.22,Consumo,Alimentación,Esencial,transferencia bancaria,,carne
50,Sofía Rojas,2026-07-01,2026-07-31,2026-07-13,Soriana,4036.81,Consumo,Alimentación,Esencial,transferencia bancaria,,soriana
50,Sofía Rojas,2026-07-01,2026-07-31,2026-07-13,abono a préstamo,1523.05,Pago de deuda,,,transferencia bancaria,,abono a préstamo
50,Sofía Rojas,2026-07-01,2026-07-31,2026-07-14,súper,181.92,Consumo,Alimentación,Esencial,tarjeta de crédito,56.1,súper
50,Sofía Rojas,2026-07-01,2026-07-31,2026-07-15,comida para la casa,714.19,Consumo,Alimentación,Esencial,tarjeta de crédito,46.4,comida para la casa
50,Sofía Rojas,2026-07-01,2026-07-31,2026-07-15,gas,325.97,Consumo,Vivienda,Esencial,tarjeta de crédito,60.7,gas
50,Sofía Rojas,2026-07-01,2026-07-31,2026-07-15,pago de trabajo,35572.18,Ingreso,,,transferencia bancaria,,pago de trabajo
50,Sofía Rojas,2026-07-01,2026-07-31,2026-07-16,vacunas,99.94,Consumo,Salud,Esencial,tarjeta de crédito,63.9,vacunas
50,Sofía Rojas,2026-07-01,2026-07-31,2026-07-16,pago de crédito,2369.47,Pago de deuda,,,transferencia bancaria,,pago de crédito
50,Sofía Rojas,2026-07-01,2026-07-31,2026-07-17,frutas y verduras,1591.95,Consumo,Alimentación,Esencial,tarjeta de crédito,57.1,frutas y verduras
50,Sofía Rojas,2026-07-01,2026-07-31,2026-07-17,súper,863.91,Consumo,Alimentación,Esencial,tarjeta de débito,,súper
50,Sofía Rojas,2026-07-01,2026-07-31,2026-07-18,pan y tortillas,261.49,Consumo,Alimentación,Esencial,tarjeta de crédito,42.9,pan y tortillas
50,Sofía Rojas,2026-07-01,2026-07-31,2026-07-19,agua y refrescos,1166.66,Consumo,Alimentación,Esencial,efectivo,,agua y refrescos
50,Sofía Rojas,2026-07-01,2026-07-31,2026-07-19,donación,271.08,Consumo,Otros,,transferencia bancaria,,donación
50,Sofía Rojas,2026-07-01,2026-07-31,2026-07-20,camión,1248.53,Consumo,Transporte,Esencial,efectivo,,camión
50,Sofía Rojas,2026-07-01,2026-07-31,2026-07-21,skincare,415.25,Consumo,Compras personales,Discrecional,tarjeta de crédito,63.2,skincare
50,Sofía Rojas,2026-07-01,2026-07-31,2026-07-22,frutas y verduras,122.61,Consumo,Alimentación,Esencial,efectivo,,frutas y verduras
50,Sofía Rojas,2026-07-01,2026-07-31,2026-07-22,bar,1655.7,Consumo,Entretenimiento y ocio,Discrecional,efectivo,,bar
50,Sofía Rojas,2026-07-01,2026-07-31,2026-07-23,despensa de la semana,1114.58,Consumo,Alimentación,Esencial,efectivo,,despensa de la semana
50,Sofía Rojas,2026-07-01,2026-07-31,2026-07-24,trámite,1217.87,Consumo,Otros,,tarjeta de débito,,trámite
50,Sofía Rojas,2026-07-01,2026-07-31,2026-07-25,llantas,683.31,Consumo,Transporte,Esencial,efectivo,,llantas
50,Sofía Rojas,2026-07-01,2026-07-31,2026-07-25,Chedraui,846.08,Consumo,Alimentación,Esencial,transferencia bancaria,,chedraui
50,Sofía Rojas,2026-07-01,2026-07-31,2026-07-27,llené el tanque,1237.73,Consumo,Transporte,Esencial,transferencia bancaria,,llené el tanque
50,Sofía Rojas,2026-07-01,2026-07-31,2026-07-27,boliche,320.67,Consumo,Entretenimiento y ocio,Discrecional,tarjeta de crédito,55.2,boliche
50,Sofía Rojas,2026-07-01,2026-07-31,2026-07-27,camisa,779.56,Consumo,Compras personales,Discrecional,tarjeta de débito,,camisa
50,Sofía Rojas,2026-07-01,2026-07-31,2026-07-28,ingredientes para cocinar,176.15,Consumo,Alimentación,Esencial,transferencia bancaria,,ingredientes para cocinar
50,Sofía Rojas,2026-07-01,2026-07-31,2026-07-29,leche y huevos,1125.15,Consumo,Alimentación,Esencial,efectivo,,leche y huevos
50,Sofía Rojas,2026-07-01,2026-07-31,2026-07-30,metro,456.43,Consumo,Transporte,Esencial,tarjeta de débito,,metro
50,Sofía Rojas,2026-07-01,2026-07-31,2026-07-30,compra en línea,1474.93,Consumo,Compras personales,Discrecional,tarjeta de débito,,compra en línea
50,Sofía Rojas,2026-07-01,2026-07-31,2026-07-30,salario,35572.18,Ingreso,,,transferencia bancaria,,salario
50,Sofía Rojas,2026-07-01,2026-07-31,2026-07-31,pago de renta,4901.99,Consumo,Vivienda,Esencial,transferencia bancaria,,pago de renta
51,Sergio Valdez,2026-07-01,2026-07-31,2026-07-01,pescado,245.28,Consumo,Alimentación,Esencial,efectivo,,pescado
51,Sergio Valdez,2026-07-01,2026-07-31,2026-07-01,boletos de avión,138.77,Consumo,Viajes y vacaciones,Discrecional,tarjeta de débito,,boletos de avión
51,Sergio Valdez,2026-07-01,2026-07-31,2026-07-03,casetas,414.05,Consumo,Transporte,Esencial,tarjeta de débito,,casetas
51,Sergio Valdez,2026-07-01,2026-07-31,2026-07-03,celular,117.26,Consumo,Compras personales,Discrecional,tarjeta de crédito,40.9,celular
51,Sergio Valdez,2026-07-01,2026-07-31,2026-07-04,frutas y verduras,355.21,Consumo,Alimentación,Esencial,efectivo,,frutas y verduras
51,Sergio Valdez,2026-07-01,2026-07-31,2026-07-04,Soriana,362.96,Consumo,Alimentación,Esencial,transferencia bancaria,,soriana
51,Sergio Valdez,2026-07-01,2026-07-31,2026-07-06,recibo de luz,300.26,Consumo,Vivienda,Esencial,tarjeta de crédito,60.0,recibo de luz
51,Sergio Valdez,2026-07-01,2026-07-31,2026-07-09,agua y refrescos,329.19,Consumo,Alimentación,Esencial,tarjeta de débito,,agua y refrescos
51,Sergio Valdez,2026-07-01,2026-07-31,2026-07-11,Walmart,128.87,Consumo,Alimentación,Esencial,transferencia bancaria,,walmart
51,Sergio Valdez,2026-07-01,2026-07-31,2026-07-11,cosas del súper,84.46,Consumo,Alimentación,Esencial,tarjeta de débito,,cosas del súper
51,Sergio Valdez,2026-07-01,2026-07-31,2026-07-13,Chedraui,80.55,Consumo,Alimentación,Esencial,transferencia bancaria,,chedraui
51,Sergio Valdez,2026-07-01,2026-07-31,2026-07-13,gasolina,78.18,Consumo,Transporte,Esencial,transferencia bancaria,,gasolina
51,Sergio Valdez,2026-07-01,2026-07-31,2026-07-15,Walmart,185.83,Consumo,Alimentación,Esencial,efectivo,,walmart
51,Sergio Valdez,2026-07-01,2026-07-31,2026-07-15,salario,3979.14,Ingreso,,,transferencia bancaria,,salario
51,Sergio Valdez,2026-07-01,2026-07-31,2026-07-16,comida,171.31,Consumo,Alimentación,Esencial,efectivo,,comida
51,Sergio Valdez,2026-07-01,2026-07-31,2026-07-16,hipoteca,397.56,Consumo,Vivienda,Esencial,efectivo,,hipoteca
51,Sergio Valdez,2026-07-01,2026-07-31,2026-07-18,camión,218.4,Consumo,Transporte,Esencial,tarjeta de crédito,71.6,camión
51,Sergio Valdez,2026-07-01,2026-07-31,2026-07-18,especialista,108.25,Consumo,Salud,Esencial,efectivo,,especialista
51,Sergio Valdez,2026-07-01,2026-07-31,2026-07-19,Chedraui,111.88,Consumo,Alimentación,Esencial,tarjeta de crédito,47.8,chedraui
51,Sergio Valdez,2026-07-01,2026-07-31,2026-07-19,cargo bancario,136.31,Consumo,Otros,,tarjeta de débito,,cargo bancario
51,Sergio Valdez,2026-07-01,2026-07-31,2026-07-19,consulta dental,439.97,Consumo,Salud,Esencial,transferencia bancaria,,consulta dental
51,Sergio Valdez,2026-07-01,2026-07-31,2026-07-20,mantenimiento del depa,262.67,Consumo,Vivienda,Esencial,tarjeta de débito,,mantenimiento del depa
51,Sergio Valdez,2026-07-01,2026-07-31,2026-07-20,pago préstamo personal,447.39,Pago de deuda,,,transferencia bancaria,,pago préstamo personal
51,Sergio Valdez,2026-07-01,2026-07-31,2026-07-21,verificación,37.65,Consumo,Transporte,Esencial,transferencia bancaria,,verificación
51,Sergio Valdez,2026-07-01,2026-07-31,2026-07-22,cosas del súper,63.58,Consumo,Alimentación,Esencial,efectivo,,cosas del súper
51,Sergio Valdez,2026-07-01,2026-07-31,2026-07-23,CETES Directo,228.39,Ahorro e inversión,,,transferencia bancaria,,cetes directo
51,Sergio Valdez,2026-07-01,2026-07-31,2026-07-23,seguro médico,60.13,Consumo,Salud,Esencial,transferencia bancaria,,seguro médico
51,Sergio Valdez,2026-07-01,2026-07-31,2026-07-24,joyería,142.42,Consumo,Compras personales,Discrecional,efectivo,,joyería
51,Sergio Valdez,2026-07-01,2026-07-31,2026-07-26,Costco,308.62,Consumo,Alimentación,Esencial,transferencia bancaria,,costco
51,Sergio Valdez,2026-07-01,2026-07-31,2026-07-26,verificación,383.45,Consumo,Transporte,Esencial,efectivo,,verificación
51,Sergio Valdez,2026-07-01,2026-07-31,2026-07-27,carne,276.6,Consumo,Alimentación,Esencial,transferencia bancaria,,carne
51,Sergio Valdez,2026-07-01,2026-07-31,2026-07-27,tablet,44.29,Consumo,Compras personales,Discrecional,tarjeta de crédito,39.7,tablet
51,Sergio Valdez,2026-07-01,2026-07-31,2026-07-28,evento,391.84,Consumo,Entretenimiento y ocio,Discrecional,tarjeta de débito,,evento
51,Sergio Valdez,2026-07-01,2026-07-31,2026-07-28,bolsa,352.75,Consumo,Compras personales,Discrecional,tarjeta de débito,,bolsa
51,Sergio Valdez,2026-07-01,2026-07-31,2026-07-30,pollo,37.18,Consumo,Alimentación,Esencial,tarjeta de débito,,pollo
51,Sergio Valdez,2026-07-01,2026-07-31,2026-07-30,pago de impuestos,158.49,Consumo,Otros,,transferencia bancaria,,pago de impuestos
51,Sergio Valdez,2026-07-01,2026-07-31,2026-07-30,nómina,3979.14,Ingreso,,,transferencia bancaria,,nómina
51,Sergio Valdez,2026-07-01,2026-07-31,2026-07-31,llantas,98.57,Consumo,Transporte,Esencial,transferencia bancaria,,llantas
52,Eduardo Aguilar,2026-07-01,2026-07-31,2026-07-01,pescado,45.56,Consumo,Alimentación,Esencial,tarjeta de crédito,62.9,pescado
52,Eduardo Aguilar,2026-07-01,2026-07-31,2026-07-02,mensualidad del depa,114.37,Consumo,Vivienda,Esencial,tarjeta de débito,,mensualidad del depa
52,Eduardo Aguilar,2026-07-01,2026-07-31,2026-07-03,gas,356.7,Consumo,Vivienda,Esencial,tarjeta de débito,,gas
52,Eduardo Aguilar,2026-07-01,2026-07-31,2026-07-05,agua y refrescos,474.42,Consumo,Alimentación,Esencial,efectivo,,agua y refrescos
52,Eduardo Aguilar,2026-07-01,2026-07-31,2026-07-05,pago mínimo de tarjeta,178.71,Pago de deuda,,,transferencia bancaria,,pago mínimo de tarjeta
52,Eduardo Aguilar,2026-07-01,2026-07-31,2026-07-06,vacunas,212.62,Consumo,Salud,Esencial,tarjeta de débito,,vacunas
52,Eduardo Aguilar,2026-07-01,2026-07-31,2026-07-08,agua,46.41,Consumo,Vivienda,Esencial,tarjeta de débito,,agua
52,Eduardo Aguilar,2026-07-01,2026-07-31,2026-07-10,excursión,128.17,Consumo,Viajes y vacaciones,Discrecional,tarjeta de débito,,excursión
52,Eduardo Aguilar,2026-07-01,2026-07-31,2026-07-11,agua,117.3,Consumo,Vivienda,Esencial,efectivo,,agua
52,Eduardo Aguilar,2026-07-01,2026-07-31,2026-07-11,didi,613.38,Consumo,Transporte,Esencial,transferencia bancaria,,didi
52,Eduardo Aguilar,2026-07-01,2026-07-31,2026-07-12,cervezas con amigos,259.94,Consumo,Entretenimiento y ocio,Discrecional,efectivo,,cervezas con amigos
52,Eduardo Aguilar,2026-07-01,2026-07-31,2026-07-13,electricista,321.4,Consumo,Vivienda,Esencial,tarjeta de débito,,electricista
52,Eduardo Aguilar,2026-07-01,2026-07-31,2026-07-13,gas,268.9,Consumo,Vivienda,Esencial,tarjeta de débito,,gas
52,Eduardo Aguilar,2026-07-01,2026-07-31,2026-07-14,plomero,65.62,Consumo,Vivienda,Esencial,tarjeta de crédito,66.0,plomero
52,Eduardo Aguilar,2026-07-01,2026-07-31,2026-07-15,mantenimiento del depa,438.95,Consumo,Vivienda,Esencial,tarjeta de débito,,mantenimiento del depa
52,Eduardo Aguilar,2026-07-01,2026-07-31,2026-07-15,salario,4665.5,Ingreso,,,transferencia bancaria,,salario
52,Eduardo Aguilar,2026-07-01,2026-07-31,2026-07-16,cargo bancario,314.2,Consumo,Otros,,transferencia bancaria,,cargo bancario
52,Eduardo Aguilar,2026-07-01,2026-07-31,2026-07-17,escuela,287.99,Consumo,Educación,Esencial,tarjeta de débito,,escuela
52,Eduardo Aguilar,2026-07-01,2026-07-31,2026-07-18,internet de la casa,272.46,Consumo,Vivienda,Esencial,efectivo,,internet de la casa
52,Eduardo Aguilar,2026-07-01,2026-07-31,2026-07-18,cambio de aceite,142.45,Consumo,Transporte,Esencial,tarjeta de débito,,cambio de aceite
52,Eduardo Aguilar,2026-07-01,2026-07-31,2026-07-19,cuota de condominio,130.21,Consumo,Vivienda,Esencial,efectivo,,cuota de condominio
52,Eduardo Aguilar,2026-07-01,2026-07-31,2026-07-21,comida,1454.52,Consumo,Alimentación,Esencial,tarjeta de débito,,comida
52,Eduardo Aguilar,2026-07-01,2026-07-31,2026-07-21,cena del viernes,77.77,Consumo,Entretenimiento y ocio,Discrecional,tarjeta de débito,,cena del viernes
52,Eduardo Aguilar,2026-07-01,2026-07-31,2026-07-22,comida para la casa,136.97,Consumo,Alimentación,Esencial,transferencia bancaria,,comida para la casa
52,Eduardo Aguilar,2026-07-01,2026-07-31,2026-07-22,Bodega Aurrera,115.18,Consumo,Alimentación,Esencial,efectivo,,bodega aurrera
52,Eduardo Aguilar,2026-07-01,2026-07-31,2026-07-23,leche y huevos,180.34,Consumo,Alimentación,Esencial,transferencia bancaria,,leche y huevos
52,Eduardo Aguilar,2026-07-01,2026-07-31,2026-07-23,cosas del súper,169.37,Consumo,Alimentación,Esencial,tarjeta de débito,,cosas del súper
52,Eduardo Aguilar,2026-07-01,2026-07-31,2026-07-23,concierto,41.29,Consumo,Entretenimiento y ocio,Discrecional,tarjeta de crédito,53.3,concierto
52,Eduardo Aguilar,2026-07-01,2026-07-31,2026-07-24,reparación de la casa,54.67,Consumo,Vivienda,Esencial,transferencia bancaria,,reparación de la casa
52,Eduardo Aguilar,2026-07-01,2026-07-31,2026-07-27,muebles para la casa,202.63,Consumo,Vivienda,Esencial,tarjeta de débito,,muebles para la casa
52,Eduardo Aguilar,2026-07-01,2026-07-31,2026-07-27,Costco,43.47,Consumo,Alimentación,Esencial,tarjeta de débito,,costco
52,Eduardo Aguilar,2026-07-01,2026-07-31,2026-07-28,recibo de agua,292.64,Consumo,Vivienda,Esencial,transferencia bancaria,,recibo de agua
52,Eduardo Aguilar,2026-07-01,2026-07-31,2026-07-28,pago mínimo de tarjeta,134.37,Pago de deuda,,,transferencia bancaria,,pago mínimo de tarjeta
52,Eduardo Aguilar,2026-07-01,2026-07-31,2026-07-29,CETES Directo,229.09,Ahorro e inversión,,,transferencia bancaria,,cetes directo
52,Eduardo Aguilar,2026-07-01,2026-07-31,2026-07-30,quincena,4665.5,Ingreso,,,transferencia bancaria,,quincena
52,Eduardo Aguilar,2026-07-01,2026-07-31,2026-07-31,lonche,106.04,Consumo,Alimentación,Esencial,transferencia bancaria,,lonche
52,Eduardo Aguilar,2026-07-01,2026-07-31,2026-07-31,servicio del coche,40.44,Consumo,Transporte,Esencial,tarjeta de crédito,36.9,servicio del coche
52,Eduardo Aguilar,2026-07-01,2026-07-31,2026-07-31,llantas,326.3,Consumo,Transporte,Esencial,tarjeta de crédito,68.7,llantas
53,Daniela Ibarra,2026-07-01,2026-07-31,2026-07-04,pollo,1254.33,Consumo,Alimentación,Esencial,tarjeta de crédito,58.8,pollo
53,Daniela Ibarra,2026-07-01,2026-07-31,2026-07-05,pescado,1749.24,Consumo,Alimentación,Esencial,efectivo,,pescado
53,Daniela Ibarra,2026-07-01,2026-07-31,2026-07-05,uber,198.74,Consumo,Transporte,Esencial,transferencia bancaria,,uber
53,Daniela Ibarra,2026-07-01,2026-07-31,2026-07-07,fondo indexado,790.29,Ahorro e inversión,,,transferencia bancaria,,fondo indexado
53,Daniela Ibarra,2026-07-01,2026-07-31,2026-07-08,pasajes de la semana,504.4,Consumo,Transporte,Esencial,transferencia bancaria,,pasajes de la semana
53,Daniela Ibarra,2026-07-01,2026-07-31,2026-07-09,electricista,175.04,Consumo,Vivienda,Esencial,tarjeta de débito,,electricista
53,Daniela Ibarra,2026-07-01,2026-07-31,2026-07-10,pintura de la casa,93.54,Consumo,Vivienda,Esencial,tarjeta de crédito,40.9,pintura de la casa
53,Daniela Ibarra,2026-07-01,2026-07-31,2026-07-10,tour,168.87,Consumo,Viajes y vacaciones,Discrecional,transferencia bancaria,,tour
53,Daniela Ibarra,2026-07-01,2026-07-31,2026-07-11,Amazon,226.14,Consumo,Compras personales,Discrecional,tarjeta de débito,,amazon
53,Daniela Ibarra,2026-07-01,2026-07-31,2026-07-12,leche y huevos,503.34,Consumo,Alimentación,Esencial,transferencia bancaria,,leche y huevos
53,Daniela Ibarra,2026-07-01,2026-07-31,2026-07-12,llené el tanque,67.84,Consumo,Transporte,Esencial,efectivo,,llené el tanque
53,Daniela Ibarra,2026-07-01,2026-07-31,2026-07-14,comida para la casa,1403.13,Consumo,Alimentación,Esencial,efectivo,,comida para la casa
53,Daniela Ibarra,2026-07-01,2026-07-31,2026-07-15,peaje,251.18,Consumo,Transporte,Esencial,tarjeta de crédito,42.2,peaje
53,Daniela Ibarra,2026-07-01,2026-07-31,2026-07-15,quincena,6508.32,Ingreso,,,transferencia bancaria,,quincena
53,Daniela Ibarra,2026-07-01,2026-07-31,2026-07-17,mantenimiento del depa,433.7,Consumo,Vivienda,Esencial,tarjeta de débito,,mantenimiento del depa
53,Daniela Ibarra,2026-07-01,2026-07-31,2026-07-18,perfume,385.34,Consumo,Compras personales,Discrecional,transferencia bancaria,,perfume
53,Daniela Ibarra,2026-07-01,2026-07-31,2026-07-19,uber,299.98,Consumo,Transporte,Esencial,tarjeta de crédito,70.2,uber
53,Daniela Ibarra,2026-07-01,2026-07-31,2026-07-20,estacionamiento,549.26,Consumo,Transporte,Esencial,transferencia bancaria,,estacionamiento
53,Daniela Ibarra,2026-07-01,2026-07-31,2026-07-23,gas,222.22,Consumo,Vivienda,Esencial,tarjeta de crédito,43.8,gas
53,Daniela Ibarra,2026-07-01,2026-07-31,2026-07-24,fondo indexado,332.57,Ahorro e inversión,,,transferencia bancaria,,fondo indexado
53,Daniela Ibarra,2026-07-01,2026-07-31,2026-07-24,recibo de luz,386.3,Consumo,Vivienda,Esencial,transferencia bancaria,,recibo de luz
53,Daniela Ibarra,2026-07-01,2026-07-31,2026-07-24,regalo para alguien,489.64,Consumo,Otros,,tarjeta de débito,,regalo para alguien
53,Daniela Ibarra,2026-07-01,2026-07-31,2026-07-25,gasolina,119.33,Consumo,Transporte,Esencial,transferencia bancaria,,gasolina
53,Daniela Ibarra,2026-07-01,2026-07-31,2026-07-25,arreglo de fuga de agua,287.84,Consumo,Vivienda,Esencial,tarjeta de débito,,arreglo de fuga de agua
53,Daniela Ibarra,2026-07-01,2026-07-31,2026-07-26,fondo indexado,875.25,Ahorro e inversión,,,transferencia bancaria,,fondo indexado
53,Daniela Ibarra,2026-07-01,2026-07-31,2026-07-26,cosméticos,671.84,Consumo,Compras personales,Discrecional,tarjeta de débito,,cosméticos
53,Daniela Ibarra,2026-07-01,2026-07-31,2026-07-27,excursión,39.34,Consumo,Viajes y vacaciones,Discrecional,efectivo,,excursión
53,Daniela Ibarra,2026-07-01,2026-07-31,2026-07-28,pago de tarjeta,652.5,Pago de deuda,,,transferencia bancaria,,pago de tarjeta
53,Daniela Ibarra,2026-07-01,2026-07-31,2026-07-30,nómina,6508.32,Ingreso,,,transferencia bancaria,,nómina
53,Daniela Ibarra,2026-07-01,2026-07-31,2026-07-31,mandado,219.71,Consumo,Alimentación,Esencial,tarjeta de débito,,mandado
54,David Silva,2026-07-01,2026-07-31,2026-07-02,Walmart,2125.25,Consumo,Alimentación,Esencial,tarjeta de crédito,47.5,walmart
54,David Silva,2026-07-01,2026-07-31,2026-07-03,renta recibida,689.23,Ingreso,,,efectivo,,renta recibida
54,David Silva,2026-07-01,2026-07-31,2026-07-04,bonos gubernamentales,252.61,Ahorro e inversión,,,transferencia bancaria,,bonos gubernamentales
54,David Silva,2026-07-01,2026-07-31,2026-07-04,compras de comida,290.58,Consumo,Alimentación,Esencial,efectivo,,compras de comida
54,David Silva,2026-07-01,2026-07-31,2026-07-07,fondo de emergencia,2017.86,Ahorro e inversión,,,transferencia bancaria,,fondo de emergencia
54,David Silva,2026-07-01,2026-07-31,2026-07-07,pescado,70.31,Consumo,Alimentación,Esencial,tarjeta de crédito,50.3,pescado
54,David Silva,2026-07-01,2026-07-31,2026-07-07,regalo,358.55,Consumo,Compras personales,Discrecional,transferencia bancaria,,regalo
54,David Silva,2026-07-01,2026-07-31,2026-07-07,pago de proyecto,3984.63,Ingreso,,,transferencia bancaria,,pago de proyecto
54,David Silva,2026-07-01,2026-07-31,2026-07-07,pago mínimo de tarjeta,1019.79,Pago de deuda,,,transferencia bancaria,,pago mínimo de tarjeta
54,David Silva,2026-07-01,2026-07-31,2026-07-08,pago de proyecto,588.74,Ingreso,,,transferencia bancaria,,pago de proyecto
54,David Silva,2026-07-01,2026-07-31,2026-07-12,pan y tortillas,1025.88,Consumo,Alimentación,Esencial,transferencia bancaria,,pan y tortillas
54,David Silva,2026-07-01,2026-07-31,2026-07-12,gas,1712.03,Consumo,Vivienda,Esencial,tarjeta de crédito,36.1,gas
54,David Silva,2026-07-01,2026-07-31,2026-07-14,cambio de aceite,1724.06,Consumo,Transporte,Esencial,transferencia bancaria,,cambio de aceite
54,David Silva,2026-07-01,2026-07-31,2026-07-14,viaje,274.32,Consumo,Viajes y vacaciones,Discrecional,efectivo,,viaje
54,David Silva,2026-07-01,2026-07-31,2026-07-15,ropa,77.87,Consumo,Compras personales,Discrecional,tarjeta de débito,,ropa
54,David Silva,2026-07-01,2026-07-31,2026-07-16,CETES Directo,942.57,Ahorro e inversión,,,transferencia bancaria,,cetes directo
54,David Silva,2026-07-01,2026-07-31,2026-07-17,consulta dental,129.93,Consumo,Salud,Esencial,efectivo,,consulta dental
54,David Silva,2026-07-01,2026-07-31,2026-07-17,lonche,1589.18,Consumo,Alimentación,Esencial,tarjeta de débito,,lonche
54,David Silva,2026-07-01,2026-07-31,2026-07-17,concierto,725.69,Consumo,Entretenimiento y ocio,Discrecional,transferencia bancaria,,concierto
54,David Silva,2026-07-01,2026-07-31,2026-07-18,proyecto independiente,11091.76,Ingreso,,,efectivo,,proyecto independiente
54,David Silva,2026-07-01,2026-07-31,2026-07-19,comida para la casa,208.17,Consumo,Alimentación,Esencial,tarjeta de crédito,53.4,comida para la casa
54,David Silva,2026-07-01,2026-07-31,2026-07-19,mascota,538.43,Consumo,Otros,,tarjeta de débito,,mascota
54,David Silva,2026-07-01,2026-07-31,2026-07-21,verificación,228.66,Consumo,Transporte,Esencial,tarjeta de débito,,verificación
54,David Silva,2026-07-01,2026-07-31,2026-07-22,frutas y verduras,431.2,Consumo,Alimentación,Esencial,tarjeta de débito,,frutas y verduras
54,David Silva,2026-07-01,2026-07-31,2026-07-26,urgencias,216.24,Consumo,Salud,Esencial,efectivo,,urgencias
54,David Silva,2026-07-01,2026-07-31,2026-07-26,pantalón,825.11,Consumo,Compras personales,Discrecional,tarjeta de crédito,63.1,pantalón
54,David Silva,2026-07-01,2026-07-31,2026-07-27,tenis,45.61,Consumo,Compras personales,Discrecional,tarjeta de débito,,tenis
54,David Silva,2026-07-01,2026-07-31,2026-07-30,cambio de aceite,73.88,Consumo,Transporte,Esencial,transferencia bancaria,,cambio de aceite
54,David Silva,2026-07-01,2026-07-31,2026-07-30,pasaje,201.78,Consumo,Transporte,Esencial,tarjeta de crédito,39.2,pasaje
54,David Silva,2026-07-01,2026-07-31,2026-07-30,reparación del coche,71.27,Consumo,Transporte,Esencial,tarjeta de débito,,reparación del coche
55,Gerardo Padilla,2026-07-01,2026-07-31,2026-07-01,arreglo de fuga de agua,145.17,Consumo,Vivienda,Esencial,tarjeta de débito,,arreglo de fuga de agua
55,Gerardo Padilla,2026-07-01,2026-07-31,2026-07-02,arreglo de fuga de agua,230.64,Consumo,Vivienda,Esencial,transferencia bancaria,,arreglo de fuga de agua
55,Gerardo Padilla,2026-07-01,2026-07-31,2026-07-02,cuota de condominio,48.77,Consumo,Vivienda,Esencial,efectivo,,cuota de condominio
55,Gerardo Padilla,2026-07-01,2026-07-31,2026-07-03,taxi,397.71,Consumo,Transporte,Esencial,tarjeta de débito,,taxi
55,Gerardo Padilla,2026-07-01,2026-07-31,2026-07-03,pescado,35.98,Consumo,Alimentación,Esencial,tarjeta de crédito,61.5,pescado
55,Gerardo Padilla,2026-07-01,2026-07-31,2026-07-05,Bodega Aurrera,1017.63,Consumo,Alimentación,Esencial,efectivo,,bodega aurrera
55,Gerardo Padilla,2026-07-01,2026-07-31,2026-07-06,cosas del súper,2442.87,Consumo,Alimentación,Esencial,efectivo,,cosas del súper
55,Gerardo Padilla,2026-07-01,2026-07-31,2026-07-07,tenis,644.03,Consumo,Compras personales,Discrecional,efectivo,,tenis
55,Gerardo Padilla,2026-07-01,2026-07-31,2026-07-07,comida para la casa,39.95,Consumo,Alimentación,Esencial,tarjeta de crédito,69.5,comida para la casa
55,Gerardo Padilla,2026-07-01,2026-07-31,2026-07-08,cambio de aceite,880.17,Consumo,Transporte,Esencial,tarjeta de débito,,cambio de aceite
55,Gerardo Padilla,2026-07-01,2026-07-31,2026-07-09,iCloud,267.03,Consumo,Suscripciones digitales,Discrecional,tarjeta de débito,,icloud
55,Gerardo Padilla,2026-07-01,2026-07-31,2026-07-10,luz,69.62,Consumo,Vivienda,Esencial,tarjeta de crédito,39.7,luz
55,Gerardo Padilla,2026-07-01,2026-07-31,2026-07-11,acciones,277.63,Ahorro e inversión,,,transferencia bancaria,,acciones
55,Gerardo Padilla,2026-07-01,2026-07-31,2026-07-11,transporte al trabajo,170.53,Consumo,Transporte,Esencial,tarjeta de crédito,65.0,transporte al trabajo
55,Gerardo Padilla,2026-07-01,2026-07-31,2026-07-11,excursión,223.79,Consumo,Viajes y vacaciones,Discrecional,tarjeta de débito,,excursión
55,Gerardo Padilla,2026-07-01,2026-07-31,2026-07-12,cremas,255.81,Consumo,Compras personales,Discrecional,transferencia bancaria,,cremas
55,Gerardo Padilla,2026-07-01,2026-07-31,2026-07-12,pago de renta,471.31,Consumo,Vivienda,Esencial,transferencia bancaria,,pago de renta
55,Gerardo Padilla,2026-07-01,2026-07-31,2026-07-13,tablet,118.66,Consumo,Compras personales,Discrecional,transferencia bancaria,,tablet
55,Gerardo Padilla,2026-07-01,2026-07-31,2026-07-13,agua y refrescos,236.08,Consumo,Alimentación,Esencial,tarjeta de crédito,61.6,agua y refrescos
55,Gerardo Padilla,2026-07-01,2026-07-31,2026-07-13,pagué la luz,184.53,Consumo,Vivienda,Esencial,efectivo,,pagué la luz
55,Gerardo Padilla,2026-07-01,2026-07-31,2026-07-13,pago de tarjeta,320.65,Pago de deuda,,,transferencia bancaria,,pago de tarjeta
55,Gerardo Padilla,2026-07-01,2026-07-31,2026-07-15,pescado,159.47,Consumo,Alimentación,Esencial,transferencia bancaria,,pescado
55,Gerardo Padilla,2026-07-01,2026-07-31,2026-07-15,quincena,10113.34,Ingreso,,,transferencia bancaria,,quincena
55,Gerardo Padilla,2026-07-01,2026-07-31,2026-07-15,pago TDC,411.99,Pago de deuda,,,transferencia bancaria,,pago tdc
55,Gerardo Padilla,2026-07-01,2026-07-31,2026-07-19,compras de comida,277.77,Consumo,Alimentación,Esencial,efectivo,,compras de comida
55,Gerardo Padilla,2026-07-01,2026-07-31,2026-07-19,cosas del súper,156.49,Consumo,Alimentación,Esencial,efectivo,,cosas del súper
55,Gerardo Padilla,2026-07-01,2026-07-31,2026-07-19,luz,259.95,Consumo,Vivienda,Esencial,tarjeta de débito,,luz
55,Gerardo Padilla,2026-07-01,2026-07-31,2026-07-20,cena fuera,462.86,Consumo,Entretenimiento y ocio,Discrecional,transferencia bancaria,,cena fuera
55,Gerardo Padilla,2026-07-01,2026-07-31,2026-07-21,apartado de ahorro,2491.38,Ahorro e inversión,,,transferencia bancaria,,apartado de ahorro
55,Gerardo Padilla,2026-07-01,2026-07-31,2026-07-22,teatro,158.24,Consumo,Entretenimiento y ocio,Discrecional,tarjeta de crédito,53.7,teatro
55,Gerardo Padilla,2026-07-01,2026-07-31,2026-07-23,Mercado Libre,255.1,Consumo,Compras personales,Discrecional,tarjeta de crédito,46.0,mercado libre
55,Gerardo Padilla,2026-07-01,2026-07-31,2026-07-24,fondo de emergencia,303.18,Ahorro e inversión,,,transferencia bancaria,,fondo de emergencia
55,Gerardo Padilla,2026-07-01,2026-07-31,2026-07-24,metro,458.91,Consumo,Transporte,Esencial,efectivo,,metro
55,Gerardo Padilla,2026-07-01,2026-07-31,2026-07-24,agua y refrescos,613.22,Consumo,Alimentación,Esencial,efectivo,,agua y refrescos
55,Gerardo Padilla,2026-07-01,2026-07-31,2026-07-28,Costco,396.46,Consumo,Alimentación,Esencial,tarjeta de crédito,54.2,costco
55,Gerardo Padilla,2026-07-01,2026-07-31,2026-07-29,regalo,83.99,Consumo,Compras personales,Discrecional,transferencia bancaria,,regalo
55,Gerardo Padilla,2026-07-01,2026-07-31,2026-07-30,cuota de condominio,46.58,Consumo,Vivienda,Esencial,tarjeta de débito,,cuota de condominio
55,Gerardo Padilla,2026-07-01,2026-07-31,2026-07-30,pago de trabajo,10113.34,Ingreso,,,transferencia bancaria,,pago de trabajo
56,Eduardo Ortega,2026-07-01,2026-07-31,2026-07-01,estacionamiento,92.56,Consumo,Transporte,Esencial,efectivo,,estacionamiento
56,Eduardo Ortega,2026-07-01,2026-07-31,2026-07-04,pagaré bancario,651.98,Ahorro e inversión,,,transferencia bancaria,,pagaré bancario
56,Eduardo Ortega,2026-07-01,2026-07-31,2026-07-04,cervezas con amigos,605.38,Consumo,Entretenimiento y ocio,Discrecional,tarjeta de crédito,38.1,cervezas con amigos
56,Eduardo Ortega,2026-07-01,2026-07-31,2026-07-05,Disney+,41.34,Consumo,Suscripciones digitales,Discrecional,tarjeta de crédito,61.0,disney+
56,Eduardo Ortega,2026-07-01,2026-07-31,2026-07-06,gas,567.69,Consumo,Vivienda,Esencial,tarjeta de crédito,62.8,gas
56,Eduardo Ortega,2026-07-01,2026-07-31,2026-07-07,metro,727.14,Consumo,Transporte,Esencial,tarjeta de crédito,59.8,metro
56,Eduardo Ortega,2026-07-01,2026-07-31,2026-07-09,ropa nueva,1325.64,Consumo,Compras personales,Discrecional,efectivo,,ropa nueva
56,Eduardo Ortega,2026-07-01,2026-07-31,2026-07-09,abono a préstamo,555.13,Pago de deuda,,,transferencia bancaria,,abono a préstamo
56,Eduardo Ortega,2026-07-01,2026-07-31,2026-07-10,electricista,35.23,Consumo,Vivienda,Esencial,tarjeta de crédito,42.8,electricista
56,Eduardo Ortega,2026-07-01,2026-07-31,2026-07-11,pago automotriz,1140.34,Pago de deuda,,,transferencia bancaria,,pago automotriz
56,Eduardo Ortega,2026-07-01,2026-07-31,2026-07-13,comida para la casa,1565.53,Consumo,Alimentación,Esencial,tarjeta de crédito,35.5,comida para la casa
56,Eduardo Ortega,2026-07-01,2026-07-31,2026-07-13,pintura de la casa,191.79,Consumo,Vivienda,Esencial,transferencia bancaria,,pintura de la casa
56,Eduardo Ortega,2026-07-01,2026-07-31,2026-07-15,pan y tortillas,1430.97,Consumo,Alimentación,Esencial,tarjeta de crédito,54.6,pan y tortillas
56,Eduardo Ortega,2026-07-01,2026-07-31,2026-07-15,súper,883.26,Consumo,Alimentación,Esencial,transferencia bancaria,,súper
56,Eduardo Ortega,2026-07-01,2026-07-31,2026-07-15,cena fuera,124.55,Consumo,Entretenimiento y ocio,Discrecional,tarjeta de crédito,54.5,cena fuera
56,Eduardo Ortega,2026-07-01,2026-07-31,2026-07-15,quincena,9077.57,Ingreso,,,transferencia bancaria,,quincena
56,Eduardo Ortega,2026-07-01,2026-07-31,2026-07-15,pago TDC,1002.81,Pago de deuda,,,transferencia bancaria,,pago tdc
56,Eduardo Ortega,2026-07-01,2026-07-31,2026-07-16,mensualidad del depa,186.19,Consumo,Vivienda,Esencial,tarjeta de crédito,64.1,mensualidad del depa
56,Eduardo Ortega,2026-07-01,2026-07-31,2026-07-18,pagaré bancario,272.54,Ahorro e inversión,,,transferencia bancaria,,pagaré bancario
56,Eduardo Ortega,2026-07-01,2026-07-31,2026-07-18,material escolar,511.07,Consumo,Educación,Esencial,efectivo,,material escolar
56,Eduardo Ortega,2026-07-01,2026-07-31,2026-07-18,wifi,829.88,Consumo,Vivienda,Esencial,tarjeta de crédito,36.5,wifi
56,Eduardo Ortega,2026-07-01,2026-07-31,2026-07-18,pantalón,72.77,Consumo,Compras personales,Discrecional,tarjeta de débito,,pantalón
56,Eduardo Ortega,2026-07-01,2026-07-31,2026-07-20,mercado,146.7,Consumo,Alimentación,Esencial,tarjeta de crédito,62.1,mercado
56,Eduardo Ortega,2026-07-01,2026-07-31,2026-07-21,Amazon Prime,225.3,Consumo,Suscripciones digitales,Discrecional,tarjeta de crédito,61.8,amazon prime
56,Eduardo Ortega,2026-07-01,2026-07-31,2026-07-22,Costco,75.79,Consumo,Alimentación,Esencial,tarjeta de crédito,61.5,costco
56,Eduardo Ortega,2026-07-01,2026-07-31,2026-07-23,estacionamiento,236.07,Consumo,Transporte,Esencial,tarjeta de crédito,63.1,estacionamiento
56,Eduardo Ortega,2026-07-01,2026-07-31,2026-07-23,muebles para la casa,49.45,Consumo,Vivienda,Esencial,tarjeta de crédito,53.6,muebles para la casa
56,Eduardo Ortega,2026-07-01,2026-07-31,2026-07-25,didi,369.89,Consumo,Transporte,Esencial,tarjeta de crédito,62.3,didi
56,Eduardo Ortega,2026-07-01,2026-07-31,2026-07-26,CETES Directo,368.74,Ahorro e inversión,,,transferencia bancaria,,cetes directo
56,Eduardo Ortega,2026-07-01,2026-07-31,2026-07-26,despensa de la semana,153.02,Consumo,Alimentación,Esencial,tarjeta de débito,,despensa de la semana
56,Eduardo Ortega,2026-07-01,2026-07-31,2026-07-28,metrobús,135.19,Consumo,Transporte,Esencial,tarjeta de crédito,43.2,metrobús
56,Eduardo Ortega,2026-07-01,2026-07-31,2026-07-28,súper,826.16,Consumo,Alimentación,Esencial,tarjeta de crédito,55.2,súper
56,Eduardo Ortega,2026-07-01,2026-07-31,2026-07-28,Farmacias del Ahorro,374.71,Consumo,Salud,Esencial,tarjeta de crédito,57.0,farmacias del ahorro
56,Eduardo Ortega,2026-07-01,2026-07-31,2026-07-29,cambio de aceite,837.91,Consumo,Transporte,Esencial,tarjeta de crédito,56.6,cambio de aceite
56,Eduardo Ortega,2026-07-01,2026-07-31,2026-07-30,salario,9077.57,Ingreso,,,transferencia bancaria,,salario
57,Roberto Navarro,2026-07-01,2026-07-31,2026-07-01,comida,266.01,Consumo,Alimentación,Esencial,transferencia bancaria,,comida
57,Roberto Navarro,2026-07-01,2026-07-31,2026-07-02,despensa de la semana,555.99,Consumo,Alimentación,Esencial,tarjeta de débito,,despensa de la semana
57,Roberto Navarro,2026-07-01,2026-07-31,2026-07-02,inscripción,110.58,Consumo,Educación,Esencial,tarjeta de débito,,inscripción
57,Roberto Navarro,2026-07-01,2026-07-31,2026-07-03,pagué la luz,564.11,Consumo,Vivienda,Esencial,transferencia bancaria,,pagué la luz
57,Roberto Navarro,2026-07-01,2026-07-31,2026-07-03,inscripción,52.26,Consumo,Educación,Esencial,tarjeta de débito,,inscripción
57,Roberto Navarro,2026-07-01,2026-07-31,2026-07-03,servicio del coche,678.89,Consumo,Transporte,Esencial,tarjeta de débito,,servicio del coche
57,Roberto Navarro,2026-07-01,2026-07-31,2026-07-04,ingredientes para cocinar,147.64,Consumo,Alimentación,Esencial,tarjeta de débito,,ingredientes para cocinar
57,Roberto Navarro,2026-07-01,2026-07-31,2026-07-05,metro,1609.66,Consumo,Transporte,Esencial,tarjeta de crédito,70.2,metro
57,Roberto Navarro,2026-07-01,2026-07-31,2026-07-05,Max,30.84,Consumo,Suscripciones digitales,Discrecional,tarjeta de crédito,71.7,max
57,Roberto Navarro,2026-07-01,2026-07-31,2026-07-06,ingredientes para cocinar,781.21,Consumo,Alimentación,Esencial,tarjeta de crédito,54.7,ingredientes para cocinar
57,Roberto Navarro,2026-07-01,2026-07-31,2026-07-06,PlayStation Plus,69.01,Consumo,Suscripciones digitales,Discrecional,tarjeta de crédito,60.2,playstation plus
57,Roberto Navarro,2026-07-01,2026-07-31,2026-07-09,comida,85.82,Consumo,Alimentación,Esencial,efectivo,,comida
57,Roberto Navarro,2026-07-01,2026-07-31,2026-07-09,agua y refrescos,614.63,Consumo,Alimentación,Esencial,tarjeta de débito,,agua y refrescos
57,Roberto Navarro,2026-07-01,2026-07-31,2026-07-09,mercado,236.03,Consumo,Alimentación,Esencial,transferencia bancaria,,mercado
57,Roberto Navarro,2026-07-01,2026-07-31,2026-07-13,cuenta de ahorro,2842.88,Ahorro e inversión,,,transferencia bancaria,,cuenta de ahorro
57,Roberto Navarro,2026-07-01,2026-07-31,2026-07-14,frutas y verduras,70.41,Consumo,Alimentación,Esencial,tarjeta de débito,,frutas y verduras
57,Roberto Navarro,2026-07-01,2026-07-31,2026-07-14,Soriana,179.51,Consumo,Alimentación,Esencial,transferencia bancaria,,soriana
57,Roberto Navarro,2026-07-01,2026-07-31,2026-07-15,pan y tortillas,429.23,Consumo,Alimentación,Esencial,tarjeta de débito,,pan y tortillas
57,Roberto Navarro,2026-07-01,2026-07-31,2026-07-15,Google One,69.24,Consumo,Suscripciones digitales,Discrecional,tarjeta de crédito,58.9,google one
57,Roberto Navarro,2026-07-01,2026-07-31,2026-07-15,nómina,13242.8,Ingreso,,,transferencia bancaria,,nómina
57,Roberto Navarro,2026-07-01,2026-07-31,2026-07-16,pago de tarjeta,297.54,Pago de deuda,,,transferencia bancaria,,pago de tarjeta
57,Roberto Navarro,2026-07-01,2026-07-31,2026-07-16,pago tarjeta BBVA,442.12,Pago de deuda,,,transferencia bancaria,,pago tarjeta bbva
57,Roberto Navarro,2026-07-01,2026-07-31,2026-07-17,súper,1323.13,Consumo,Alimentación,Esencial,transferencia bancaria,,súper
57,Roberto Navarro,2026-07-01,2026-07-31,2026-07-17,colegiatura,217.95,Consumo,Educación,Esencial,tarjeta de crédito,71.4,colegiatura
57,Roberto Navarro,2026-07-01,2026-07-31,2026-07-17,pago tarjeta BBVA,812.25,Pago de deuda,,,transferencia bancaria,,pago tarjeta bbva
57,Roberto Navarro,2026-07-01,2026-07-31,2026-07-18,alimento para mascota,80.32,Consumo,Otros,,transferencia bancaria,,alimento para mascota
57,Roberto Navarro,2026-07-01,2026-07-31,2026-07-18,trámite,156.33,Consumo,Otros,,efectivo,,trámite
57,Roberto Navarro,2026-07-01,2026-07-31,2026-07-18,gas de la casa,36.22,Consumo,Vivienda,Esencial,tarjeta de débito,,gas de la casa
57,Roberto Navarro,2026-07-01,2026-07-31,2026-07-19,mercado,165.17,Consumo,Alimentación,Esencial,tarjeta de débito,,mercado
57,Roberto Navarro,2026-07-01,2026-07-31,2026-07-20,pagué la luz,978.54,Consumo,Vivienda,Esencial,transferencia bancaria,,pagué la luz
57,Roberto Navarro,2026-07-01,2026-07-31,2026-07-21,pollo,603.39,Consumo,Alimentación,Esencial,tarjeta de débito,,pollo
57,Roberto Navarro,2026-07-01,2026-07-31,2026-07-21,arreglo de fuga de agua,241.71,Consumo,Vivienda,Esencial,tarjeta de crédito,61.9,arreglo de fuga de agua
57,Roberto Navarro,2026-07-01,2026-07-31,2026-07-21,material escolar,282.97,Consumo,Educación,Esencial,transferencia bancaria,,material escolar
57,Roberto Navarro,2026-07-01,2026-07-31,2026-07-23,recibo de luz,670.56,Consumo,Vivienda,Esencial,tarjeta de débito,,recibo de luz
57,Roberto Navarro,2026-07-01,2026-07-31,2026-07-25,regalo para alguien,434.26,Consumo,Otros,,tarjeta de crédito,50.2,regalo para alguien
57,Roberto Navarro,2026-07-01,2026-07-31,2026-07-26,leche y huevos,634.94,Consumo,Alimentación,Esencial,tarjeta de crédito,58.2,leche y huevos
57,Roberto Navarro,2026-07-01,2026-07-31,2026-07-26,reparación del coche,179.74,Consumo,Transporte,Esencial,tarjeta de crédito,40.1,reparación del coche
57,Roberto Navarro,2026-07-01,2026-07-31,2026-07-27,frutas y verduras,645.15,Consumo,Alimentación,Esencial,efectivo,,frutas y verduras
57,Roberto Navarro,2026-07-01,2026-07-31,2026-07-28,análisis clínicos,514.59,Consumo,Salud,Esencial,tarjeta de crédito,43.4,análisis clínicos
57,Roberto Navarro,2026-07-01,2026-07-31,2026-07-29,perfume,877.91,Consumo,Compras personales,Discrecional,efectivo,,perfume
57,Roberto Navarro,2026-07-01,2026-07-31,2026-07-29,agua y refrescos,165.82,Consumo,Alimentación,Esencial,efectivo,,agua y refrescos
57,Roberto Navarro,2026-07-01,2026-07-31,2026-07-29,pagué la luz,61.8,Consumo,Vivienda,Esencial,tarjeta de crédito,61.1,pagué la luz
57,Roberto Navarro,2026-07-01,2026-07-31,2026-07-30,compras de comida,351.92,Consumo,Alimentación,Esencial,tarjeta de crédito,42.1,compras de comida
57,Roberto Navarro,2026-07-01,2026-07-31,2026-07-30,pintura de la casa,92.19,Consumo,Vivienda,Esencial,transferencia bancaria,,pintura de la casa
57,Roberto Navarro,2026-07-01,2026-07-31,2026-07-30,peaje,205.79,Consumo,Transporte,Esencial,tarjeta de crédito,56.0,peaje
57,Roberto Navarro,2026-07-01,2026-07-31,2026-07-30,nómina,13242.8,Ingreso,,,transferencia bancaria,,nómina
57,Roberto Navarro,2026-07-01,2026-07-31,2026-07-31,agua y refrescos,587.06,Consumo,Alimentación,Esencial,tarjeta de crédito,71.6,agua y refrescos
57,Roberto Navarro,2026-07-01,2026-07-31,2026-07-31,uber,587.62,Consumo,Transporte,Esencial,transferencia bancaria,,uber
58,Ximena Navarro,2026-07-01,2026-07-31,2026-07-01,café,519.35,Consumo,Entretenimiento y ocio,Discrecional,tarjeta de débito,,café
58,Ximena Navarro,2026-07-01,2026-07-31,2026-07-03,carne,426.36,Consumo,Alimentación,Esencial,efectivo,,carne
58,Ximena Navarro,2026-07-01,2026-07-31,2026-07-05,ETF,3519.35,Ahorro e inversión,,,transferencia bancaria,,etf
58,Ximena Navarro,2026-07-01,2026-07-31,2026-07-05,Bodega Aurrera,237.8,Consumo,Alimentación,Esencial,tarjeta de crédito,48.4,bodega aurrera
58,Ximena Navarro,2026-07-01,2026-07-31,2026-07-05,súper,405.3,Consumo,Alimentación,Esencial,efectivo,,súper
58,Ximena Navarro,2026-07-01,2026-07-31,2026-07-05,servicio del coche,690.82,Consumo,Transporte,Esencial,tarjeta de débito,,servicio del coche
58,Ximena Navarro,2026-07-01,2026-07-31,2026-07-05,wifi,987.97,Consumo,Vivienda,Esencial,tarjeta de crédito,64.4,wifi
58,Ximena Navarro,2026-07-01,2026-07-31,2026-07-06,comida para la casa,192.5,Consumo,Alimentación,Esencial,transferencia bancaria,,comida para la casa
58,Ximena Navarro,2026-07-01,2026-07-31,2026-07-06,casetas,498.21,Consumo,Transporte,Esencial,transferencia bancaria,,casetas
58,Ximena Navarro,2026-07-01,2026-07-31,2026-07-07,comida para la casa,37.78,Consumo,Alimentación,Esencial,tarjeta de crédito,46.8,comida para la casa
58,Ximena Navarro,2026-07-01,2026-07-31,2026-07-07,tablet,875.9,Consumo,Compras personales,Discrecional,efectivo,,tablet
58,Ximena Navarro,2026-07-01,2026-07-31,2026-07-08,abarrotes,1224.87,Consumo,Alimentación,Esencial,tarjeta de débito,,abarrotes
58,Ximena Navarro,2026-07-01,2026-07-31,2026-07-08,verificación,74.29,Consumo,Transporte,Esencial,transferencia bancaria,,verificación
58,Ximena Navarro,2026-07-01,2026-07-31,2026-07-09,pan y tortillas,344.83,Consumo,Alimentación,Esencial,tarjeta de débito,,pan y tortillas
58,Ximena Navarro,2026-07-01,2026-07-31,2026-07-11,contador,149.88,Consumo,Otros,,tarjeta de crédito,43.4,contador
58,Ximena Navarro,2026-07-01,2026-07-31,2026-07-11,taxi,860.59,Consumo,Transporte,Esencial,tarjeta de débito,,taxi
58,Ximena Navarro,2026-07-01,2026-07-31,2026-07-12,Bodega Aurrera,141.04,Consumo,Alimentación,Esencial,efectivo,,bodega aurrera
58,Ximena Navarro,2026-07-01,2026-07-31,2026-07-14,agua y refrescos,117.33,Consumo,Alimentación,Esencial,transferencia bancaria,,agua y refrescos
58,Ximena Navarro,2026-07-01,2026-07-31,2026-07-14,laboratorio,633.98,Consumo,Salud,Esencial,tarjeta de crédito,70.3,laboratorio
58,Ximena Navarro,2026-07-01,2026-07-31,2026-07-15,Soriana,1147.45,Consumo,Alimentación,Esencial,tarjeta de débito,,soriana
58,Ximena Navarro,2026-07-01,2026-07-31,2026-07-15,nómina,15599.23,Ingreso,,,transferencia bancaria,,nómina
58,Ximena Navarro,2026-07-01,2026-07-31,2026-07-17,mandado,46.67,Consumo,Alimentación,Esencial,efectivo,,mandado
58,Ximena Navarro,2026-07-01,2026-07-31,2026-07-18,pollo,362.59,Consumo,Alimentación,Esencial,tarjeta de crédito,61.3,pollo
58,Ximena Navarro,2026-07-01,2026-07-31,2026-07-19,carga de gasolina,1400.81,Consumo,Transporte,Esencial,efectivo,,carga de gasolina
58,Ximena Navarro,2026-07-01,2026-07-31,2026-07-19,clases particulares,876.45,Consumo,Educación,Esencial,transferencia bancaria,,clases particulares
58,Ximena Navarro,2026-07-01,2026-07-31,2026-07-20,pan y tortillas,514.45,Consumo,Alimentación,Esencial,tarjeta de crédito,68.6,pan y tortillas
58,Ximena Navarro,2026-07-01,2026-07-31,2026-07-20,veterinario,47.75,Consumo,Otros,,transferencia bancaria,,veterinario
58,Ximena Navarro,2026-07-01,2026-07-31,2026-07-21,pollo,472.44,Consumo,Alimentación,Esencial,transferencia bancaria,,pollo
58,Ximena Navarro,2026-07-01,2026-07-31,2026-07-22,agua y refrescos,129.65,Consumo,Alimentación,Esencial,transferencia bancaria,,agua y refrescos
58,Ximena Navarro,2026-07-01,2026-07-31,2026-07-23,carne,828.15,Consumo,Alimentación,Esencial,tarjeta de crédito,71.5,carne
58,Ximena Navarro,2026-07-01,2026-07-31,2026-07-23,servicio del coche,74.61,Consumo,Transporte,Esencial,tarjeta de crédito,49.0,servicio del coche
58,Ximena Navarro,2026-07-01,2026-07-31,2026-07-24,pescado,351.2,Consumo,Alimentación,Esencial,transferencia bancaria,,pescado
58,Ximena Navarro,2026-07-01,2026-07-31,2026-07-24,pollo,299.4,Consumo,Alimentación,Esencial,transferencia bancaria,,pollo
58,Ximena Navarro,2026-07-01,2026-07-31,2026-07-24,multa,163.69,Consumo,Otros,,transferencia bancaria,,multa
58,Ximena Navarro,2026-07-01,2026-07-31,2026-07-24,wifi,1790.18,Consumo,Vivienda,Esencial,tarjeta de débito,,wifi
58,Ximena Navarro,2026-07-01,2026-07-31,2026-07-25,pago préstamo personal,698.02,Pago de deuda,,,transferencia bancaria,,pago préstamo personal
58,Ximena Navarro,2026-07-01,2026-07-31,2026-07-26,mandado,268.46,Consumo,Alimentación,Esencial,transferencia bancaria,,mandado
58,Ximena Navarro,2026-07-01,2026-07-31,2026-07-28,mensualidad del coche,601.38,Pago de deuda,,,transferencia bancaria,,mensualidad del coche
58,Ximena Navarro,2026-07-01,2026-07-31,2026-07-29,abogado,442.01,Consumo,Otros,,tarjeta de crédito,38.4,abogado
58,Ximena Navarro,2026-07-01,2026-07-31,2026-07-30,sueldo,15599.23,Ingreso,,,transferencia bancaria,,sueldo
59,Andrea Salinas,2026-07-01,2026-07-31,2026-07-01,salida con amigos,128.49,Consumo,Entretenimiento y ocio,Discrecional,tarjeta de débito,,salida con amigos
59,Andrea Salinas,2026-07-01,2026-07-31,2026-07-01,teatro,836.25,Consumo,Entretenimiento y ocio,Discrecional,transferencia bancaria,,teatro
59,Andrea Salinas,2026-07-01,2026-07-31,2026-07-02,electrónicos,263.34,Consumo,Compras personales,Discrecional,efectivo,,electrónicos
59,Andrea Salinas,2026-07-01,2026-07-31,2026-07-02,cena fuera,1050.38,Consumo,Entretenimiento y ocio,Discrecional,tarjeta de crédito,70.6,cena fuera
59,Andrea Salinas,2026-07-01,2026-07-31,2026-07-03,acciones,384.8,Ahorro e inversión,,,transferencia bancaria,,acciones
59,Andrea Salinas,2026-07-01,2026-07-31,2026-07-03,café,286.95,Consumo,Entretenimiento y ocio,Discrecional,tarjeta de crédito,47.2,café
59,Andrea Salinas,2026-07-01,2026-07-31,2026-07-05,metro,460.18,Consumo,Transporte,Esencial,efectivo,,metro
59,Andrea Salinas,2026-07-01,2026-07-31,2026-07-05,internet de la casa,2455.96,Consumo,Vivienda,Esencial,tarjeta de crédito,46.0,internet de la casa
59,Andrea Salinas,2026-07-01,2026-07-31,2026-07-05,parque de diversiones,523.82,Consumo,Entretenimiento y ocio,Discrecional,tarjeta de crédito,45.5,parque de diversiones
59,Andrea Salinas,2026-07-01,2026-07-31,2026-07-06,frutas y verduras,591.14,Consumo,Alimentación,Esencial,transferencia bancaria,,frutas y verduras
59,Andrea Salinas,2026-07-01,2026-07-31,2026-07-07,compras de comida,347.34,Consumo,Alimentación,Esencial,tarjeta de débito,,compras de comida
59,Andrea Salinas,2026-07-01,2026-07-31,2026-07-07,decoración,117.86,Consumo,Compras personales,Discrecional,tarjeta de crédito,40.9,decoración
59,Andrea Salinas,2026-07-01,2026-07-31,2026-07-07,decoración,164.66,Consumo,Compras personales,Discrecional,efectivo,,decoración
59,Andrea Salinas,2026-07-01,2026-07-31,2026-07-09,Costco,217.51,Consumo,Alimentación,Esencial,efectivo,,costco
59,Andrea Salinas,2026-07-01,2026-07-31,2026-07-09,electricista,220.5,Consumo,Vivienda,Esencial,tarjeta de débito,,electricista
59,Andrea Salinas,2026-07-01,2026-07-31,2026-07-10,llené el tanque,1772.5,Consumo,Transporte,Esencial,transferencia bancaria,,llené el tanque
59,Andrea Salinas,2026-07-01,2026-07-31,2026-07-11,recibo de agua,726.67,Consumo,Vivienda,Esencial,tarjeta de débito,,recibo de agua
59,Andrea Salinas,2026-07-01,2026-07-31,2026-07-11,tablet,90.76,Consumo,Compras personales,Discrecional,transferencia bancaria,,tablet
59,Andrea Salinas,2026-07-01,2026-07-31,2026-07-13,cosas del súper,392.59,Consumo,Alimentación,Esencial,transferencia bancaria,,cosas del súper
59,Andrea Salinas,2026-07-01,2026-07-31,2026-07-13,comida fuera,132.25,Consumo,Entretenimiento y ocio,Discrecional,tarjeta de crédito,50.6,comida fuera
59,Andrea Salinas,2026-07-01,2026-07-31,2026-07-14,llené el tanque,781.47,Consumo,Transporte,Esencial,tarjeta de crédito,54.5,llené el tanque
59,Andrea Salinas,2026-07-01,2026-07-31,2026-07-15,cambio de aceite,1261.8,Consumo,Transporte,Esencial,transferencia bancaria,,cambio de aceite
59,Andrea Salinas,2026-07-01,2026-07-31,2026-07-15,pago de trabajo,20836.88,Ingreso,,,transferencia bancaria,,pago de trabajo
59,Andrea Salinas,2026-07-01,2026-07-31,2026-07-17,seguro de viaje,271.75,Consumo,Viajes y vacaciones,Discrecional,transferencia bancaria,,seguro de viaje
59,Andrea Salinas,2026-07-01,2026-07-31,2026-07-18,taxi,47.06,Consumo,Transporte,Esencial,tarjeta de crédito,41.2,taxi
59,Andrea Salinas,2026-07-01,2026-07-31,2026-07-19,reparación del coche,597.05,Consumo,Transporte,Esencial,transferencia bancaria,,reparación del coche
59,Andrea Salinas,2026-07-01,2026-07-31,2026-07-20,lonche,719.03,Consumo,Alimentación,Esencial,tarjeta de débito,,lonche
59,Andrea Salinas,2026-07-01,2026-07-31,2026-07-20,antro,836.09,Consumo,Entretenimiento y ocio,Discrecional,tarjeta de débito,,antro
59,Andrea Salinas,2026-07-01,2026-07-31,2026-07-23,pan y tortillas,1289.74,Consumo,Alimentación,Esencial,transferencia bancaria,,pan y tortillas
59,Andrea Salinas,2026-07-01,2026-07-31,2026-07-23,ingredientes para cocinar,264.24,Consumo,Alimentación,Esencial,tarjeta de crédito,53.7,ingredientes para cocinar
59,Andrea Salinas,2026-07-01,2026-07-31,2026-07-23,súper,698.68,Consumo,Alimentación,Esencial,transferencia bancaria,,súper
59,Andrea Salinas,2026-07-01,2026-07-31,2026-07-23,Netflix,513.09,Consumo,Suscripciones digitales,Discrecional,tarjeta de débito,,netflix
59,Andrea Salinas,2026-07-01,2026-07-31,2026-07-24,aportación AFORE,488.13,Ahorro e inversión,,,transferencia bancaria,,aportación afore
59,Andrea Salinas,2026-07-01,2026-07-31,2026-07-24,Soriana,321.39,Consumo,Alimentación,Esencial,tarjeta de crédito,64.3,soriana
59,Andrea Salinas,2026-07-01,2026-07-31,2026-07-24,cosas del súper,124.89,Consumo,Alimentación,Esencial,tarjeta de débito,,cosas del súper
59,Andrea Salinas,2026-07-01,2026-07-31,2026-07-24,electricista,61.57,Consumo,Vivienda,Esencial,efectivo,,electricista
59,Andrea Salinas,2026-07-01,2026-07-31,2026-07-24,pago tarjeta BBVA,1241.78,Pago de deuda,,,transferencia bancaria,,pago tarjeta bbva
59,Andrea Salinas,2026-07-01,2026-07-31,2026-07-25,cosas del súper,1856.85,Consumo,Alimentación,Esencial,efectivo,,cosas del súper
59,Andrea Salinas,2026-07-01,2026-07-31,2026-07-27,despensa,150.48,Consumo,Alimentación,Esencial,tarjeta de crédito,56.7,despensa
59,Andrea Salinas,2026-07-01,2026-07-31,2026-07-28,mandado,474.37,Consumo,Alimentación,Esencial,tarjeta de débito,,mandado
59,Andrea Salinas,2026-07-01,2026-07-31,2026-07-28,renta de auto en viaje,343.31,Consumo,Viajes y vacaciones,Discrecional,tarjeta de crédito,47.3,renta de auto en viaje
59,Andrea Salinas,2026-07-01,2026-07-31,2026-07-29,despensa,1105.03,Consumo,Alimentación,Esencial,tarjeta de débito,,despensa
59,Andrea Salinas,2026-07-01,2026-07-31,2026-07-30,tenis,1939.69,Consumo,Compras personales,Discrecional,efectivo,,tenis
59,Andrea Salinas,2026-07-01,2026-07-31,2026-07-30,sueldo,20836.88,Ingreso,,,transferencia bancaria,,sueldo
59,Andrea Salinas,2026-07-01,2026-07-31,2026-07-30,pago tarjeta Santander,1630.55,Pago de deuda,,,transferencia bancaria,,pago tarjeta santander
59,Andrea Salinas,2026-07-01,2026-07-31,2026-07-31,pasaje,242.32,Consumo,Transporte,Esencial,transferencia bancaria,,pasaje
59,Andrea Salinas,2026-07-01,2026-07-31,2026-07-31,pan y tortillas,584.47,Consumo,Alimentación,Esencial,tarjeta de crédito,51.7,pan y tortillas
60,Raúl Luna,2026-07-01,2026-07-31,2026-07-01,Bodega Aurrera,509.4,Consumo,Alimentación,Esencial,efectivo,,bodega aurrera
60,Raúl Luna,2026-07-01,2026-07-31,2026-07-01,transporte al trabajo,191.53,Consumo,Transporte,Esencial,tarjeta de crédito,57.4,transporte al trabajo
60,Raúl Luna,2026-07-01,2026-07-31,2026-07-04,documentos,86.02,Consumo,Otros,,tarjeta de crédito,37.3,documentos
60,Raúl Luna,2026-07-01,2026-07-31,2026-07-04,Bodega Aurrera,540.02,Consumo,Alimentación,Esencial,tarjeta de débito,,bodega aurrera
60,Raúl Luna,2026-07-01,2026-07-31,2026-07-04,estudios médicos,338.41,Consumo,Salud,Esencial,tarjeta de débito,,estudios médicos
60,Raúl Luna,2026-07-01,2026-07-31,2026-07-06,trámite,560.29,Consumo,Otros,,efectivo,,trámite
60,Raúl Luna,2026-07-01,2026-07-31,2026-07-06,karaoke,1312.31,Consumo,Entretenimiento y ocio,Discrecional,transferencia bancaria,,karaoke
60,Raúl Luna,2026-07-01,2026-07-31,2026-07-07,Spotify,610.28,Consumo,Suscripciones digitales,Discrecional,tarjeta de débito,,spotify
60,Raúl Luna,2026-07-01,2026-07-31,2026-07-08,lonche,1012.43,Consumo,Alimentación,Esencial,tarjeta de débito,,lonche
60,Raúl Luna,2026-07-01,2026-07-31,2026-07-09,pago al SAT,307.25,Consumo,Otros,,transferencia bancaria,,pago al sat
60,Raúl Luna,2026-07-01,2026-07-31,2026-07-10,agua y refrescos,426.76,Consumo,Alimentación,Esencial,transferencia bancaria,,agua y refrescos
60,Raúl Luna,2026-07-01,2026-07-31,2026-07-10,escuela,1238.49,Consumo,Educación,Esencial,tarjeta de crédito,38.0,escuela
60,Raúl Luna,2026-07-01,2026-07-31,2026-07-11,carne,373.37,Consumo,Alimentación,Esencial,transferencia bancaria,,carne
60,Raúl Luna,2026-07-01,2026-07-31,2026-07-11,gasolina,689.86,Consumo,Transporte,Esencial,efectivo,,gasolina
60,Raúl Luna,2026-07-01,2026-07-31,2026-07-11,mensualidad del coche,1343.17,Pago de deuda,,,transferencia bancaria,,mensualidad del coche
60,Raúl Luna,2026-07-01,2026-07-31,2026-07-13,didi,434.37,Consumo,Transporte,Esencial,tarjeta de crédito,50.0,didi
60,Raúl Luna,2026-07-01,2026-07-31,2026-07-13,pago de renta,3465.03,Consumo,Vivienda,Esencial,tarjeta de débito,,pago de renta
60,Raúl Luna,2026-07-01,2026-07-31,2026-07-15,veterinario,114.57,Consumo,Otros,,tarjeta de crédito,66.4,veterinario
60,Raúl Luna,2026-07-01,2026-07-31,2026-07-15,Costco,1338.1,Consumo,Alimentación,Esencial,tarjeta de crédito,39.2,costco
60,Raúl Luna,2026-07-01,2026-07-31,2026-07-15,salario,31700.14,Ingreso,,,transferencia bancaria,,salario
60,Raúl Luna,2026-07-01,2026-07-31,2026-07-16,fondo de emergencia,9499.86,Ahorro e inversión,,,transferencia bancaria,,fondo de emergencia
60,Raúl Luna,2026-07-01,2026-07-31,2026-07-16,cosas del súper,1670.44,Consumo,Alimentación,Esencial,tarjeta de crédito,49.2,cosas del súper
60,Raúl Luna,2026-07-01,2026-07-31,2026-07-16,reparación del coche,654.16,Consumo,Transporte,Esencial,transferencia bancaria,,reparación del coche
60,Raúl Luna,2026-07-01,2026-07-31,2026-07-16,camión,1056.12,Consumo,Transporte,Esencial,efectivo,,camión
60,Raúl Luna,2026-07-01,2026-07-31,2026-07-17,Soriana,664.06,Consumo,Alimentación,Esencial,tarjeta de débito,,soriana
60,Raúl Luna,2026-07-01,2026-07-31,2026-07-17,servicio del coche,287.47,Consumo,Transporte,Esencial,tarjeta de débito,,servicio del coche
60,Raúl Luna,2026-07-01,2026-07-31,2026-07-19,mandado,275.68,Consumo,Alimentación,Esencial,tarjeta de crédito,52.3,mandado
60,Raúl Luna,2026-07-01,2026-07-31,2026-07-20,abarrotes,445.05,Consumo,Alimentación,Esencial,tarjeta de débito,,abarrotes
60,Raúl Luna,2026-07-01,2026-07-31,2026-07-20,cosas del súper,569.32,Consumo,Alimentación,Esencial,tarjeta de crédito,58.5,cosas del súper
60,Raúl Luna,2026-07-01,2026-07-31,2026-07-21,didi,588.06,Consumo,Transporte,Esencial,efectivo,,didi
60,Raúl Luna,2026-07-01,2026-07-31,2026-07-22,súper,275.76,Consumo,Alimentación,Esencial,tarjeta de crédito,58.6,súper
60,Raúl Luna,2026-07-01,2026-07-31,2026-07-22,transporte al trabajo,317.59,Consumo,Transporte,Esencial,transferencia bancaria,,transporte al trabajo
60,Raúl Luna,2026-07-01,2026-07-31,2026-07-23,pantalón,919.95,Consumo,Compras personales,Discrecional,efectivo,,pantalón
60,Raúl Luna,2026-07-01,2026-07-31,2026-07-23,leche y huevos,317.22,Consumo,Alimentación,Esencial,tarjeta de débito,,leche y huevos
60,Raúl Luna,2026-07-01,2026-07-31,2026-07-24,cartera,434.33,Consumo,Compras personales,Discrecional,transferencia bancaria,,cartera
60,Raúl Luna,2026-07-01,2026-07-31,2026-07-24,Airbnb,571.74,Consumo,Viajes y vacaciones,Discrecional,efectivo,,airbnb
60,Raúl Luna,2026-07-01,2026-07-31,2026-07-24,escuela,47.62,Consumo,Educación,Esencial,tarjeta de débito,,escuela
60,Raúl Luna,2026-07-01,2026-07-31,2026-07-24,pago de tarjeta,1149.21,Pago de deuda,,,transferencia bancaria,,pago de tarjeta
60,Raúl Luna,2026-07-01,2026-07-31,2026-07-26,ropa,163.06,Consumo,Compras personales,Discrecional,tarjeta de débito,,ropa
60,Raúl Luna,2026-07-01,2026-07-31,2026-07-26,mandado,395.77,Consumo,Alimentación,Esencial,efectivo,,mandado
60,Raúl Luna,2026-07-01,2026-07-31,2026-07-27,electrónicos,302.34,Consumo,Compras personales,Discrecional,tarjeta de débito,,electrónicos
60,Raúl Luna,2026-07-01,2026-07-31,2026-07-28,maquillaje,1051.97,Consumo,Compras personales,Discrecional,tarjeta de débito,,maquillaje
60,Raúl Luna,2026-07-01,2026-07-31,2026-07-28,seguro médico,480.66,Consumo,Salud,Esencial,transferencia bancaria,,seguro médico
60,Raúl Luna,2026-07-01,2026-07-31,2026-07-28,llantas,636.69,Consumo,Transporte,Esencial,efectivo,,llantas
60,Raúl Luna,2026-07-01,2026-07-31,2026-07-28,llantas,75.86,Consumo,Transporte,Esencial,tarjeta de crédito,71.9,llantas
60,Raúl Luna,2026-07-01,2026-07-31,2026-07-29,Walmart,3266.02,Consumo,Alimentación,Esencial,tarjeta de crédito,45.5,walmart
60,Raúl Luna,2026-07-01,2026-07-31,2026-07-30,salario,31700.14,Ingreso,,,transferencia bancaria,,salario
60,Raúl Luna,2026-07-01,2026-07-31,2026-07-31,pasaje,43.08,Consumo,Transporte,Esencial,tarjeta de débito,,pasaje
61,Laura López,2026-07-01,2026-07-31,2026-07-01,Walmart,165.83,Consumo,Alimentación,Esencial,efectivo,,walmart
61,Laura López,2026-07-01,2026-07-31,2026-07-01,Soriana,243.61,Consumo,Alimentación,Esencial,transferencia bancaria,,soriana
61,Laura López,2026-07-01,2026-07-31,2026-07-01,mercado,255.14,Consumo,Alimentación,Esencial,transferencia bancaria,,mercado
61,Laura López,2026-07-01,2026-07-31,2026-07-01,mercado,36.61,Consumo,Alimentación,Esencial,tarjeta de crédito,63.1,mercado
61,Laura López,2026-07-01,2026-07-31,2026-07-01,didi,79.8,Consumo,Transporte,Esencial,efectivo,,didi
61,Laura López,2026-07-01,2026-07-31,2026-07-05,compras de comida,627.37,Consumo,Alimentación,Esencial,efectivo,,compras de comida
61,Laura López,2026-07-01,2026-07-31,2026-07-05,uber,290.93,Consumo,Transporte,Esencial,tarjeta de débito,,uber
61,Laura López,2026-07-01,2026-07-31,2026-07-06,mandado,275.11,Consumo,Alimentación,Esencial,efectivo,,mandado
61,Laura López,2026-07-01,2026-07-31,2026-07-06,pasajes de la semana,61.79,Consumo,Transporte,Esencial,tarjeta de débito,,pasajes de la semana
61,Laura López,2026-07-01,2026-07-31,2026-07-06,gasolina,131.06,Consumo,Transporte,Esencial,transferencia bancaria,,gasolina
61,Laura López,2026-07-01,2026-07-31,2026-07-06,multa,143.77,Consumo,Otros,,transferencia bancaria,,multa
61,Laura López,2026-07-01,2026-07-31,2026-07-07,CETES Directo,156.73,Ahorro e inversión,,,transferencia bancaria,,cetes directo
61,Laura López,2026-07-01,2026-07-31,2026-07-07,carga de gasolina,43.48,Consumo,Transporte,Esencial,efectivo,,carga de gasolina
61,Laura López,2026-07-01,2026-07-31,2026-07-10,apoyo familiar,93.34,Consumo,Otros,,tarjeta de débito,,apoyo familiar
61,Laura López,2026-07-01,2026-07-31,2026-07-11,maquillaje,445.81,Consumo,Compras personales,Discrecional,tarjeta de débito,,maquillaje
61,Laura López,2026-07-01,2026-07-31,2026-07-12,llené el tanque,53.6,Consumo,Transporte,Esencial,transferencia bancaria,,llené el tanque
61,Laura López,2026-07-01,2026-07-31,2026-07-13,pago de crédito,838.38,Pago de deuda,,,transferencia bancaria,,pago de crédito
61,Laura López,2026-07-01,2026-07-31,2026-07-15,mandado,65.58,Consumo,Alimentación,Esencial,transferencia bancaria,,mandado
61,Laura López,2026-07-01,2026-07-31,2026-07-15,nómina,3236.97,Ingreso,,,transferencia bancaria,,nómina
61,Laura López,2026-07-01,2026-07-31,2026-07-16,pollo,108.91,Consumo,Alimentación,Esencial,tarjeta de débito,,pollo
61,Laura López,2026-07-01,2026-07-31,2026-07-19,comida,45.78,Consumo,Alimentación,Esencial,tarjeta de crédito,68.1,comida
61,Laura López,2026-07-01,2026-07-31,2026-07-23,accesorios,132.66,Consumo,Compras personales,Discrecional,efectivo,,accesorios
61,Laura López,2026-07-01,2026-07-31,2026-07-23,arreglo de fuga de agua,818.5,Consumo,Vivienda,Esencial,tarjeta de débito,,arreglo de fuga de agua
61,Laura López,2026-07-01,2026-07-31,2026-07-24,estacionamiento,65.37,Consumo,Transporte,Esencial,transferencia bancaria,,estacionamiento
61,Laura López,2026-07-01,2026-07-31,2026-07-26,ingredientes para cocinar,323.84,Consumo,Alimentación,Esencial,transferencia bancaria,,ingredientes para cocinar
61,Laura López,2026-07-01,2026-07-31,2026-07-26,camión,173.17,Consumo,Transporte,Esencial,transferencia bancaria,,camión
61,Laura López,2026-07-01,2026-07-31,2026-07-26,hospedaje,83.87,Consumo,Viajes y vacaciones,Discrecional,efectivo,,hospedaje
61,Laura López,2026-07-01,2026-07-31,2026-07-28,comida para la casa,195.02,Consumo,Alimentación,Esencial,tarjeta de débito,,comida para la casa
61,Laura López,2026-07-01,2026-07-31,2026-07-29,verificación,69.65,Consumo,Transporte,Esencial,tarjeta de crédito,71.9,verificación
61,Laura López,2026-07-01,2026-07-31,2026-07-30,despensa de la semana,101.99,Consumo,Alimentación,Esencial,transferencia bancaria,,despensa de la semana
61,Laura López,2026-07-01,2026-07-31,2026-07-30,carga de gasolina,147.05,Consumo,Transporte,Esencial,tarjeta de débito,,carga de gasolina
61,Laura López,2026-07-01,2026-07-31,2026-07-30,nómina,3236.97,Ingreso,,,transferencia bancaria,,nómina
61,Laura López,2026-07-01,2026-07-31,2026-07-31,compras de comida,147.65,Consumo,Alimentación,Esencial,efectivo,,compras de comida
61,Laura López,2026-07-01,2026-07-31,2026-07-31,boletos de avión,43.97,Consumo,Viajes y vacaciones,Discrecional,tarjeta de crédito,51.0,boletos de avión
62,Ricardo Fuentes,2026-07-01,2026-07-31,2026-07-01,farmacia,292.94,Consumo,Salud,Esencial,transferencia bancaria,,farmacia
62,Ricardo Fuentes,2026-07-01,2026-07-31,2026-07-02,hipoteca,115.06,Consumo,Vivienda,Esencial,tarjeta de débito,,hipoteca
62,Ricardo Fuentes,2026-07-01,2026-07-31,2026-07-02,súper,81.99,Consumo,Alimentación,Esencial,efectivo,,súper
62,Ricardo Fuentes,2026-07-01,2026-07-31,2026-07-02,reinscripción,276.64,Consumo,Educación,Esencial,transferencia bancaria,,reinscripción
62,Ricardo Fuentes,2026-07-01,2026-07-31,2026-07-05,café,480.73,Consumo,Entretenimiento y ocio,Discrecional,tarjeta de crédito,68.6,café
62,Ricardo Fuentes,2026-07-01,2026-07-31,2026-07-06,plomero,373.95,Consumo,Vivienda,Esencial,tarjeta de crédito,63.8,plomero
62,Ricardo Fuentes,2026-07-01,2026-07-31,2026-07-06,pago tarjeta BBVA,125.67,Pago de deuda,,,transferencia bancaria,,pago tarjeta bbva
62,Ricardo Fuentes,2026-07-01,2026-07-31,2026-07-07,súper,80.47,Consumo,Alimentación,Esencial,tarjeta de débito,,súper
62,Ricardo Fuentes,2026-07-01,2026-07-31,2026-07-07,agua y refrescos,163.87,Consumo,Alimentación,Esencial,tarjeta de crédito,61.4,agua y refrescos
62,Ricardo Fuentes,2026-07-01,2026-07-31,2026-07-10,lonche,86.92,Consumo,Alimentación,Esencial,tarjeta de crédito,46.1,lonche
62,Ricardo Fuentes,2026-07-01,2026-07-31,2026-07-12,Bodega Aurrera,334.28,Consumo,Alimentación,Esencial,tarjeta de crédito,53.1,bodega aurrera
62,Ricardo Fuentes,2026-07-01,2026-07-31,2026-07-15,nómina,4819.43,Ingreso,,,transferencia bancaria,,nómina
62,Ricardo Fuentes,2026-07-01,2026-07-31,2026-07-17,mandado,417.06,Consumo,Alimentación,Esencial,tarjeta de débito,,mandado
62,Ricardo Fuentes,2026-07-01,2026-07-31,2026-07-17,camión,321.83,Consumo,Transporte,Esencial,tarjeta de crédito,37.1,camión
62,Ricardo Fuentes,2026-07-01,2026-07-31,2026-07-17,pago tarjeta BBVA,109.21,Pago de deuda,,,transferencia bancaria,,pago tarjeta bbva
62,Ricardo Fuentes,2026-07-01,2026-07-31,2026-07-18,libros,87.14,Consumo,Educación,Esencial,tarjeta de débito,,libros
62,Ricardo Fuentes,2026-07-01,2026-07-31,2026-07-19,fondo de emergencia,353.44,Ahorro e inversión,,,transferencia bancaria,,fondo de emergencia
62,Ricardo Fuentes,2026-07-01,2026-07-31,2026-07-19,leche y huevos,675.16,Consumo,Alimentación,Esencial,tarjeta de débito,,leche y huevos
62,Ricardo Fuentes,2026-07-01,2026-07-31,2026-07-19,mandado,79.7,Consumo,Alimentación,Esencial,efectivo,,mandado
62,Ricardo Fuentes,2026-07-01,2026-07-31,2026-07-20,renta,79.85,Consumo,Vivienda,Esencial,transferencia bancaria,,renta
62,Ricardo Fuentes,2026-07-01,2026-07-31,2026-07-21,cuota de condominio,103.05,Consumo,Vivienda,Esencial,tarjeta de débito,,cuota de condominio
62,Ricardo Fuentes,2026-07-01,2026-07-31,2026-07-22,fondo de emergencia,392.18,Ahorro e inversión,,,transferencia bancaria,,fondo de emergencia
62,Ricardo Fuentes,2026-07-01,2026-07-31,2026-07-23,suscripción mensual,168.47,Consumo,Suscripciones digitales,Discrecional,tarjeta de crédito,37.4,suscripción mensual
62,Ricardo Fuentes,2026-07-01,2026-07-31,2026-07-25,fondo de emergencia,1222.74,Ahorro e inversión,,,transferencia bancaria,,fondo de emergencia
62,Ricardo Fuentes,2026-07-01,2026-07-31,2026-07-25,frutas y verduras,64.3,Consumo,Alimentación,Esencial,transferencia bancaria,,frutas y verduras
62,Ricardo Fuentes,2026-07-01,2026-07-31,2026-07-25,Soriana,277.19,Consumo,Alimentación,Esencial,tarjeta de débito,,soriana
62,Ricardo Fuentes,2026-07-01,2026-07-31,2026-07-26,pescado,569.84,Consumo,Alimentación,Esencial,tarjeta de débito,,pescado
62,Ricardo Fuentes,2026-07-01,2026-07-31,2026-07-28,gas de la casa,610.69,Consumo,Vivienda,Esencial,tarjeta de crédito,58.3,gas de la casa
62,Ricardo Fuentes,2026-07-01,2026-07-31,2026-07-28,Amazon,958.55,Consumo,Compras personales,Discrecional,efectivo,,amazon
62,Ricardo Fuentes,2026-07-01,2026-07-31,2026-07-28,comida de vacaciones,192.27,Consumo,Viajes y vacaciones,Discrecional,tarjeta de crédito,67.0,comida de vacaciones
62,Ricardo Fuentes,2026-07-01,2026-07-31,2026-07-30,pago de trabajo,4819.43,Ingreso,,,transferencia bancaria,,pago de trabajo
62,Ricardo Fuentes,2026-07-01,2026-07-31,2026-07-31,carne,533.2,Consumo,Alimentación,Esencial,transferencia bancaria,,carne
62,Ricardo Fuentes,2026-07-01,2026-07-31,2026-07-31,peaje,1282.27,Consumo,Transporte,Esencial,tarjeta de crédito,37.6,peaje
63,Emilio Pineda,2026-07-01,2026-07-31,2026-07-01,leche y huevos,417.69,Consumo,Alimentación,Esencial,tarjeta de débito,,leche y huevos
63,Emilio Pineda,2026-07-01,2026-07-31,2026-07-01,mantenimiento del depa,197.8,Consumo,Vivienda,Esencial,tarjeta de crédito,48.1,mantenimiento del depa
63,Emilio Pineda,2026-07-01,2026-07-31,2026-07-02,cambio de aceite,1293.29,Consumo,Transporte,Esencial,transferencia bancaria,,cambio de aceite
63,Emilio Pineda,2026-07-01,2026-07-31,2026-07-04,abarrotes,305.66,Consumo,Alimentación,Esencial,tarjeta de crédito,43.1,abarrotes
63,Emilio Pineda,2026-07-01,2026-07-31,2026-07-04,consulta,274.82,Consumo,Salud,Esencial,tarjeta de débito,,consulta
63,Emilio Pineda,2026-07-01,2026-07-31,2026-07-06,cosas del súper,194.68,Consumo,Alimentación,Esencial,tarjeta de débito,,cosas del súper
63,Emilio Pineda,2026-07-01,2026-07-31,2026-07-06,Soriana,248.56,Consumo,Alimentación,Esencial,tarjeta de débito,,soriana
63,Emilio Pineda,2026-07-01,2026-07-31,2026-07-06,ingredientes para cocinar,303.86,Consumo,Alimentación,Esencial,tarjeta de crédito,46.8,ingredientes para cocinar
63,Emilio Pineda,2026-07-01,2026-07-31,2026-07-09,Walmart,92.7,Consumo,Alimentación,Esencial,tarjeta de crédito,67.5,walmart
63,Emilio Pineda,2026-07-01,2026-07-31,2026-07-09,frutas y verduras,356.07,Consumo,Alimentación,Esencial,tarjeta de débito,,frutas y verduras
63,Emilio Pineda,2026-07-01,2026-07-31,2026-07-10,despensa de la semana,351.81,Consumo,Alimentación,Esencial,tarjeta de crédito,55.2,despensa de la semana
63,Emilio Pineda,2026-07-01,2026-07-31,2026-07-11,lonche,294.73,Consumo,Alimentación,Esencial,efectivo,,lonche
63,Emilio Pineda,2026-07-01,2026-07-31,2026-07-11,mantenimiento del depa,796.95,Consumo,Vivienda,Esencial,tarjeta de crédito,54.1,mantenimiento del depa
63,Emilio Pineda,2026-07-01,2026-07-31,2026-07-14,wifi,218.25,Consumo,Vivienda,Esencial,tarjeta de crédito,47.2,wifi
63,Emilio Pineda,2026-07-01,2026-07-31,2026-07-14,regalo,153.99,Consumo,Compras personales,Discrecional,tarjeta de crédito,51.6,regalo
63,Emilio Pineda,2026-07-01,2026-07-31,2026-07-15,comida,321.47,Consumo,Alimentación,Esencial,efectivo,,comida
63,Emilio Pineda,2026-07-01,2026-07-31,2026-07-15,pago tarjeta Santander,714.82,Pago de deuda,,,transferencia bancaria,,pago tarjeta santander
63,Emilio Pineda,2026-07-01,2026-07-31,2026-07-16,seguro del coche,968.3,Consumo,Transporte,Esencial,tarjeta de crédito,66.7,seguro del coche
63,Emilio Pineda,2026-07-01,2026-07-31,2026-07-16,joyería,135.16,Consumo,Compras personales,Discrecional,tarjeta de débito,,joyería
63,Emilio Pineda,2026-07-01,2026-07-31,2026-07-17,tenis,806.78,Consumo,Compras personales,Discrecional,tarjeta de crédito,50.3,tenis
63,Emilio Pineda,2026-07-01,2026-07-31,2026-07-19,Costco,137.85,Consumo,Alimentación,Esencial,efectivo,,costco
63,Emilio Pineda,2026-07-01,2026-07-31,2026-07-19,ultrasonido,65.07,Consumo,Salud,Esencial,tarjeta de débito,,ultrasonido
63,Emilio Pineda,2026-07-01,2026-07-31,2026-07-20,despensa de la semana,107.21,Consumo,Alimentación,Esencial,tarjeta de débito,,despensa de la semana
63,Emilio Pineda,2026-07-01,2026-07-31,2026-07-20,comida para la casa,95.2,Consumo,Alimentación,Esencial,tarjeta de crédito,70.8,comida para la casa
63,Emilio Pineda,2026-07-01,2026-07-31,2026-07-20,Bodega Aurrera,105.61,Consumo,Alimentación,Esencial,tarjeta de débito,,bodega aurrera
63,Emilio Pineda,2026-07-01,2026-07-31,2026-07-20,pollo,531.58,Consumo,Alimentación,Esencial,tarjeta de débito,,pollo
63,Emilio Pineda,2026-07-01,2026-07-31,2026-07-20,material escolar,73.38,Consumo,Educación,Esencial,transferencia bancaria,,material escolar
63,Emilio Pineda,2026-07-01,2026-07-31,2026-07-21,luz,195.2,Consumo,Vivienda,Esencial,tarjeta de débito,,luz
63,Emilio Pineda,2026-07-01,2026-07-31,2026-07-21,hipoteca,102.85,Consumo,Vivienda,Esencial,tarjeta de débito,,hipoteca
63,Emilio Pineda,2026-07-01,2026-07-31,2026-07-23,mandado,81.58,Consumo,Alimentación,Esencial,efectivo,,mandado
63,Emilio Pineda,2026-07-01,2026-07-31,2026-07-23,ventas del negocio,9148.71,Ingreso,,,transferencia bancaria,,ventas del negocio
63,Emilio Pineda,2026-07-01,2026-07-31,2026-07-24,mandado,374.58,Consumo,Alimentación,Esencial,tarjeta de crédito,65.4,mandado
63,Emilio Pineda,2026-07-01,2026-07-31,2026-07-24,cobro a cliente,2286.67,Ingreso,,,transferencia bancaria,,cobro a cliente
63,Emilio Pineda,2026-07-01,2026-07-31,2026-07-27,plataforma educativa,346.51,Consumo,Educación,Esencial,tarjeta de débito,,plataforma educativa
63,Emilio Pineda,2026-07-01,2026-07-31,2026-07-28,ahorro,137.87,Ahorro e inversión,,,transferencia bancaria,,ahorro
63,Emilio Pineda,2026-07-01,2026-07-31,2026-07-28,súper,235.7,Consumo,Alimentación,Esencial,tarjeta de débito,,súper
63,Emilio Pineda,2026-07-01,2026-07-31,2026-07-28,vuelo,219.05,Consumo,Viajes y vacaciones,Discrecional,transferencia bancaria,,vuelo
63,Emilio Pineda,2026-07-01,2026-07-31,2026-07-28,venta del día,919.1,Ingreso,,,transferencia bancaria,,venta del día
63,Emilio Pineda,2026-07-01,2026-07-31,2026-07-29,fondo de emergencia,276.64,Ahorro e inversión,,,transferencia bancaria,,fondo de emergencia
63,Emilio Pineda,2026-07-01,2026-07-31,2026-07-29,pago de colegiatura,107.65,Consumo,Educación,Esencial,transferencia bancaria,,pago de colegiatura
63,Emilio Pineda,2026-07-01,2026-07-31,2026-07-29,cobro a cliente,807.4,Ingreso,,,transferencia bancaria,,cobro a cliente
63,Emilio Pineda,2026-07-01,2026-07-31,2026-07-30,Soriana,429.03,Consumo,Alimentación,Esencial,tarjeta de débito,,soriana
64,José Cortés,2026-07-01,2026-07-31,2026-07-03,Adobe,457.6,Consumo,Suscripciones digitales,Discrecional,tarjeta de débito,,adobe
64,José Cortés,2026-07-01,2026-07-31,2026-07-05,Amazon,49.72,Consumo,Compras personales,Discrecional,tarjeta de débito,,amazon
64,José Cortés,2026-07-01,2026-07-31,2026-07-06,viaje de fin de semana,160.93,Consumo,Viajes y vacaciones,Discrecional,efectivo,,viaje de fin de semana
64,José Cortés,2026-07-01,2026-07-31,2026-07-06,carga de gasolina,134.4,Consumo,Transporte,Esencial,tarjeta de crédito,60.5,carga de gasolina
64,José Cortés,2026-07-01,2026-07-31,2026-07-07,pago de hipoteca,239.51,Pago de deuda,,,transferencia bancaria,,pago de hipoteca
64,José Cortés,2026-07-01,2026-07-31,2026-07-10,CETES Directo,702.04,Ahorro e inversión,,,transferencia bancaria,,cetes directo
64,José Cortés,2026-07-01,2026-07-31,2026-07-10,Bodega Aurrera,81.48,Consumo,Alimentación,Esencial,tarjeta de crédito,39.0,bodega aurrera
64,José Cortés,2026-07-01,2026-07-31,2026-07-11,transporte al trabajo,291.98,Consumo,Transporte,Esencial,tarjeta de crédito,67.4,transporte al trabajo
64,José Cortés,2026-07-01,2026-07-31,2026-07-12,celular,117.92,Consumo,Compras personales,Discrecional,tarjeta de crédito,66.3,celular
64,José Cortés,2026-07-01,2026-07-31,2026-07-12,agua,1084.19,Consumo,Vivienda,Esencial,tarjeta de crédito,44.3,agua
64,José Cortés,2026-07-01,2026-07-31,2026-07-14,escuela,930.18,Consumo,Educación,Esencial,tarjeta de débito,,escuela
64,José Cortés,2026-07-01,2026-07-31,2026-07-15,Microsoft 365,74.75,Consumo,Suscripciones digitales,Discrecional,tarjeta de crédito,53.7,microsoft 365
64,José Cortés,2026-07-01,2026-07-31,2026-07-15,sueldo,5608.8,Ingreso,,,transferencia bancaria,,sueldo
64,José Cortés,2026-07-01,2026-07-31,2026-07-16,despensa,113.22,Consumo,Alimentación,Esencial,efectivo,,despensa
64,José Cortés,2026-07-01,2026-07-31,2026-07-16,membresía digital,334.12,Consumo,Suscripciones digitales,Discrecional,tarjeta de débito,,membresía digital
64,José Cortés,2026-07-01,2026-07-31,2026-07-16,análisis clínicos,877.8,Consumo,Salud,Esencial,transferencia bancaria,,análisis clínicos
64,José Cortés,2026-07-01,2026-07-31,2026-07-18,boletos del cine,1073.29,Consumo,Entretenimiento y ocio,Discrecional,transferencia bancaria,,boletos del cine
64,José Cortés,2026-07-01,2026-07-31,2026-07-19,CETES Directo,267.38,Ahorro e inversión,,,transferencia bancaria,,cetes directo
64,José Cortés,2026-07-01,2026-07-31,2026-07-19,pasajes de la semana,264.36,Consumo,Transporte,Esencial,transferencia bancaria,,pasajes de la semana
64,José Cortés,2026-07-01,2026-07-31,2026-07-20,hotel,496.53,Consumo,Viajes y vacaciones,Discrecional,transferencia bancaria,,hotel
64,José Cortés,2026-07-01,2026-07-31,2026-07-21,vacaciones familiares,339.9,Consumo,Viajes y vacaciones,Discrecional,efectivo,,vacaciones familiares
64,José Cortés,2026-07-01,2026-07-31,2026-07-23,Amazon,329.61,Consumo,Compras personales,Discrecional,tarjeta de crédito,51.9,amazon
64,José Cortés,2026-07-01,2026-07-31,2026-07-24,pago mínimo de tarjeta,566.37,Pago de deuda,,,transferencia bancaria,,pago mínimo de tarjeta
64,José Cortés,2026-07-01,2026-07-31,2026-07-25,reparación del coche,126.55,Consumo,Transporte,Esencial,tarjeta de crédito,57.9,reparación del coche
64,José Cortés,2026-07-01,2026-07-31,2026-07-27,carne,820.62,Consumo,Alimentación,Esencial,transferencia bancaria,,carne
64,José Cortés,2026-07-01,2026-07-31,2026-07-30,servicio del coche,56.86,Consumo,Transporte,Esencial,efectivo,,servicio del coche
64,José Cortés,2026-07-01,2026-07-31,2026-07-30,nómina,5608.8,Ingreso,,,transferencia bancaria,,nómina
64,José Cortés,2026-07-01,2026-07-31,2026-07-31,celular,299.77,Consumo,Compras personales,Discrecional,tarjeta de crédito,62.7,celular
64,José Cortés,2026-07-01,2026-07-31,2026-07-31,maquillaje,122.51,Consumo,Compras personales,Discrecional,transferencia bancaria,,maquillaje
64,José Cortés,2026-07-01,2026-07-31,2026-07-31,abogado,859.72,Consumo,Otros,,efectivo,,abogado
65,Arturo Pineda,2026-07-01,2026-07-31,2026-07-01,recibo de luz,75.17,Consumo,Vivienda,Esencial,transferencia bancaria,,recibo de luz
65,Arturo Pineda,2026-07-01,2026-07-31,2026-07-02,urgencias,237.62,Consumo,Salud,Esencial,transferencia bancaria,,urgencias
65,Arturo Pineda,2026-07-01,2026-07-31,2026-07-02,actividades del viaje,61.88,Consumo,Viajes y vacaciones,Discrecional,transferencia bancaria,,actividades del viaje
65,Arturo Pineda,2026-07-01,2026-07-31,2026-07-02,regalo para alguien,308.62,Consumo,Otros,,tarjeta de crédito,42.7,regalo para alguien
65,Arturo Pineda,2026-07-01,2026-07-31,2026-07-02,pagué la luz,158.54,Consumo,Vivienda,Esencial,transferencia bancaria,,pagué la luz
65,Arturo Pineda,2026-07-01,2026-07-31,2026-07-03,vacaciones familiares,507.27,Consumo,Viajes y vacaciones,Discrecional,tarjeta de débito,,vacaciones familiares
65,Arturo Pineda,2026-07-01,2026-07-31,2026-07-04,Adobe,388.34,Consumo,Suscripciones digitales,Discrecional,transferencia bancaria,,adobe
65,Arturo Pineda,2026-07-01,2026-07-31,2026-07-05,pago de impuestos,59.23,Consumo,Otros,,tarjeta de débito,,pago de impuestos
65,Arturo Pineda,2026-07-01,2026-07-31,2026-07-06,psicólogo,40.38,Consumo,Salud,Esencial,tarjeta de débito,,psicólogo
65,Arturo Pineda,2026-07-01,2026-07-31,2026-07-07,boletos de avión,338.47,Consumo,Viajes y vacaciones,Discrecional,transferencia bancaria,,boletos de avión
65,Arturo Pineda,2026-07-01,2026-07-31,2026-07-08,viaje de fin de semana,234.36,Consumo,Viajes y vacaciones,Discrecional,tarjeta de débito,,viaje de fin de semana
65,Arturo Pineda,2026-07-01,2026-07-31,2026-07-08,pago de tarjeta,127.16,Pago de deuda,,,transferencia bancaria,,pago de tarjeta
65,Arturo Pineda,2026-07-01,2026-07-31,2026-07-09,terapia,378.55,Consumo,Salud,Esencial,tarjeta de crédito,64.9,terapia
65,Arturo Pineda,2026-07-01,2026-07-31,2026-07-09,Xbox Game Pass,592.87,Consumo,Suscripciones digitales,Discrecional,transferencia bancaria,,xbox game pass
65,Arturo Pineda,2026-07-01,2026-07-31,2026-07-09,Chedraui,1260.27,Consumo,Alimentación,Esencial,tarjeta de débito,,chedraui
65,Arturo Pineda,2026-07-01,2026-07-31,2026-07-09,gasolina,407.29,Consumo,Transporte,Esencial,transferencia bancaria,,gasolina
65,Arturo Pineda,2026-07-01,2026-07-31,2026-07-10,comisión bancaria,139.54,Consumo,Otros,,tarjeta de crédito,50.9,comisión bancaria
65,Arturo Pineda,2026-07-01,2026-07-31,2026-07-11,vuelo,303.01,Consumo,Viajes y vacaciones,Discrecional,transferencia bancaria,,vuelo
65,Arturo Pineda,2026-07-01,2026-07-31,2026-07-11,llantas,796.26,Consumo,Transporte,Esencial,transferencia bancaria,,llantas
65,Arturo Pineda,2026-07-01,2026-07-31,2026-07-12,documentos,132.62,Consumo,Otros,,tarjeta de débito,,documentos
65,Arturo Pineda,2026-07-01,2026-07-31,2026-07-13,boletos del cine,312.76,Consumo,Entretenimiento y ocio,Discrecional,efectivo,,boletos del cine
65,Arturo Pineda,2026-07-01,2026-07-31,2026-07-14,electrónicos,756.78,Consumo,Compras personales,Discrecional,tarjeta de crédito,62.5,electrónicos
65,Arturo Pineda,2026-07-01,2026-07-31,2026-07-15,muebles para la casa,231.58,Consumo,Vivienda,Esencial,tarjeta de débito,,muebles para la casa
65,Arturo Pineda,2026-07-01,2026-07-31,2026-07-15,quincena,7766.9,Ingreso,,,transferencia bancaria,,quincena
65,Arturo Pineda,2026-07-01,2026-07-31,2026-07-16,inversión GBM,247.63,Ahorro e inversión,,,transferencia bancaria,,inversión gbm
65,Arturo Pineda,2026-07-01,2026-07-31,2026-07-16,hipoteca,266.58,Consumo,Vivienda,Esencial,tarjeta de crédito,43.5,hipoteca
65,Arturo Pineda,2026-07-01,2026-07-31,2026-07-17,pago mínimo de tarjeta,110.47,Pago de deuda,,,transferencia bancaria,,pago mínimo de tarjeta
65,Arturo Pineda,2026-07-01,2026-07-31,2026-07-18,boletos del cine,944.26,Consumo,Entretenimiento y ocio,Discrecional,tarjeta de débito,,boletos del cine
65,Arturo Pineda,2026-07-01,2026-07-31,2026-07-18,certificación,775.23,Consumo,Educación,Esencial,efectivo,,certificación
65,Arturo Pineda,2026-07-01,2026-07-31,2026-07-18,camisa,223.23,Consumo,Compras personales,Discrecional,efectivo,,camisa
65,Arturo Pineda,2026-07-01,2026-07-31,2026-07-18,pasaje,63.51,Consumo,Transporte,Esencial,tarjeta de crédito,56.4,pasaje
65,Arturo Pineda,2026-07-01,2026-07-31,2026-07-20,cargo bancario,562.81,Consumo,Otros,,transferencia bancaria,,cargo bancario
65,Arturo Pineda,2026-07-01,2026-07-31,2026-07-22,muebles para la casa,106.91,Consumo,Vivienda,Esencial,transferencia bancaria,,muebles para la casa
65,Arturo Pineda,2026-07-01,2026-07-31,2026-07-22,material escolar,705.67,Consumo,Educación,Esencial,efectivo,,material escolar
65,Arturo Pineda,2026-07-01,2026-07-31,2026-07-23,terapia,112.75,Consumo,Salud,Esencial,tarjeta de débito,,terapia
65,Arturo Pineda,2026-07-01,2026-07-31,2026-07-23,contador,95.63,Consumo,Otros,,transferencia bancaria,,contador
65,Arturo Pineda,2026-07-01,2026-07-31,2026-07-24,apartado de ahorro,666.34,Ahorro e inversión,,,transferencia bancaria,,apartado de ahorro
65,Arturo Pineda,2026-07-01,2026-07-31,2026-07-24,perfume,248.23,Consumo,Compras personales,Discrecional,tarjeta de débito,,perfume
65,Arturo Pineda,2026-07-01,2026-07-31,2026-07-24,pago tarjeta BBVA,369.93,Pago de deuda,,,transferencia bancaria,,pago tarjeta bbva
65,Arturo Pineda,2026-07-01,2026-07-31,2026-07-25,laboratorio,188.05,Consumo,Salud,Esencial,tarjeta de débito,,laboratorio
65,Arturo Pineda,2026-07-01,2026-07-31,2026-07-25,Spotify,325.42,Consumo,Suscripciones digitales,Discrecional,tarjeta de crédito,46.2,spotify
65,Arturo Pineda,2026-07-01,2026-07-31,2026-07-26,mensualidad del depa,389.91,Consumo,Vivienda,Esencial,efectivo,,mensualidad del depa
65,Arturo Pineda,2026-07-01,2026-07-31,2026-07-26,reloj,67.14,Consumo,Compras personales,Discrecional,transferencia bancaria,,reloj
65,Arturo Pineda,2026-07-01,2026-07-31,2026-07-30,sueldo,7766.9,Ingreso,,,transferencia bancaria,,sueldo
65,Arturo Pineda,2026-07-01,2026-07-31,2026-07-31,farmacia,223.22,Consumo,Salud,Esencial,transferencia bancaria,,farmacia
66,Emilio Salinas,2026-07-01,2026-07-31,2026-07-02,doctor,326.43,Consumo,Salud,Esencial,tarjeta de débito,,doctor
66,Emilio Salinas,2026-07-01,2026-07-31,2026-07-02,videojuego,443.4,Consumo,Entretenimiento y ocio,Discrecional,tarjeta de débito,,videojuego
66,Emilio Salinas,2026-07-01,2026-07-31,2026-07-03,vestido,299.01,Consumo,Compras personales,Discrecional,tarjeta de débito,,vestido
66,Emilio Salinas,2026-07-01,2026-07-31,2026-07-03,reparación del coche,678.06,Consumo,Transporte,Esencial,tarjeta de débito,,reparación del coche
66,Emilio Salinas,2026-07-01,2026-07-31,2026-07-06,frutas y verduras,780.92,Consumo,Alimentación,Esencial,tarjeta de débito,,frutas y verduras
66,Emilio Salinas,2026-07-01,2026-07-31,2026-07-07,pollo,840.71,Consumo,Alimentación,Esencial,transferencia bancaria,,pollo
66,Emilio Salinas,2026-07-01,2026-07-31,2026-07-07,Chedraui,178.38,Consumo,Alimentación,Esencial,tarjeta de débito,,chedraui
66,Emilio Salinas,2026-07-01,2026-07-31,2026-07-07,metrobús,232.48,Consumo,Transporte,Esencial,tarjeta de débito,,metrobús
66,Emilio Salinas,2026-07-01,2026-07-31,2026-07-08,didi,179.17,Consumo,Transporte,Esencial,tarjeta de débito,,didi
66,Emilio Salinas,2026-07-01,2026-07-31,2026-07-08,recibo de agua,313.16,Consumo,Vivienda,Esencial,tarjeta de débito,,recibo de agua
66,Emilio Salinas,2026-07-01,2026-07-31,2026-07-09,audífonos,795.43,Consumo,Compras personales,Discrecional,tarjeta de crédito,62.1,audífonos
66,Emilio Salinas,2026-07-01,2026-07-31,2026-07-09,pollo,102.92,Consumo,Alimentación,Esencial,efectivo,,pollo
66,Emilio Salinas,2026-07-01,2026-07-31,2026-07-10,Walmart,118.04,Consumo,Alimentación,Esencial,efectivo,,walmart
66,Emilio Salinas,2026-07-01,2026-07-31,2026-07-11,cosas del súper,933.7,Consumo,Alimentación,Esencial,tarjeta de crédito,62.0,cosas del súper
66,Emilio Salinas,2026-07-01,2026-07-31,2026-07-12,clases,238.6,Consumo,Educación,Esencial,tarjeta de débito,,clases
66,Emilio Salinas,2026-07-01,2026-07-31,2026-07-14,pago de tarjeta,697.84,Pago de deuda,,,transferencia bancaria,,pago de tarjeta
66,Emilio Salinas,2026-07-01,2026-07-31,2026-07-15,quincena,8550.19,Ingreso,,,transferencia bancaria,,quincena
66,Emilio Salinas,2026-07-01,2026-07-31,2026-07-18,farmacia,98.3,Consumo,Salud,Esencial,efectivo,,farmacia
66,Emilio Salinas,2026-07-01,2026-07-31,2026-07-18,cambio de aceite,264.22,Consumo,Transporte,Esencial,transferencia bancaria,,cambio de aceite
66,Emilio Salinas,2026-07-01,2026-07-31,2026-07-21,compras de comida,64.78,Consumo,Alimentación,Esencial,tarjeta de débito,,compras de comida
66,Emilio Salinas,2026-07-01,2026-07-31,2026-07-21,comida de vacaciones,61.21,Consumo,Viajes y vacaciones,Discrecional,efectivo,,comida de vacaciones
66,Emilio Salinas,2026-07-01,2026-07-31,2026-07-22,celular,123.4,Consumo,Compras personales,Discrecional,transferencia bancaria,,celular
66,Emilio Salinas,2026-07-01,2026-07-31,2026-07-22,salida con amigos,247.07,Consumo,Entretenimiento y ocio,Discrecional,tarjeta de crédito,70.6,salida con amigos
66,Emilio Salinas,2026-07-01,2026-07-31,2026-07-22,internet de la casa,1399.35,Consumo,Vivienda,Esencial,tarjeta de débito,,internet de la casa
66,Emilio Salinas,2026-07-01,2026-07-31,2026-07-23,cosas del súper,574.86,Consumo,Alimentación,Esencial,tarjeta de crédito,63.9,cosas del súper
66,Emilio Salinas,2026-07-01,2026-07-31,2026-07-24,hostal,221.45,Consumo,Viajes y vacaciones,Discrecional,tarjeta de débito,,hostal
66,Emilio Salinas,2026-07-01,2026-07-31,2026-07-24,carga de gasolina,99.84,Consumo,Transporte,Esencial,tarjeta de crédito,69.4,carga de gasolina
66,Emilio Salinas,2026-07-01,2026-07-31,2026-07-27,servicio del coche,364.91,Consumo,Transporte,Esencial,transferencia bancaria,,servicio del coche
66,Emilio Salinas,2026-07-01,2026-07-31,2026-07-28,bonos gubernamentales,1985.5,Ahorro e inversión,,,transferencia bancaria,,bonos gubernamentales
66,Emilio Salinas,2026-07-01,2026-07-31,2026-07-28,compras de comida,618.59,Consumo,Alimentación,Esencial,tarjeta de crédito,64.6,compras de comida
66,Emilio Salinas,2026-07-01,2026-07-31,2026-07-29,transporte al trabajo,258.58,Consumo,Transporte,Esencial,tarjeta de crédito,65.5,transporte al trabajo
66,Emilio Salinas,2026-07-01,2026-07-31,2026-07-30,sueldo,8550.19,Ingreso,,,transferencia bancaria,,sueldo
66,Emilio Salinas,2026-07-01,2026-07-31,2026-07-31,Walmart,1228.95,Consumo,Alimentación,Esencial,transferencia bancaria,,walmart
66,Emilio Salinas,2026-07-01,2026-07-31,2026-07-31,útiles,314.75,Consumo,Educación,Esencial,tarjeta de débito,,útiles
66,Emilio Salinas,2026-07-01,2026-07-31,2026-07-31,carga de gasolina,151.26,Consumo,Transporte,Esencial,transferencia bancaria,,carga de gasolina
67,Mariana Rosales,2026-07-01,2026-07-31,2026-07-02,Soriana,441.9,Consumo,Alimentación,Esencial,transferencia bancaria,,soriana
67,Mariana Rosales,2026-07-01,2026-07-31,2026-07-02,consulta médica,371.64,Consumo,Salud,Esencial,tarjeta de débito,,consulta médica
67,Mariana Rosales,2026-07-01,2026-07-31,2026-07-03,pasaje,994.68,Consumo,Transporte,Esencial,tarjeta de débito,,pasaje
67,Mariana Rosales,2026-07-01,2026-07-31,2026-07-03,didi,134.44,Consumo,Transporte,Esencial,tarjeta de crédito,47.4,didi
67,Mariana Rosales,2026-07-01,2026-07-31,2026-07-04,pollo,363.38,Consumo,Alimentación,Esencial,tarjeta de débito,,pollo
67,Mariana Rosales,2026-07-01,2026-07-31,2026-07-04,verificación,222.83,Consumo,Transporte,Esencial,tarjeta de débito,,verificación
67,Mariana Rosales,2026-07-01,2026-07-31,2026-07-05,mensualidad de la escuela,704.23,Consumo,Educación,Esencial,tarjeta de débito,,mensualidad de la escuela
67,Mariana Rosales,2026-07-01,2026-07-31,2026-07-05,decoración,312.61,Consumo,Compras personales,Discrecional,tarjeta de débito,,decoración
67,Mariana Rosales,2026-07-01,2026-07-31,2026-07-06,apartado de ahorro,408.78,Ahorro e inversión,,,transferencia bancaria,,apartado de ahorro
67,Mariana Rosales,2026-07-01,2026-07-31,2026-07-06,casetas,258.9,Consumo,Transporte,Esencial,tarjeta de débito,,casetas
67,Mariana Rosales,2026-07-01,2026-07-31,2026-07-07,renta recibida,10570.78,Ingreso,,,transferencia bancaria,,renta recibida
67,Mariana Rosales,2026-07-01,2026-07-31,2026-07-07,pago tarjeta Santander,1092.76,Pago de deuda,,,transferencia bancaria,,pago tarjeta santander
67,Mariana Rosales,2026-07-01,2026-07-31,2026-07-09,agua y refrescos,570.83,Consumo,Alimentación,Esencial,tarjeta de débito,,agua y refrescos
67,Mariana Rosales,2026-07-01,2026-07-31,2026-07-09,consulta dental,234.38,Consumo,Salud,Esencial,tarjeta de crédito,43.5,consulta dental
67,Mariana Rosales,2026-07-01,2026-07-31,2026-07-10,cuota de condominio,354.02,Consumo,Vivienda,Esencial,tarjeta de débito,,cuota de condominio
67,Mariana Rosales,2026-07-01,2026-07-31,2026-07-10,boliche,588.36,Consumo,Entretenimiento y ocio,Discrecional,tarjeta de crédito,59.4,boliche
67,Mariana Rosales,2026-07-01,2026-07-31,2026-07-10,pago de crédito,323.89,Pago de deuda,,,transferencia bancaria,,pago de crédito
67,Mariana Rosales,2026-07-01,2026-07-31,2026-07-11,comida,290.16,Consumo,Alimentación,Esencial,tarjeta de crédito,39.6,comida
67,Mariana Rosales,2026-07-01,2026-07-31,2026-07-11,carne,579.87,Consumo,Alimentación,Esencial,transferencia bancaria,,carne
67,Mariana Rosales,2026-07-01,2026-07-31,2026-07-11,pintura de la casa,1548.32,Consumo,Vivienda,Esencial,transferencia bancaria,,pintura de la casa
67,Mariana Rosales,2026-07-01,2026-07-31,2026-07-11,llené el tanque,56.72,Consumo,Transporte,Esencial,transferencia bancaria,,llené el tanque
67,Mariana Rosales,2026-07-01,2026-07-31,2026-07-11,proyecto independiente,3456.17,Ingreso,,,efectivo,,proyecto independiente
67,Mariana Rosales,2026-07-01,2026-07-31,2026-07-12,ingredientes para cocinar,512.98,Consumo,Alimentación,Esencial,tarjeta de débito,,ingredientes para cocinar
67,Mariana Rosales,2026-07-01,2026-07-31,2026-07-13,pan y tortillas,740.87,Consumo,Alimentación,Esencial,tarjeta de crédito,65.4,pan y tortillas
67,Mariana Rosales,2026-07-01,2026-07-31,2026-07-14,pasaje,428.01,Consumo,Transporte,Esencial,tarjeta de crédito,37.0,pasaje
67,Mariana Rosales,2026-07-01,2026-07-31,2026-07-15,cartera,436.69,Consumo,Compras personales,Discrecional,tarjeta de débito,,cartera
67,Mariana Rosales,2026-07-01,2026-07-31,2026-07-17,leche y huevos,882.34,Consumo,Alimentación,Esencial,transferencia bancaria,,leche y huevos
67,Mariana Rosales,2026-07-01,2026-07-31,2026-07-17,metro,837.95,Consumo,Transporte,Esencial,transferencia bancaria,,metro
67,Mariana Rosales,2026-07-01,2026-07-31,2026-07-17,proyecto independiente,14226.76,Ingreso,,,transferencia bancaria,,proyecto independiente
67,Mariana Rosales,2026-07-01,2026-07-31,2026-07-18,leche y huevos,982.99,Consumo,Alimentación,Esencial,transferencia bancaria,,leche y huevos
67,Mariana Rosales,2026-07-01,2026-07-31,2026-07-18,pollo,64.83,Consumo,Alimentación,Esencial,efectivo,,pollo
67,Mariana Rosales,2026-07-01,2026-07-31,2026-07-18,mercado,1076.46,Consumo,Alimentación,Esencial,transferencia bancaria,,mercado
67,Mariana Rosales,2026-07-01,2026-07-31,2026-07-18,celular,588.86,Consumo,Compras personales,Discrecional,tarjeta de débito,,celular
67,Mariana Rosales,2026-07-01,2026-07-31,2026-07-21,pantalón,195.1,Consumo,Compras personales,Discrecional,tarjeta de débito,,pantalón
67,Mariana Rosales,2026-07-01,2026-07-31,2026-07-23,vestido,561.86,Consumo,Compras personales,Discrecional,efectivo,,vestido
67,Mariana Rosales,2026-07-01,2026-07-31,2026-07-26,domingo de paseo,302.85,Consumo,Entretenimiento y ocio,Discrecional,tarjeta de crédito,48.7,domingo de paseo
67,Mariana Rosales,2026-07-01,2026-07-31,2026-07-27,pagaré bancario,1418.5,Ahorro e inversión,,,transferencia bancaria,,pagaré bancario
67,Mariana Rosales,2026-07-01,2026-07-31,2026-07-27,Bodega Aurrera,1816.85,Consumo,Alimentación,Esencial,efectivo,,bodega aurrera
67,Mariana Rosales,2026-07-01,2026-07-31,2026-07-27,metro,121.27,Consumo,Transporte,Esencial,transferencia bancaria,,metro
67,Mariana Rosales,2026-07-01,2026-07-31,2026-07-28,camión,192.43,Consumo,Transporte,Esencial,tarjeta de crédito,42.9,camión
67,Mariana Rosales,2026-07-01,2026-07-31,2026-07-31,renta,296.79,Consumo,Vivienda,Esencial,tarjeta de crédito,42.6,renta
68,María Flores,2026-07-01,2026-07-31,2026-07-01,cosas del súper,2529.06,Consumo,Alimentación,Esencial,transferencia bancaria,,cosas del súper
68,María Flores,2026-07-01,2026-07-31,2026-07-02,estacionamiento,93.64,Consumo,Transporte,Esencial,transferencia bancaria,,estacionamiento
68,María Flores,2026-07-01,2026-07-31,2026-07-03,electricista,919.62,Consumo,Vivienda,Esencial,tarjeta de débito,,electricista
68,María Flores,2026-07-01,2026-07-31,2026-07-03,especialista,897.22,Consumo,Salud,Esencial,tarjeta de crédito,65.7,especialista
68,María Flores,2026-07-01,2026-07-31,2026-07-04,donación,1266.12,Consumo,Otros,,tarjeta de débito,,donación
68,María Flores,2026-07-01,2026-07-31,2026-07-05,pollo,168.63,Consumo,Alimentación,Esencial,transferencia bancaria,,pollo
68,María Flores,2026-07-01,2026-07-31,2026-07-05,internet de la casa,659.16,Consumo,Vivienda,Esencial,tarjeta de crédito,56.7,internet de la casa
68,María Flores,2026-07-01,2026-07-31,2026-07-05,uber,249.92,Consumo,Transporte,Esencial,efectivo,,uber
68,María Flores,2026-07-01,2026-07-31,2026-07-07,compras de comida,862.67,Consumo,Alimentación,Esencial,transferencia bancaria,,compras de comida
68,María Flores,2026-07-01,2026-07-31,2026-07-07,decoración,344.83,Consumo,Compras personales,Discrecional,efectivo,,decoración
68,María Flores,2026-07-01,2026-07-31,2026-07-07,maleta,569.16,Consumo,Viajes y vacaciones,Discrecional,transferencia bancaria,,maleta
68,María Flores,2026-07-01,2026-07-31,2026-07-07,pago de tarjeta,911.27,Pago de deuda,,,transferencia bancaria,,pago de tarjeta
68,María Flores,2026-07-01,2026-07-31,2026-07-08,pollo,148.29,Consumo,Alimentación,Esencial,tarjeta de crédito,40.8,pollo
68,María Flores,2026-07-01,2026-07-31,2026-07-09,metro,332.8,Consumo,Transporte,Esencial,tarjeta de débito,,metro
68,María Flores,2026-07-01,2026-07-31,2026-07-11,pago TDC,1243.0,Pago de deuda,,,transferencia bancaria,,pago tdc
68,María Flores,2026-07-01,2026-07-31,2026-07-12,fondo de emergencia,757.28,Ahorro e inversión,,,transferencia bancaria,,fondo de emergencia
68,María Flores,2026-07-01,2026-07-31,2026-07-12,pagaré bancario,453.7,Ahorro e inversión,,,transferencia bancaria,,pagaré bancario
68,María Flores,2026-07-01,2026-07-31,2026-07-12,metro,666.5,Consumo,Transporte,Esencial,tarjeta de débito,,metro
68,María Flores,2026-07-01,2026-07-31,2026-07-12,Amazon,287.43,Consumo,Compras personales,Discrecional,tarjeta de débito,,amazon
68,María Flores,2026-07-01,2026-07-31,2026-07-13,recibo de luz,205.38,Consumo,Vivienda,Esencial,efectivo,,recibo de luz
68,María Flores,2026-07-01,2026-07-31,2026-07-13,wifi,599.82,Consumo,Vivienda,Esencial,transferencia bancaria,,wifi
68,María Flores,2026-07-01,2026-07-31,2026-07-14,renta,816.11,Consumo,Vivienda,Esencial,tarjeta de crédito,38.0,renta
68,María Flores,2026-07-01,2026-07-31,2026-07-14,audífonos,2024.59,Consumo,Compras personales,Discrecional,transferencia bancaria,,audífonos
68,María Flores,2026-07-01,2026-07-31,2026-07-15,quincena,15822.82,Ingreso,,,transferencia bancaria,,quincena
68,María Flores,2026-07-01,2026-07-31,2026-07-18,compras de comida,123.4,Consumo,Alimentación,Esencial,efectivo,,compras de comida
68,María Flores,2026-07-01,2026-07-31,2026-07-18,pollo,229.16,Consumo,Alimentación,Esencial,tarjeta de crédito,62.8,pollo
68,María Flores,2026-07-01,2026-07-31,2026-07-20,despensa de la semana,382.12,Consumo,Alimentación,Esencial,tarjeta de débito,,despensa de la semana
68,María Flores,2026-07-01,2026-07-31,2026-07-20,ingredientes para cocinar,1813.92,Consumo,Alimentación,Esencial,tarjeta de crédito,56.2,ingredientes para cocinar
68,María Flores,2026-07-01,2026-07-31,2026-07-21,compras de comida,984.78,Consumo,Alimentación,Esencial,tarjeta de crédito,65.0,compras de comida
68,María Flores,2026-07-01,2026-07-31,2026-07-21,Chedraui,234.83,Consumo,Alimentación,Esencial,efectivo,,chedraui
68,María Flores,2026-07-01,2026-07-31,2026-07-21,bono extraordinario,8252.47,Ingreso,,,transferencia bancaria,,bono extraordinario
68,María Flores,2026-07-01,2026-07-31,2026-07-22,Walmart,1913.88,Consumo,Alimentación,Esencial,efectivo,,walmart
68,María Flores,2026-07-01,2026-07-31,2026-07-23,fondo de emergencia,201.93,Ahorro e inversión,,,transferencia bancaria,,fondo de emergencia
68,María Flores,2026-07-01,2026-07-31,2026-07-24,pescado,448.96,Consumo,Alimentación,Esencial,transferencia bancaria,,pescado
68,María Flores,2026-07-01,2026-07-31,2026-07-25,llené el tanque,756.01,Consumo,Transporte,Esencial,transferencia bancaria,,llené el tanque
68,María Flores,2026-07-01,2026-07-31,2026-07-25,cambio de aceite,2154.21,Consumo,Transporte,Esencial,efectivo,,cambio de aceite
68,María Flores,2026-07-01,2026-07-31,2026-07-26,comida para la casa,533.91,Consumo,Alimentación,Esencial,tarjeta de débito,,comida para la casa
68,María Flores,2026-07-01,2026-07-31,2026-07-26,luz,500.31,Consumo,Vivienda,Esencial,tarjeta de crédito,36.2,luz
68,María Flores,2026-07-01,2026-07-31,2026-07-26,muebles para la casa,236.98,Consumo,Vivienda,Esencial,transferencia bancaria,,muebles para la casa
68,María Flores,2026-07-01,2026-07-31,2026-07-28,compras de comida,493.64,Consumo,Alimentación,Esencial,efectivo,,compras de comida
68,María Flores,2026-07-01,2026-07-31,2026-07-29,seguro del coche,372.45,Consumo,Transporte,Esencial,tarjeta de crédito,56.9,seguro del coche
68,María Flores,2026-07-01,2026-07-31,2026-07-29,uber,777.86,Consumo,Transporte,Esencial,tarjeta de crédito,54.2,uber
68,María Flores,2026-07-01,2026-07-31,2026-07-29,vestido,407.61,Consumo,Compras personales,Discrecional,tarjeta de crédito,55.3,vestido
68,María Flores,2026-07-01,2026-07-31,2026-07-29,pago mínimo de tarjeta,744.8,Pago de deuda,,,transferencia bancaria,,pago mínimo de tarjeta
68,María Flores,2026-07-01,2026-07-31,2026-07-30,salario,15822.82,Ingreso,,,transferencia bancaria,,salario
68,María Flores,2026-07-01,2026-07-31,2026-07-31,cine,1346.75,Consumo,Entretenimiento y ocio,Discrecional,tarjeta de crédito,37.8,cine
69,Bruno Aguilar,2026-07-01,2026-07-31,2026-07-01,celular,261.02,Consumo,Compras personales,Discrecional,efectivo,,celular
69,Bruno Aguilar,2026-07-01,2026-07-31,2026-07-01,jubilación,48087.07,Ingreso,,,transferencia bancaria,,jubilación
69,Bruno Aguilar,2026-07-01,2026-07-31,2026-07-03,despensa,735.78,Consumo,Alimentación,Esencial,transferencia bancaria,,despensa
69,Bruno Aguilar,2026-07-01,2026-07-31,2026-07-04,carne,63.92,Consumo,Alimentación,Esencial,tarjeta de crédito,57.1,carne
69,Bruno Aguilar,2026-07-01,2026-07-31,2026-07-04,pescado,194.75,Consumo,Alimentación,Esencial,tarjeta de débito,,pescado
69,Bruno Aguilar,2026-07-01,2026-07-31,2026-07-05,carne,2648.31,Consumo,Alimentación,Esencial,tarjeta de débito,,carne
69,Bruno Aguilar,2026-07-01,2026-07-31,2026-07-06,pasajes de la semana,1486.44,Consumo,Transporte,Esencial,tarjeta de débito,,pasajes de la semana
69,Bruno Aguilar,2026-07-01,2026-07-31,2026-07-07,Bodega Aurrera,151.52,Consumo,Alimentación,Esencial,transferencia bancaria,,bodega aurrera
69,Bruno Aguilar,2026-07-01,2026-07-31,2026-07-07,pan y tortillas,790.79,Consumo,Alimentación,Esencial,transferencia bancaria,,pan y tortillas
69,Bruno Aguilar,2026-07-01,2026-07-31,2026-07-10,chamarra,2260.36,Consumo,Compras personales,Discrecional,tarjeta de débito,,chamarra
69,Bruno Aguilar,2026-07-01,2026-07-31,2026-07-10,Soriana,252.89,Consumo,Alimentación,Esencial,efectivo,,soriana
69,Bruno Aguilar,2026-07-01,2026-07-31,2026-07-13,Chedraui,433.9,Consumo,Alimentación,Esencial,tarjeta de débito,,chedraui
69,Bruno Aguilar,2026-07-01,2026-07-31,2026-07-15,metrobús,225.71,Consumo,Transporte,Esencial,transferencia bancaria,,metrobús
69,Bruno Aguilar,2026-07-01,2026-07-31,2026-07-17,fondo de inversión,3841.3,Ahorro e inversión,,,transferencia bancaria,,fondo de inversión
69,Bruno Aguilar,2026-07-01,2026-07-31,2026-07-17,Costco,1488.09,Consumo,Alimentación,Esencial,efectivo,,costco
69,Bruno Aguilar,2026-07-01,2026-07-31,2026-07-18,maquillaje,324.52,Consumo,Compras personales,Discrecional,tarjeta de crédito,45.2,maquillaje
69,Bruno Aguilar,2026-07-01,2026-07-31,2026-07-19,metro,465.41,Consumo,Transporte,Esencial,transferencia bancaria,,metro
69,Bruno Aguilar,2026-07-01,2026-07-31,2026-07-22,comida para la casa,3813.81,Consumo,Alimentación,Esencial,transferencia bancaria,,comida para la casa
69,Bruno Aguilar,2026-07-01,2026-07-31,2026-07-22,Chedraui,449.46,Consumo,Alimentación,Esencial,tarjeta de crédito,46.7,chedraui
69,Bruno Aguilar,2026-07-01,2026-07-31,2026-07-22,Adobe,610.84,Consumo,Suscripciones digitales,Discrecional,tarjeta de débito,,adobe
69,Bruno Aguilar,2026-07-01,2026-07-31,2026-07-23,reparación del coche,1026.2,Consumo,Transporte,Esencial,tarjeta de débito,,reparación del coche
69,Bruno Aguilar,2026-07-01,2026-07-31,2026-07-24,pago tarjeta BBVA,4460.1,Pago de deuda,,,transferencia bancaria,,pago tarjeta bbva
69,Bruno Aguilar,2026-07-01,2026-07-31,2026-07-25,mercado,876.94,Consumo,Alimentación,Esencial,efectivo,,mercado
69,Bruno Aguilar,2026-07-01,2026-07-31,2026-07-25,didi,267.63,Consumo,Transporte,Esencial,transferencia bancaria,,didi
69,Bruno Aguilar,2026-07-01,2026-07-31,2026-07-25,taxi,1433.65,Consumo,Transporte,Esencial,transferencia bancaria,,taxi
69,Bruno Aguilar,2026-07-01,2026-07-31,2026-07-25,carga de gasolina,504.78,Consumo,Transporte,Esencial,transferencia bancaria,,carga de gasolina
69,Bruno Aguilar,2026-07-01,2026-07-31,2026-07-28,viaje,693.28,Consumo,Viajes y vacaciones,Discrecional,tarjeta de débito,,viaje
69,Bruno Aguilar,2026-07-01,2026-07-31,2026-07-29,Costco,631.9,Consumo,Alimentación,Esencial,efectivo,,costco
69,Bruno Aguilar,2026-07-01,2026-07-31,2026-07-30,maquillaje,306.26,Consumo,Compras personales,Discrecional,tarjeta de débito,,maquillaje
69,Bruno Aguilar,2026-07-01,2026-07-31,2026-07-30,renta,3838.66,Consumo,Vivienda,Esencial,transferencia bancaria,,renta
69,Bruno Aguilar,2026-07-01,2026-07-31,2026-07-30,leche y huevos,1005.77,Consumo,Alimentación,Esencial,efectivo,,leche y huevos
69,Bruno Aguilar,2026-07-01,2026-07-31,2026-07-30,pago de impuestos,1119.58,Consumo,Otros,,transferencia bancaria,,pago de impuestos
69,Bruno Aguilar,2026-07-01,2026-07-31,2026-07-30,antro,1619.36,Consumo,Entretenimiento y ocio,Discrecional,transferencia bancaria,,antro
70,Luis Bravo,2026-07-01,2026-07-31,2026-07-02,pago de renta,2874.52,Consumo,Vivienda,Esencial,tarjeta de débito,,pago de renta
70,Luis Bravo,2026-07-01,2026-07-31,2026-07-02,comisión bancaria,488.58,Consumo,Otros,,tarjeta de crédito,44.8,comisión bancaria
70,Luis Bravo,2026-07-01,2026-07-31,2026-07-03,alimento para mascota,1240.74,Consumo,Otros,,transferencia bancaria,,alimento para mascota
70,Luis Bravo,2026-07-01,2026-07-31,2026-07-04,frutas y verduras,67.05,Consumo,Alimentación,Esencial,tarjeta de débito,,frutas y verduras
70,Luis Bravo,2026-07-01,2026-07-31,2026-07-05,leche y huevos,333.38,Consumo,Alimentación,Esencial,transferencia bancaria,,leche y huevos
70,Luis Bravo,2026-07-01,2026-07-31,2026-07-05,metrobús,1554.63,Consumo,Transporte,Esencial,tarjeta de débito,,metrobús
70,Luis Bravo,2026-07-01,2026-07-31,2026-07-06,cambio de aceite,483.0,Consumo,Transporte,Esencial,efectivo,,cambio de aceite
70,Luis Bravo,2026-07-01,2026-07-31,2026-07-07,agua y refrescos,459.17,Consumo,Alimentación,Esencial,tarjeta de débito,,agua y refrescos
70,Luis Bravo,2026-07-01,2026-07-31,2026-07-09,teatro,2028.43,Consumo,Entretenimiento y ocio,Discrecional,efectivo,,teatro
70,Luis Bravo,2026-07-01,2026-07-31,2026-07-11,lonche,63.22,Consumo,Alimentación,Esencial,efectivo,,lonche
70,Luis Bravo,2026-07-01,2026-07-31,2026-07-11,vestido,2077.53,Consumo,Compras personales,Discrecional,transferencia bancaria,,vestido
70,Luis Bravo,2026-07-01,2026-07-31,2026-07-12,leche y huevos,1665.13,Consumo,Alimentación,Esencial,tarjeta de débito,,leche y huevos
70,Luis Bravo,2026-07-01,2026-07-31,2026-07-12,suscripción mensual,869.91,Consumo,Suscripciones digitales,Discrecional,efectivo,,suscripción mensual
70,Luis Bravo,2026-07-01,2026-07-31,2026-07-13,acciones,2248.59,Ahorro e inversión,,,transferencia bancaria,,acciones
70,Luis Bravo,2026-07-01,2026-07-31,2026-07-13,compras de comida,592.26,Consumo,Alimentación,Esencial,efectivo,,compras de comida
70,Luis Bravo,2026-07-01,2026-07-31,2026-07-14,pan y tortillas,1335.94,Consumo,Alimentación,Esencial,tarjeta de débito,,pan y tortillas
70,Luis Bravo,2026-07-01,2026-07-31,2026-07-14,Walmart,516.91,Consumo,Alimentación,Esencial,tarjeta de crédito,69.1,walmart
70,Luis Bravo,2026-07-01,2026-07-31,2026-07-14,pasaje,2649.98,Consumo,Transporte,Esencial,efectivo,,pasaje
70,Luis Bravo,2026-07-01,2026-07-31,2026-07-15,despensa de la semana,57.93,Consumo,Alimentación,Esencial,transferencia bancaria,,despensa de la semana
70,Luis Bravo,2026-07-01,2026-07-31,2026-07-15,pago de trabajo,31180.17,Ingreso,,,transferencia bancaria,,pago de trabajo
70,Luis Bravo,2026-07-01,2026-07-31,2026-07-18,pescado,352.28,Consumo,Alimentación,Esencial,efectivo,,pescado
70,Luis Bravo,2026-07-01,2026-07-31,2026-07-18,renta,1001.68,Consumo,Vivienda,Esencial,transferencia bancaria,,renta
70,Luis Bravo,2026-07-01,2026-07-31,2026-07-19,viaje de fin de semana,721.3,Consumo,Viajes y vacaciones,Discrecional,tarjeta de débito,,viaje de fin de semana
70,Luis Bravo,2026-07-01,2026-07-31,2026-07-20,renta,467.54,Consumo,Vivienda,Esencial,tarjeta de débito,,renta
70,Luis Bravo,2026-07-01,2026-07-31,2026-07-21,despensa de la semana,2259.18,Consumo,Alimentación,Esencial,efectivo,,despensa de la semana
70,Luis Bravo,2026-07-01,2026-07-31,2026-07-21,skincare,404.93,Consumo,Compras personales,Discrecional,transferencia bancaria,,skincare
70,Luis Bravo,2026-07-01,2026-07-31,2026-07-22,pollo,599.18,Consumo,Alimentación,Esencial,efectivo,,pollo
70,Luis Bravo,2026-07-01,2026-07-31,2026-07-22,pago de colegiatura,1103.37,Consumo,Educación,Esencial,transferencia bancaria,,pago de colegiatura
70,Luis Bravo,2026-07-01,2026-07-31,2026-07-23,cuota de condominio,543.46,Consumo,Vivienda,Esencial,transferencia bancaria,,cuota de condominio
70,Luis Bravo,2026-07-01,2026-07-31,2026-07-26,playera,837.5,Consumo,Compras personales,Discrecional,tarjeta de crédito,66.8,playera
70,Luis Bravo,2026-07-01,2026-07-31,2026-07-27,gasolina,1632.4,Consumo,Transporte,Esencial,transferencia bancaria,,gasolina
70,Luis Bravo,2026-07-01,2026-07-31,2026-07-27,mensualidad de la escuela,373.08,Consumo,Educación,Esencial,tarjeta de débito,,mensualidad de la escuela
70,Luis Bravo,2026-07-01,2026-07-31,2026-07-28,frutas y verduras,2643.0,Consumo,Alimentación,Esencial,tarjeta de crédito,66.3,frutas y verduras
70,Luis Bravo,2026-07-01,2026-07-31,2026-07-30,salario,31180.17,Ingreso,,,transferencia bancaria,,salario
70,Luis Bravo,2026-07-01,2026-07-31,2026-07-31,Walmart,3694.58,Consumo,Alimentación,Esencial,transferencia bancaria,,walmart
70,Luis Bravo,2026-07-01,2026-07-31,2026-07-31,regalo,237.01,Consumo,Compras personales,Discrecional,transferencia bancaria,,regalo
71,Carolina Martínez,2026-07-01,2026-07-31,2026-07-01,arreglo de fuga de agua,158.29,Consumo,Vivienda,Esencial,tarjeta de crédito,41.4,arreglo de fuga de agua
71,Carolina Martínez,2026-07-01,2026-07-31,2026-07-01,metro,371.27,Consumo,Transporte,Esencial,tarjeta de crédito,62.6,metro
71,Carolina Martínez,2026-07-01,2026-07-31,2026-07-02,ingredientes para cocinar,109.95,Consumo,Alimentación,Esencial,efectivo,,ingredientes para cocinar
71,Carolina Martínez,2026-07-01,2026-07-31,2026-07-02,Bodega Aurrera,384.51,Consumo,Alimentación,Esencial,tarjeta de crédito,62.1,bodega aurrera
71,Carolina Martínez,2026-07-01,2026-07-31,2026-07-04,abarrotes,806.13,Consumo,Alimentación,Esencial,transferencia bancaria,,abarrotes
71,Carolina Martínez,2026-07-01,2026-07-31,2026-07-07,Disney+,119.74,Consumo,Suscripciones digitales,Discrecional,tarjeta de crédito,60.3,disney+
71,Carolina Martínez,2026-07-01,2026-07-31,2026-07-08,Chedraui,324.94,Consumo,Alimentación,Esencial,transferencia bancaria,,chedraui
71,Carolina Martínez,2026-07-01,2026-07-31,2026-07-08,libros escolares,277.5,Consumo,Educación,Esencial,transferencia bancaria,,libros escolares
71,Carolina Martínez,2026-07-01,2026-07-31,2026-07-10,multa,277.16,Consumo,Otros,,efectivo,,multa
71,Carolina Martínez,2026-07-01,2026-07-31,2026-07-11,Soriana,396.13,Consumo,Alimentación,Esencial,tarjeta de débito,,soriana
71,Carolina Martínez,2026-07-01,2026-07-31,2026-07-12,Spotify,656.92,Consumo,Suscripciones digitales,Discrecional,transferencia bancaria,,spotify
71,Carolina Martínez,2026-07-01,2026-07-31,2026-07-13,reloj,675.99,Consumo,Compras personales,Discrecional,transferencia bancaria,,reloj
71,Carolina Martínez,2026-07-01,2026-07-31,2026-07-14,taxi,197.45,Consumo,Transporte,Esencial,efectivo,,taxi
71,Carolina Martínez,2026-07-01,2026-07-31,2026-07-15,nómina,3937.72,Ingreso,,,transferencia bancaria,,nómina
71,Carolina Martínez,2026-07-01,2026-07-31,2026-07-16,pan y tortillas,101.22,Consumo,Alimentación,Esencial,tarjeta de débito,,pan y tortillas
71,Carolina Martínez,2026-07-01,2026-07-31,2026-07-16,antro,91.38,Consumo,Entretenimiento y ocio,Discrecional,tarjeta de crédito,50.9,antro
71,Carolina Martínez,2026-07-01,2026-07-31,2026-07-18,transferencia a ahorro,261.29,Ahorro e inversión,,,transferencia bancaria,,transferencia a ahorro
71,Carolina Martínez,2026-07-01,2026-07-31,2026-07-18,lonche,43.8,Consumo,Alimentación,Esencial,tarjeta de crédito,71.3,lonche
71,Carolina Martínez,2026-07-01,2026-07-31,2026-07-18,leche y huevos,173.07,Consumo,Alimentación,Esencial,transferencia bancaria,,leche y huevos
71,Carolina Martínez,2026-07-01,2026-07-31,2026-07-19,pago de renta,116.2,Consumo,Vivienda,Esencial,transferencia bancaria,,pago de renta
71,Carolina Martínez,2026-07-01,2026-07-31,2026-07-21,uber,607.38,Consumo,Transporte,Esencial,efectivo,,uber
71,Carolina Martínez,2026-07-01,2026-07-31,2026-07-24,mandado,354.96,Consumo,Alimentación,Esencial,transferencia bancaria,,mandado
71,Carolina Martínez,2026-07-01,2026-07-31,2026-07-24,cena fuera,160.47,Consumo,Entretenimiento y ocio,Discrecional,transferencia bancaria,,cena fuera
71,Carolina Martínez,2026-07-01,2026-07-31,2026-07-24,muebles para la casa,126.32,Consumo,Vivienda,Esencial,tarjeta de débito,,muebles para la casa
71,Carolina Martínez,2026-07-01,2026-07-31,2026-07-25,agua,229.43,Consumo,Vivienda,Esencial,tarjeta de débito,,agua
71,Carolina Martínez,2026-07-01,2026-07-31,2026-07-26,ingredientes para cocinar,92.7,Consumo,Alimentación,Esencial,efectivo,,ingredientes para cocinar
71,Carolina Martínez,2026-07-01,2026-07-31,2026-07-26,renta,56.71,Consumo,Vivienda,Esencial,tarjeta de crédito,59.2,renta
71,Carolina Martínez,2026-07-01,2026-07-31,2026-07-27,cena del viernes,42.03,Consumo,Entretenimiento y ocio,Discrecional,tarjeta de débito,,cena del viernes
71,Carolina Martínez,2026-07-01,2026-07-31,2026-07-27,wifi,183.87,Consumo,Vivienda,Esencial,tarjeta de débito,,wifi
71,Carolina Martínez,2026-07-01,2026-07-31,2026-07-27,pago tarjeta Santander,642.49,Pago de deuda,,,transferencia bancaria,,pago tarjeta santander
71,Carolina Martínez,2026-07-01,2026-07-31,2026-07-28,gasolina,61.12,Consumo,Transporte,Esencial,tarjeta de crédito,65.0,gasolina
71,Carolina Martínez,2026-07-01,2026-07-31,2026-07-30,comida para la casa,75.17,Consumo,Alimentación,Esencial,efectivo,,comida para la casa
71,Carolina Martínez,2026-07-01,2026-07-31,2026-07-30,quincena,3937.72,Ingreso,,,transferencia bancaria,,quincena
72,Laura Molina,2026-07-01,2026-07-31,2026-07-01,taxi,192.05,Consumo,Transporte,Esencial,tarjeta de crédito,76.4,taxi
72,Laura Molina,2026-07-01,2026-07-31,2026-07-01,camión,93.85,Consumo,Transporte,Esencial,tarjeta de crédito,60.2,camión
72,Laura Molina,2026-07-01,2026-07-31,2026-07-01,lentes,212.99,Consumo,Salud,Esencial,tarjeta de crédito,63.3,lentes
72,Laura Molina,2026-07-01,2026-07-31,2026-07-02,wifi,161.47,Consumo,Vivienda,Esencial,transferencia bancaria,,wifi
72,Laura Molina,2026-07-01,2026-07-31,2026-07-02,recibo de luz,728.92,Consumo,Vivienda,Esencial,tarjeta de crédito,94.3,recibo de luz
72,Laura Molina,2026-07-01,2026-07-31,2026-07-02,cena fuera,450.78,Consumo,Entretenimiento y ocio,Discrecional,tarjeta de crédito,75.3,cena fuera
72,Laura Molina,2026-07-01,2026-07-31,2026-07-03,renta,48.7,Consumo,Vivienda,Esencial,tarjeta de crédito,86.0,renta
72,Laura Molina,2026-07-01,2026-07-31,2026-07-05,fondo indexado,194.86,Ahorro e inversión,,,transferencia bancaria,,fondo indexado
72,Laura Molina,2026-07-01,2026-07-31,2026-07-05,didi,240.44,Consumo,Transporte,Esencial,tarjeta de crédito,77.0,didi
72,Laura Molina,2026-07-01,2026-07-31,2026-07-06,vacaciones familiares,222.45,Consumo,Viajes y vacaciones,Discrecional,tarjeta de crédito,75.5,vacaciones familiares
72,Laura Molina,2026-07-01,2026-07-31,2026-07-06,abono a préstamo,3558.4,Pago de deuda,,,transferencia bancaria,,abono a préstamo
72,Laura Molina,2026-07-01,2026-07-31,2026-07-07,ingredientes para cocinar,67.87,Consumo,Alimentación,Esencial,tarjeta de crédito,69.7,ingredientes para cocinar
72,Laura Molina,2026-07-01,2026-07-31,2026-07-08,mandado,244.57,Consumo,Alimentación,Esencial,tarjeta de crédito,67.1,mandado
72,Laura Molina,2026-07-01,2026-07-31,2026-07-08,Soriana,800.18,Consumo,Alimentación,Esencial,tarjeta de crédito,78.6,soriana
72,Laura Molina,2026-07-01,2026-07-31,2026-07-08,carne,507.28,Consumo,Alimentación,Esencial,tarjeta de débito,,carne
72,Laura Molina,2026-07-01,2026-07-31,2026-07-08,Bodega Aurrera,251.98,Consumo,Alimentación,Esencial,tarjeta de crédito,79.2,bodega aurrera
72,Laura Molina,2026-07-01,2026-07-31,2026-07-08,pan y tortillas,80.68,Consumo,Alimentación,Esencial,tarjeta de crédito,89.6,pan y tortillas
72,Laura Molina,2026-07-01,2026-07-31,2026-07-09,electricista,96.15,Consumo,Vivienda,Esencial,tarjeta de crédito,58.6,electricista
72,Laura Molina,2026-07-01,2026-07-31,2026-07-09,Soriana,401.88,Consumo,Alimentación,Esencial,tarjeta de crédito,75.2,soriana
72,Laura Molina,2026-07-01,2026-07-31,2026-07-15,pago de trabajo,5185.31,Ingreso,,,transferencia bancaria,,pago de trabajo
72,Laura Molina,2026-07-01,2026-07-31,2026-07-16,luz,197.01,Consumo,Vivienda,Esencial,tarjeta de débito,,luz
72,Laura Molina,2026-07-01,2026-07-31,2026-07-17,material escolar,407.99,Consumo,Educación,Esencial,efectivo,,material escolar
72,Laura Molina,2026-07-01,2026-07-31,2026-07-17,pago automotriz,1316.82,Pago de deuda,,,transferencia bancaria,,pago automotriz
72,Laura Molina,2026-07-01,2026-07-31,2026-07-19,estacionamiento,775.1,Consumo,Transporte,Esencial,tarjeta de débito,,estacionamiento
72,Laura Molina,2026-07-01,2026-07-31,2026-07-20,renta,93.43,Consumo,Vivienda,Esencial,tarjeta de crédito,77.5,renta
72,Laura Molina,2026-07-01,2026-07-31,2026-07-21,Amazon,831.43,Consumo,Compras personales,Discrecional,tarjeta de débito,,amazon
72,Laura Molina,2026-07-01,2026-07-31,2026-07-21,estacionamiento,66.35,Consumo,Transporte,Esencial,tarjeta de crédito,63.2,estacionamiento
72,Laura Molina,2026-07-01,2026-07-31,2026-07-21,mercado,39.7,Consumo,Alimentación,Esencial,tarjeta de crédito,78.0,mercado
72,Laura Molina,2026-07-01,2026-07-31,2026-07-21,Bodega Aurrera,209.51,Consumo,Alimentación,Esencial,tarjeta de crédito,68.1,bodega aurrera
72,Laura Molina,2026-07-01,2026-07-31,2026-07-24,bonos gubernamentales,124.58,Ahorro e inversión,,,transferencia bancaria,,bonos gubernamentales
72,Laura Molina,2026-07-01,2026-07-31,2026-07-24,hipoteca,35.89,Consumo,Vivienda,Esencial,efectivo,,hipoteca
72,Laura Molina,2026-07-01,2026-07-31,2026-07-24,ingredientes para cocinar,94.89,Consumo,Alimentación,Esencial,tarjeta de crédito,83.9,ingredientes para cocinar
72,Laura Molina,2026-07-01,2026-07-31,2026-07-26,cervezas con amigos,96.59,Consumo,Entretenimiento y ocio,Discrecional,tarjeta de crédito,76.6,cervezas con amigos
72,Laura Molina,2026-07-01,2026-07-31,2026-07-26,Google One,194.53,Consumo,Suscripciones digitales,Discrecional,tarjeta de crédito,80.7,google one
72,Laura Molina,2026-07-01,2026-07-31,2026-07-27,skincare,216.18,Consumo,Compras personales,Discrecional,tarjeta de crédito,93.9,skincare
72,Laura Molina,2026-07-01,2026-07-31,2026-07-28,didi,39.68,Consumo,Transporte,Esencial,efectivo,,didi
72,Laura Molina,2026-07-01,2026-07-31,2026-07-29,plomero,63.83,Consumo,Vivienda,Esencial,tarjeta de crédito,86.7,plomero
72,Laura Molina,2026-07-01,2026-07-31,2026-07-29,tratamiento,101.71,Consumo,Salud,Esencial,transferencia bancaria,,tratamiento
72,Laura Molina,2026-07-01,2026-07-31,2026-07-30,pasajes de la semana,88.2,Consumo,Transporte,Esencial,tarjeta de crédito,92.6,pasajes de la semana
72,Laura Molina,2026-07-01,2026-07-31,2026-07-30,nómina,5185.31,Ingreso,,,transferencia bancaria,,nómina
72,Laura Molina,2026-07-01,2026-07-31,2026-07-31,reparación del coche,187.04,Consumo,Transporte,Esencial,tarjeta de débito,,reparación del coche
72,Laura Molina,2026-07-01,2026-07-31,2026-07-31,pollo,1664.56,Consumo,Alimentación,Esencial,tarjeta de débito,,pollo
73,Silvia Rosales,2026-07-01,2026-07-31,2026-07-01,despensa,262.26,Consumo,Alimentación,Esencial,tarjeta de crédito,61.5,despensa
73,Silvia Rosales,2026-07-01,2026-07-31,2026-07-01,Costco,304.35,Consumo,Alimentación,Esencial,transferencia bancaria,,costco
73,Silvia Rosales,2026-07-01,2026-07-31,2026-07-01,pan y tortillas,402.61,Consumo,Alimentación,Esencial,efectivo,,pan y tortillas
73,Silvia Rosales,2026-07-01,2026-07-31,2026-07-02,carne,421.76,Consumo,Alimentación,Esencial,tarjeta de débito,,carne
73,Silvia Rosales,2026-07-01,2026-07-31,2026-07-05,trámite,344.13,Consumo,Otros,,tarjeta de débito,,trámite
73,Silvia Rosales,2026-07-01,2026-07-31,2026-07-06,pago mínimo de tarjeta,216.08,Pago de deuda,,,transferencia bancaria,,pago mínimo de tarjeta
73,Silvia Rosales,2026-07-01,2026-07-31,2026-07-07,Soriana,219.02,Consumo,Alimentación,Esencial,tarjeta de crédito,65.9,soriana
73,Silvia Rosales,2026-07-01,2026-07-31,2026-07-07,pollo,238.2,Consumo,Alimentación,Esencial,efectivo,,pollo
73,Silvia Rosales,2026-07-01,2026-07-31,2026-07-07,cuota de condominio,718.31,Consumo,Vivienda,Esencial,tarjeta de débito,,cuota de condominio
73,Silvia Rosales,2026-07-01,2026-07-31,2026-07-10,pescado,230.0,Consumo,Alimentación,Esencial,tarjeta de crédito,41.1,pescado
73,Silvia Rosales,2026-07-01,2026-07-31,2026-07-13,frutas y verduras,38.76,Consumo,Alimentación,Esencial,tarjeta de crédito,39.9,frutas y verduras
73,Silvia Rosales,2026-07-01,2026-07-31,2026-07-13,pago tarjeta BBVA,332.19,Pago de deuda,,,transferencia bancaria,,pago tarjeta bbva
73,Silvia Rosales,2026-07-01,2026-07-31,2026-07-14,estacionamiento,77.02,Consumo,Transporte,Esencial,tarjeta de crédito,59.6,estacionamiento
73,Silvia Rosales,2026-07-01,2026-07-31,2026-07-14,pago mínimo de tarjeta,259.44,Pago de deuda,,,transferencia bancaria,,pago mínimo de tarjeta
73,Silvia Rosales,2026-07-01,2026-07-31,2026-07-15,mercado,307.87,Consumo,Alimentación,Esencial,tarjeta de crédito,56.4,mercado
73,Silvia Rosales,2026-07-01,2026-07-31,2026-07-15,sueldo,5418.97,Ingreso,,,transferencia bancaria,,sueldo
73,Silvia Rosales,2026-07-01,2026-07-31,2026-07-16,fondo de inversión,523.03,Ahorro e inversión,,,transferencia bancaria,,fondo de inversión
73,Silvia Rosales,2026-07-01,2026-07-31,2026-07-17,boliche,143.88,Consumo,Entretenimiento y ocio,Discrecional,transferencia bancaria,,boliche
73,Silvia Rosales,2026-07-01,2026-07-31,2026-07-18,bolsa,86.6,Consumo,Compras personales,Discrecional,tarjeta de débito,,bolsa
73,Silvia Rosales,2026-07-01,2026-07-31,2026-07-18,uber,263.01,Consumo,Transporte,Esencial,efectivo,,uber
73,Silvia Rosales,2026-07-01,2026-07-31,2026-07-18,taxi,273.08,Consumo,Transporte,Esencial,tarjeta de débito,,taxi
73,Silvia Rosales,2026-07-01,2026-07-31,2026-07-23,frutas y verduras,167.52,Consumo,Alimentación,Esencial,tarjeta de débito,,frutas y verduras
73,Silvia Rosales,2026-07-01,2026-07-31,2026-07-23,transporte al trabajo,484.63,Consumo,Transporte,Esencial,tarjeta de crédito,69.3,transporte al trabajo
73,Silvia Rosales,2026-07-01,2026-07-31,2026-07-23,agua,295.64,Consumo,Vivienda,Esencial,tarjeta de débito,,agua
73,Silvia Rosales,2026-07-01,2026-07-31,2026-07-24,celular,698.61,Consumo,Compras personales,Discrecional,efectivo,,celular
73,Silvia Rosales,2026-07-01,2026-07-31,2026-07-25,inversión GBM,2131.98,Ahorro e inversión,,,transferencia bancaria,,inversión gbm
73,Silvia Rosales,2026-07-01,2026-07-31,2026-07-26,metro,132.45,Consumo,Transporte,Esencial,tarjeta de débito,,metro
73,Silvia Rosales,2026-07-01,2026-07-31,2026-07-29,apartado de ahorro,331.78,Ahorro e inversión,,,transferencia bancaria,,apartado de ahorro
73,Silvia Rosales,2026-07-01,2026-07-31,2026-07-29,comida para la casa,327.93,Consumo,Alimentación,Esencial,tarjeta de crédito,64.4,comida para la casa
73,Silvia Rosales,2026-07-01,2026-07-31,2026-07-30,mandado,190.83,Consumo,Alimentación,Esencial,transferencia bancaria,,mandado
73,Silvia Rosales,2026-07-01,2026-07-31,2026-07-30,nómina,5418.97,Ingreso,,,transferencia bancaria,,nómina
73,Silvia Rosales,2026-07-01,2026-07-31,2026-07-31,karaoke,241.85,Consumo,Entretenimiento y ocio,Discrecional,transferencia bancaria,,karaoke
74,David Molina,2026-07-01,2026-07-31,2026-07-01,gas,243.8,Consumo,Vivienda,Esencial,tarjeta de crédito,82.9,gas
74,David Molina,2026-07-01,2026-07-31,2026-07-01,arreglo de fuga de agua,38.09,Consumo,Vivienda,Esencial,tarjeta de crédito,88.5,arreglo de fuga de agua
74,David Molina,2026-07-01,2026-07-31,2026-07-01,camisa,265.95,Consumo,Compras personales,Discrecional,transferencia bancaria,,camisa
74,David Molina,2026-07-01,2026-07-31,2026-07-02,universidad,61.09,Consumo,Educación,Esencial,tarjeta de crédito,86.5,universidad
74,David Molina,2026-07-01,2026-07-31,2026-07-02,cartera,67.81,Consumo,Compras personales,Discrecional,tarjeta de crédito,73.6,cartera
74,David Molina,2026-07-01,2026-07-31,2026-07-03,abarrotes,624.49,Consumo,Alimentación,Esencial,tarjeta de crédito,65.5,abarrotes
74,David Molina,2026-07-01,2026-07-31,2026-07-04,libros escolares,465.95,Consumo,Educación,Esencial,tarjeta de crédito,77.3,libros escolares
74,David Molina,2026-07-01,2026-07-31,2026-07-04,pollo,172.16,Consumo,Alimentación,Esencial,tarjeta de crédito,68.9,pollo
74,David Molina,2026-07-01,2026-07-31,2026-07-06,despensa,180.15,Consumo,Alimentación,Esencial,tarjeta de crédito,80.1,despensa
74,David Molina,2026-07-01,2026-07-31,2026-07-06,casetas,442.64,Consumo,Transporte,Esencial,tarjeta de crédito,84.8,casetas
74,David Molina,2026-07-01,2026-07-31,2026-07-07,leche y huevos,284.78,Consumo,Alimentación,Esencial,tarjeta de crédito,79.7,leche y huevos
74,David Molina,2026-07-01,2026-07-31,2026-07-07,reloj,275.66,Consumo,Compras personales,Discrecional,tarjeta de crédito,93.8,reloj
74,David Molina,2026-07-01,2026-07-31,2026-07-11,mercado,251.67,Consumo,Alimentación,Esencial,tarjeta de crédito,67.7,mercado
74,David Molina,2026-07-01,2026-07-31,2026-07-12,abarrotes,96.62,Consumo,Alimentación,Esencial,tarjeta de crédito,76.3,abarrotes
74,David Molina,2026-07-01,2026-07-31,2026-07-13,ingredientes para cocinar,503.13,Consumo,Alimentación,Esencial,transferencia bancaria,,ingredientes para cocinar
74,David Molina,2026-07-01,2026-07-31,2026-07-14,ingredientes para cocinar,130.13,Consumo,Alimentación,Esencial,tarjeta de crédito,82.6,ingredientes para cocinar
74,David Molina,2026-07-01,2026-07-31,2026-07-14,mercado,243.95,Consumo,Alimentación,Esencial,tarjeta de débito,,mercado
74,David Molina,2026-07-01,2026-07-31,2026-07-15,despensa de la semana,235.29,Consumo,Alimentación,Esencial,tarjeta de débito,,despensa de la semana
74,David Molina,2026-07-01,2026-07-31,2026-07-15,transporte al trabajo,757.14,Consumo,Transporte,Esencial,tarjeta de débito,,transporte al trabajo
74,David Molina,2026-07-01,2026-07-31,2026-07-15,nómina,6788.53,Ingreso,,,transferencia bancaria,,nómina
74,David Molina,2026-07-01,2026-07-31,2026-07-16,fondo indexado,1079.62,Ahorro e inversión,,,transferencia bancaria,,fondo indexado
74,David Molina,2026-07-01,2026-07-31,2026-07-16,Soriana,59.81,Consumo,Alimentación,Esencial,tarjeta de crédito,84.7,soriana
74,David Molina,2026-07-01,2026-07-31,2026-07-16,compras de comida,110.64,Consumo,Alimentación,Esencial,tarjeta de crédito,66.1,compras de comida
74,David Molina,2026-07-01,2026-07-31,2026-07-16,concierto,81.62,Consumo,Entretenimiento y ocio,Discrecional,tarjeta de crédito,72.2,concierto
74,David Molina,2026-07-01,2026-07-31,2026-07-18,pollo,160.04,Consumo,Alimentación,Esencial,tarjeta de crédito,81.2,pollo
74,David Molina,2026-07-01,2026-07-31,2026-07-18,plomero,82.72,Consumo,Vivienda,Esencial,tarjeta de débito,,plomero
74,David Molina,2026-07-01,2026-07-31,2026-07-19,leche y huevos,413.05,Consumo,Alimentación,Esencial,efectivo,,leche y huevos
74,David Molina,2026-07-01,2026-07-31,2026-07-20,wifi,736.38,Consumo,Vivienda,Esencial,tarjeta de crédito,94.8,wifi
74,David Molina,2026-07-01,2026-07-31,2026-07-20,verificación,1005.39,Consumo,Transporte,Esencial,tarjeta de débito,,verificación
74,David Molina,2026-07-01,2026-07-31,2026-07-21,Soriana,134.99,Consumo,Alimentación,Esencial,tarjeta de crédito,87.5,soriana
74,David Molina,2026-07-01,2026-07-31,2026-07-21,hipoteca,62.1,Consumo,Vivienda,Esencial,transferencia bancaria,,hipoteca
74,David Molina,2026-07-01,2026-07-31,2026-07-22,mandado,73.37,Consumo,Alimentación,Esencial,tarjeta de crédito,86.2,mandado
74,David Molina,2026-07-01,2026-07-31,2026-07-22,comida para la casa,525.28,Consumo,Alimentación,Esencial,efectivo,,comida para la casa
74,David Molina,2026-07-01,2026-07-31,2026-07-23,electrónicos,39.62,Consumo,Compras personales,Discrecional,tarjeta de débito,,electrónicos
74,David Molina,2026-07-01,2026-07-31,2026-07-24,leche y huevos,554.51,Consumo,Alimentación,Esencial,tarjeta de crédito,61.3,leche y huevos
74,David Molina,2026-07-01,2026-07-31,2026-07-25,electrónicos,455.49,Consumo,Compras personales,Discrecional,tarjeta de crédito,67.0,electrónicos
74,David Molina,2026-07-01,2026-07-31,2026-07-26,Bodega Aurrera,354.99,Consumo,Alimentación,Esencial,tarjeta de crédito,85.1,bodega aurrera
74,David Molina,2026-07-01,2026-07-31,2026-07-27,pago automotriz,7174.56,Pago de deuda,,,transferencia bancaria,,pago automotriz
74,David Molina,2026-07-01,2026-07-31,2026-07-28,compras de comida,116.67,Consumo,Alimentación,Esencial,tarjeta de crédito,85.8,compras de comida
74,David Molina,2026-07-01,2026-07-31,2026-07-29,accesorios,266.63,Consumo,Compras personales,Discrecional,efectivo,,accesorios
74,David Molina,2026-07-01,2026-07-31,2026-07-29,café,508.28,Consumo,Entretenimiento y ocio,Discrecional,tarjeta de crédito,69.2,café
74,David Molina,2026-07-01,2026-07-31,2026-07-30,nómina,6788.53,Ingreso,,,transferencia bancaria,,nómina
74,David Molina,2026-07-01,2026-07-31,2026-07-31,hipoteca,490.41,Consumo,Vivienda,Esencial,tarjeta de débito,,hipoteca
75,Hugo Vega,2026-07-01,2026-07-31,2026-07-01,lonche,45.09,Consumo,Alimentación,Esencial,tarjeta de crédito,41.7,lonche
75,Hugo Vega,2026-07-01,2026-07-31,2026-07-01,gas,365.75,Consumo,Vivienda,Esencial,transferencia bancaria,,gas
75,Hugo Vega,2026-07-01,2026-07-31,2026-07-01,joyería,163.75,Consumo,Compras personales,Discrecional,efectivo,,joyería
75,Hugo Vega,2026-07-01,2026-07-31,2026-07-02,llantas,420.97,Consumo,Transporte,Esencial,tarjeta de crédito,36.9,llantas
75,Hugo Vega,2026-07-01,2026-07-31,2026-07-02,mercado,115.27,Consumo,Alimentación,Esencial,transferencia bancaria,,mercado
75,Hugo Vega,2026-07-01,2026-07-31,2026-07-03,verificación,57.55,Consumo,Transporte,Esencial,tarjeta de crédito,44.9,verificación
75,Hugo Vega,2026-07-01,2026-07-31,2026-07-06,casetas,48.41,Consumo,Transporte,Esencial,tarjeta de crédito,62.5,casetas
75,Hugo Vega,2026-07-01,2026-07-31,2026-07-06,zapatos,285.78,Consumo,Compras personales,Discrecional,tarjeta de crédito,62.2,zapatos
75,Hugo Vega,2026-07-01,2026-07-31,2026-07-06,pago de crédito,598.21,Pago de deuda,,,transferencia bancaria,,pago de crédito
75,Hugo Vega,2026-07-01,2026-07-31,2026-07-08,compras de comida,173.56,Consumo,Alimentación,Esencial,tarjeta de crédito,57.9,compras de comida
75,Hugo Vega,2026-07-01,2026-07-31,2026-07-08,cartera,282.11,Consumo,Compras personales,Discrecional,tarjeta de débito,,cartera
75,Hugo Vega,2026-07-01,2026-07-31,2026-07-10,trámite,51.82,Consumo,Otros,,tarjeta de crédito,65.4,trámite
75,Hugo Vega,2026-07-01,2026-07-31,2026-07-10,joyería,589.02,Consumo,Compras personales,Discrecional,efectivo,,joyería
75,Hugo Vega,2026-07-01,2026-07-31,2026-07-11,fondo de inversión,3153.93,Ahorro e inversión,,,transferencia bancaria,,fondo de inversión
75,Hugo Vega,2026-07-01,2026-07-31,2026-07-11,súper,65.83,Consumo,Alimentación,Esencial,transferencia bancaria,,súper
75,Hugo Vega,2026-07-01,2026-07-31,2026-07-14,peaje,52.91,Consumo,Transporte,Esencial,tarjeta de crédito,37.4,peaje
75,Hugo Vega,2026-07-01,2026-07-31,2026-07-14,muebles para la casa,1014.02,Consumo,Vivienda,Esencial,tarjeta de débito,,muebles para la casa
75,Hugo Vega,2026-07-01,2026-07-31,2026-07-15,mandado,35.17,Consumo,Alimentación,Esencial,transferencia bancaria,,mandado
75,Hugo Vega,2026-07-01,2026-07-31,2026-07-15,nómina,8281.24,Ingreso,,,transferencia bancaria,,nómina
75,Hugo Vega,2026-07-01,2026-07-31,2026-07-16,regalo para alguien,80.81,Consumo,Otros,,tarjeta de crédito,42.5,regalo para alguien
75,Hugo Vega,2026-07-01,2026-07-31,2026-07-16,estudios médicos,393.72,Consumo,Salud,Esencial,transferencia bancaria,,estudios médicos
75,Hugo Vega,2026-07-01,2026-07-31,2026-07-17,pollo,557.69,Consumo,Alimentación,Esencial,transferencia bancaria,,pollo
75,Hugo Vega,2026-07-01,2026-07-31,2026-07-17,vacaciones familiares,205.76,Consumo,Viajes y vacaciones,Discrecional,tarjeta de crédito,37.7,vacaciones familiares
75,Hugo Vega,2026-07-01,2026-07-31,2026-07-18,agua y refrescos,328.64,Consumo,Alimentación,Esencial,tarjeta de débito,,agua y refrescos
75,Hugo Vega,2026-07-01,2026-07-31,2026-07-18,hospedaje,90.85,Consumo,Viajes y vacaciones,Discrecional,tarjeta de crédito,47.4,hospedaje
75,Hugo Vega,2026-07-01,2026-07-31,2026-07-19,fondo de inversión,1150.09,Ahorro e inversión,,,transferencia bancaria,,fondo de inversión
75,Hugo Vega,2026-07-01,2026-07-31,2026-07-19,electricista,261.68,Consumo,Vivienda,Esencial,tarjeta de débito,,electricista
75,Hugo Vega,2026-07-01,2026-07-31,2026-07-19,pagué la luz,253.7,Consumo,Vivienda,Esencial,tarjeta de débito,,pagué la luz
75,Hugo Vega,2026-07-01,2026-07-31,2026-07-20,comida para la casa,404.12,Consumo,Alimentación,Esencial,transferencia bancaria,,comida para la casa
75,Hugo Vega,2026-07-01,2026-07-31,2026-07-21,seguro del coche,143.57,Consumo,Transporte,Esencial,transferencia bancaria,,seguro del coche
75,Hugo Vega,2026-07-01,2026-07-31,2026-07-22,peaje,482.04,Consumo,Transporte,Esencial,efectivo,,peaje
75,Hugo Vega,2026-07-01,2026-07-31,2026-07-22,cambio de aceite,576.59,Consumo,Transporte,Esencial,tarjeta de crédito,70.4,cambio de aceite
75,Hugo Vega,2026-07-01,2026-07-31,2026-07-22,Bodega Aurrera,92.52,Consumo,Alimentación,Esencial,efectivo,,bodega aurrera
75,Hugo Vega,2026-07-01,2026-07-31,2026-07-22,carne,43.72,Consumo,Alimentación,Esencial,transferencia bancaria,,carne
75,Hugo Vega,2026-07-01,2026-07-31,2026-07-23,renta,138.91,Consumo,Vivienda,Esencial,tarjeta de débito,,renta
75,Hugo Vega,2026-07-01,2026-07-31,2026-07-23,joyería,68.99,Consumo,Compras personales,Discrecional,tarjeta de débito,,joyería
75,Hugo Vega,2026-07-01,2026-07-31,2026-07-24,peaje,253.39,Consumo,Transporte,Esencial,tarjeta de débito,,peaje
75,Hugo Vega,2026-07-01,2026-07-31,2026-07-24,carne,58.85,Consumo,Alimentación,Esencial,transferencia bancaria,,carne
75,Hugo Vega,2026-07-01,2026-07-31,2026-07-24,documentos,335.18,Consumo,Otros,,tarjeta de crédito,61.4,documentos
75,Hugo Vega,2026-07-01,2026-07-31,2026-07-25,Walmart,311.63,Consumo,Alimentación,Esencial,tarjeta de débito,,walmart
75,Hugo Vega,2026-07-01,2026-07-31,2026-07-25,lonche,154.95,Consumo,Alimentación,Esencial,transferencia bancaria,,lonche
75,Hugo Vega,2026-07-01,2026-07-31,2026-07-25,mercado,272.98,Consumo,Alimentación,Esencial,tarjeta de crédito,54.8,mercado
75,Hugo Vega,2026-07-01,2026-07-31,2026-07-25,mascota,40.91,Consumo,Otros,,tarjeta de débito,,mascota
75,Hugo Vega,2026-07-01,2026-07-31,2026-07-26,súper,239.88,Consumo,Alimentación,Esencial,tarjeta de crédito,37.9,súper
75,Hugo Vega,2026-07-01,2026-07-31,2026-07-27,compras de comida,1888.87,Consumo,Alimentación,Esencial,tarjeta de crédito,71.6,compras de comida
75,Hugo Vega,2026-07-01,2026-07-31,2026-07-27,Bodega Aurrera,282.81,Consumo,Alimentación,Esencial,tarjeta de débito,,bodega aurrera
75,Hugo Vega,2026-07-01,2026-07-31,2026-07-29,llené el tanque,454.68,Consumo,Transporte,Esencial,tarjeta de débito,,llené el tanque
75,Hugo Vega,2026-07-01,2026-07-31,2026-07-30,despensa de la semana,43.3,Consumo,Alimentación,Esencial,efectivo,,despensa de la semana
75,Hugo Vega,2026-07-01,2026-07-31,2026-07-30,sueldo,8281.24,Ingreso,,,transferencia bancaria,,sueldo
75,Hugo Vega,2026-07-01,2026-07-31,2026-07-31,Soriana,475.19,Consumo,Alimentación,Esencial,efectivo,,soriana
76,Mariana Hernández,2026-07-01,2026-07-31,2026-07-01,cambio de aceite,81.17,Consumo,Transporte,Esencial,transferencia bancaria,,cambio de aceite
76,Mariana Hernández,2026-07-01,2026-07-31,2026-07-03,Soriana,201.37,Consumo,Alimentación,Esencial,tarjeta de crédito,39.2,soriana
76,Mariana Hernández,2026-07-01,2026-07-31,2026-07-05,chamarra,1513.08,Consumo,Compras personales,Discrecional,tarjeta de crédito,70.4,chamarra
76,Mariana Hernández,2026-07-01,2026-07-31,2026-07-05,pago tarjeta Santander,188.5,Pago de deuda,,,transferencia bancaria,,pago tarjeta santander
76,Mariana Hernández,2026-07-01,2026-07-31,2026-07-06,súper,43.41,Consumo,Alimentación,Esencial,tarjeta de débito,,súper
76,Mariana Hernández,2026-07-01,2026-07-31,2026-07-06,agua,1888.79,Consumo,Vivienda,Esencial,tarjeta de débito,,agua
76,Mariana Hernández,2026-07-01,2026-07-31,2026-07-06,clases particulares,713.21,Consumo,Educación,Esencial,tarjeta de crédito,47.0,clases particulares
76,Mariana Hernández,2026-07-01,2026-07-31,2026-07-07,despensa de la semana,75.69,Consumo,Alimentación,Esencial,tarjeta de crédito,52.4,despensa de la semana
76,Mariana Hernández,2026-07-01,2026-07-31,2026-07-07,cine,978.62,Consumo,Entretenimiento y ocio,Discrecional,transferencia bancaria,,cine
76,Mariana Hernández,2026-07-01,2026-07-31,2026-07-09,compras de comida,1261.71,Consumo,Alimentación,Esencial,tarjeta de crédito,61.7,compras de comida
76,Mariana Hernández,2026-07-01,2026-07-31,2026-07-09,mensualidad del coche,140.01,Pago de deuda,,,transferencia bancaria,,mensualidad del coche
76,Mariana Hernández,2026-07-01,2026-07-31,2026-07-10,ingredientes para cocinar,627.63,Consumo,Alimentación,Esencial,transferencia bancaria,,ingredientes para cocinar
76,Mariana Hernández,2026-07-01,2026-07-31,2026-07-11,agua,392.25,Consumo,Vivienda,Esencial,tarjeta de débito,,agua
76,Mariana Hernández,2026-07-01,2026-07-31,2026-07-13,verificación,491.41,Consumo,Transporte,Esencial,transferencia bancaria,,verificación
76,Mariana Hernández,2026-07-01,2026-07-31,2026-07-14,pago al SAT,205.82,Consumo,Otros,,tarjeta de débito,,pago al sat
76,Mariana Hernández,2026-07-01,2026-07-31,2026-07-15,audífonos,532.47,Consumo,Compras personales,Discrecional,tarjeta de débito,,audífonos
76,Mariana Hernández,2026-07-01,2026-07-31,2026-07-15,quincena,6465.09,Ingreso,,,transferencia bancaria,,quincena
76,Mariana Hernández,2026-07-01,2026-07-31,2026-07-16,lonche,1505.04,Consumo,Alimentación,Esencial,tarjeta de débito,,lonche
76,Mariana Hernández,2026-07-01,2026-07-31,2026-07-16,comida para la casa,1560.2,Consumo,Alimentación,Esencial,tarjeta de crédito,52.9,comida para la casa
76,Mariana Hernández,2026-07-01,2026-07-31,2026-07-17,leche y huevos,249.15,Consumo,Alimentación,Esencial,tarjeta de crédito,36.5,leche y huevos
76,Mariana Hernández,2026-07-01,2026-07-31,2026-07-17,ultrasonido,575.21,Consumo,Salud,Esencial,efectivo,,ultrasonido
76,Mariana Hernández,2026-07-01,2026-07-31,2026-07-18,bonos gubernamentales,694.22,Ahorro e inversión,,,transferencia bancaria,,bonos gubernamentales
76,Mariana Hernández,2026-07-01,2026-07-31,2026-07-18,renta recibida,4018.63,Ingreso,,,transferencia bancaria,,renta recibida
76,Mariana Hernández,2026-07-01,2026-07-31,2026-07-19,Bodega Aurrera,609.7,Consumo,Alimentación,Esencial,tarjeta de débito,,bodega aurrera
76,Mariana Hernández,2026-07-01,2026-07-31,2026-07-19,abono a préstamo,225.45,Pago de deuda,,,transferencia bancaria,,abono a préstamo
76,Mariana Hernández,2026-07-01,2026-07-31,2026-07-21,frutas y verduras,798.48,Consumo,Alimentación,Esencial,efectivo,,frutas y verduras
76,Mariana Hernández,2026-07-01,2026-07-31,2026-07-21,actividades del viaje,365.19,Consumo,Viajes y vacaciones,Discrecional,transferencia bancaria,,actividades del viaje
76,Mariana Hernández,2026-07-01,2026-07-31,2026-07-22,plomero,116.4,Consumo,Vivienda,Esencial,tarjeta de crédito,63.5,plomero
76,Mariana Hernández,2026-07-01,2026-07-31,2026-07-22,trabajo freelance,4911.66,Ingreso,,,transferencia bancaria,,trabajo freelance
76,Mariana Hernández,2026-07-01,2026-07-31,2026-07-23,carne,50.57,Consumo,Alimentación,Esencial,tarjeta de crédito,67.2,carne
76,Mariana Hernández,2026-07-01,2026-07-31,2026-07-25,pago de impuestos,485.96,Consumo,Otros,,transferencia bancaria,,pago de impuestos
76,Mariana Hernández,2026-07-01,2026-07-31,2026-07-27,inversión GBM,581.84,Ahorro e inversión,,,transferencia bancaria,,inversión gbm
76,Mariana Hernández,2026-07-01,2026-07-31,2026-07-27,cambio de aceite,103.74,Consumo,Transporte,Esencial,tarjeta de crédito,68.3,cambio de aceite
76,Mariana Hernández,2026-07-01,2026-07-31,2026-07-28,carga de gasolina,2129.21,Consumo,Transporte,Esencial,transferencia bancaria,,carga de gasolina
76,Mariana Hernández,2026-07-01,2026-07-31,2026-07-29,suscripción mensual,155.26,Consumo,Suscripciones digitales,Discrecional,transferencia bancaria,,suscripción mensual
76,Mariana Hernández,2026-07-01,2026-07-31,2026-07-30,Xbox Game Pass,201.73,Consumo,Suscripciones digitales,Discrecional,tarjeta de crédito,65.8,xbox game pass
76,Mariana Hernández,2026-07-01,2026-07-31,2026-07-30,quincena,6465.09,Ingreso,,,transferencia bancaria,,quincena
77,Jorge Mendoza,2026-07-01,2026-07-31,2026-07-01,mandado,924.34,Consumo,Alimentación,Esencial,tarjeta de débito,,mandado
77,Jorge Mendoza,2026-07-01,2026-07-31,2026-07-01,transporte al trabajo,4039.94,Consumo,Transporte,Esencial,tarjeta de débito,,transporte al trabajo
77,Jorge Mendoza,2026-07-01,2026-07-31,2026-07-02,playera,663.08,Consumo,Compras personales,Discrecional,tarjeta de débito,,playera
77,Jorge Mendoza,2026-07-01,2026-07-31,2026-07-03,gas de la casa,748.18,Consumo,Vivienda,Esencial,transferencia bancaria,,gas de la casa
77,Jorge Mendoza,2026-07-01,2026-07-31,2026-07-04,fondo de emergencia,265.28,Ahorro e inversión,,,transferencia bancaria,,fondo de emergencia
77,Jorge Mendoza,2026-07-01,2026-07-31,2026-07-04,Chedraui,114.39,Consumo,Alimentación,Esencial,tarjeta de crédito,59.2,chedraui
77,Jorge Mendoza,2026-07-01,2026-07-31,2026-07-04,abarrotes,666.62,Consumo,Alimentación,Esencial,tarjeta de crédito,41.8,abarrotes
77,Jorge Mendoza,2026-07-01,2026-07-31,2026-07-04,despensa de la semana,997.08,Consumo,Alimentación,Esencial,tarjeta de débito,,despensa de la semana
77,Jorge Mendoza,2026-07-01,2026-07-31,2026-07-04,muebles para la casa,720.44,Consumo,Vivienda,Esencial,transferencia bancaria,,muebles para la casa
77,Jorge Mendoza,2026-07-01,2026-07-31,2026-07-04,fiesta,1032.8,Consumo,Entretenimiento y ocio,Discrecional,tarjeta de crédito,69.8,fiesta
77,Jorge Mendoza,2026-07-01,2026-07-31,2026-07-05,lonche,464.69,Consumo,Alimentación,Esencial,transferencia bancaria,,lonche
77,Jorge Mendoza,2026-07-01,2026-07-31,2026-07-08,frutas y verduras,792.03,Consumo,Alimentación,Esencial,transferencia bancaria,,frutas y verduras
77,Jorge Mendoza,2026-07-01,2026-07-31,2026-07-08,tablet,531.77,Consumo,Compras personales,Discrecional,tarjeta de crédito,47.5,tablet
77,Jorge Mendoza,2026-07-01,2026-07-31,2026-07-12,certificación,516.57,Consumo,Educación,Esencial,tarjeta de crédito,54.9,certificación
77,Jorge Mendoza,2026-07-01,2026-07-31,2026-07-15,apartado de ahorro,367.36,Ahorro e inversión,,,transferencia bancaria,,apartado de ahorro
77,Jorge Mendoza,2026-07-01,2026-07-31,2026-07-15,universidad,456.51,Consumo,Educación,Esencial,tarjeta de crédito,51.4,universidad
77,Jorge Mendoza,2026-07-01,2026-07-31,2026-07-15,sueldo,14378.06,Ingreso,,,transferencia bancaria,,sueldo
77,Jorge Mendoza,2026-07-01,2026-07-31,2026-07-16,ingredientes para cocinar,102.59,Consumo,Alimentación,Esencial,tarjeta de débito,,ingredientes para cocinar
77,Jorge Mendoza,2026-07-01,2026-07-31,2026-07-18,apoyo familiar,949.25,Consumo,Otros,,tarjeta de débito,,apoyo familiar
77,Jorge Mendoza,2026-07-01,2026-07-31,2026-07-20,compras de comida,334.02,Consumo,Alimentación,Esencial,transferencia bancaria,,compras de comida
77,Jorge Mendoza,2026-07-01,2026-07-31,2026-07-21,Costco,280.03,Consumo,Alimentación,Esencial,transferencia bancaria,,costco
77,Jorge Mendoza,2026-07-01,2026-07-31,2026-07-21,despensa de la semana,327.81,Consumo,Alimentación,Esencial,tarjeta de débito,,despensa de la semana
77,Jorge Mendoza,2026-07-01,2026-07-31,2026-07-21,internet de la casa,1375.32,Consumo,Vivienda,Esencial,efectivo,,internet de la casa
77,Jorge Mendoza,2026-07-01,2026-07-31,2026-07-24,fondo indexado,779.0,Ahorro e inversión,,,transferencia bancaria,,fondo indexado
77,Jorge Mendoza,2026-07-01,2026-07-31,2026-07-24,abarrotes,202.72,Consumo,Alimentación,Esencial,efectivo,,abarrotes
77,Jorge Mendoza,2026-07-01,2026-07-31,2026-07-24,zapatos,923.28,Consumo,Compras personales,Discrecional,tarjeta de crédito,65.7,zapatos
77,Jorge Mendoza,2026-07-01,2026-07-31,2026-07-25,mercado,562.19,Consumo,Alimentación,Esencial,transferencia bancaria,,mercado
77,Jorge Mendoza,2026-07-01,2026-07-31,2026-07-25,tour,441.38,Consumo,Viajes y vacaciones,Discrecional,tarjeta de crédito,63.0,tour
77,Jorge Mendoza,2026-07-01,2026-07-31,2026-07-26,pollo,160.74,Consumo,Alimentación,Esencial,tarjeta de crédito,58.9,pollo
77,Jorge Mendoza,2026-07-01,2026-07-31,2026-07-27,Bodega Aurrera,149.81,Consumo,Alimentación,Esencial,efectivo,,bodega aurrera
77,Jorge Mendoza,2026-07-01,2026-07-31,2026-07-29,comida,720.93,Consumo,Alimentación,Esencial,transferencia bancaria,,comida
77,Jorge Mendoza,2026-07-01,2026-07-31,2026-07-29,lonche,1090.06,Consumo,Alimentación,Esencial,tarjeta de crédito,54.0,lonche
77,Jorge Mendoza,2026-07-01,2026-07-31,2026-07-30,salario,14378.06,Ingreso,,,transferencia bancaria,,salario
77,Jorge Mendoza,2026-07-01,2026-07-31,2026-07-31,abarrotes,961.6,Consumo,Alimentación,Esencial,efectivo,,abarrotes
78,Irene Castro,2026-07-01,2026-07-31,2026-07-01,clases de inglés,828.87,Consumo,Educación,Esencial,transferencia bancaria,,clases de inglés
78,Irene Castro,2026-07-01,2026-07-31,2026-07-02,accesorios,329.66,Consumo,Compras personales,Discrecional,tarjeta de débito,,accesorios
78,Irene Castro,2026-07-01,2026-07-31,2026-07-03,zapatos,439.28,Consumo,Compras personales,Discrecional,transferencia bancaria,,zapatos
78,Irene Castro,2026-07-01,2026-07-31,2026-07-03,pan y tortillas,134.52,Consumo,Alimentación,Esencial,transferencia bancaria,,pan y tortillas
78,Irene Castro,2026-07-01,2026-07-31,2026-07-05,comida para la casa,934.88,Consumo,Alimentación,Esencial,tarjeta de crédito,59.1,comida para la casa
78,Irene Castro,2026-07-01,2026-07-31,2026-07-05,paquete de viaje,993.64,Consumo,Viajes y vacaciones,Discrecional,tarjeta de débito,,paquete de viaje
78,Irene Castro,2026-07-01,2026-07-31,2026-07-07,cervezas con amigos,156.85,Consumo,Entretenimiento y ocio,Discrecional,efectivo,,cervezas con amigos
78,Irene Castro,2026-07-01,2026-07-31,2026-07-08,café,252.15,Consumo,Entretenimiento y ocio,Discrecional,tarjeta de crédito,67.5,café
78,Irene Castro,2026-07-01,2026-07-31,2026-07-08,videojuego,580.74,Consumo,Entretenimiento y ocio,Discrecional,tarjeta de débito,,videojuego
78,Irene Castro,2026-07-01,2026-07-31,2026-07-08,cosas del súper,198.16,Consumo,Alimentación,Esencial,tarjeta de débito,,cosas del súper
78,Irene Castro,2026-07-01,2026-07-31,2026-07-09,camión,670.24,Consumo,Transporte,Esencial,transferencia bancaria,,camión
78,Irene Castro,2026-07-01,2026-07-31,2026-07-09,didi,143.6,Consumo,Transporte,Esencial,transferencia bancaria,,didi
78,Irene Castro,2026-07-01,2026-07-31,2026-07-11,renta,241.66,Consumo,Vivienda,Esencial,tarjeta de débito,,renta
78,Irene Castro,2026-07-01,2026-07-31,2026-07-12,Soriana,545.18,Consumo,Alimentación,Esencial,efectivo,,soriana
78,Irene Castro,2026-07-01,2026-07-31,2026-07-13,comida para la casa,133.57,Consumo,Alimentación,Esencial,tarjeta de débito,,comida para la casa
78,Irene Castro,2026-07-01,2026-07-31,2026-07-13,didi,2689.83,Consumo,Transporte,Esencial,tarjeta de débito,,didi
78,Irene Castro,2026-07-01,2026-07-31,2026-07-14,cuota de condominio,173.81,Consumo,Vivienda,Esencial,tarjeta de débito,,cuota de condominio
78,Irene Castro,2026-07-01,2026-07-31,2026-07-14,contador,985.42,Consumo,Otros,,transferencia bancaria,,contador
78,Irene Castro,2026-07-01,2026-07-31,2026-07-15,Costco,505.91,Consumo,Alimentación,Esencial,tarjeta de débito,,costco
78,Irene Castro,2026-07-01,2026-07-31,2026-07-15,sueldo,17953.46,Ingreso,,,transferencia bancaria,,sueldo
78,Irene Castro,2026-07-01,2026-07-31,2026-07-16,Netflix,173.66,Consumo,Suscripciones digitales,Discrecional,tarjeta de débito,,netflix
78,Irene Castro,2026-07-01,2026-07-31,2026-07-16,Chedraui,3253.68,Consumo,Alimentación,Esencial,transferencia bancaria,,chedraui
78,Irene Castro,2026-07-01,2026-07-31,2026-07-17,fondo de inversión,941.43,Ahorro e inversión,,,transferencia bancaria,,fondo de inversión
78,Irene Castro,2026-07-01,2026-07-31,2026-07-17,despensa,1753.4,Consumo,Alimentación,Esencial,transferencia bancaria,,despensa
78,Irene Castro,2026-07-01,2026-07-31,2026-07-19,Walmart,1121.43,Consumo,Alimentación,Esencial,tarjeta de crédito,45.6,walmart
78,Irene Castro,2026-07-01,2026-07-31,2026-07-20,mensualidad del depa,1183.28,Consumo,Vivienda,Esencial,transferencia bancaria,,mensualidad del depa
78,Irene Castro,2026-07-01,2026-07-31,2026-07-21,reparación de la casa,785.24,Consumo,Vivienda,Esencial,tarjeta de crédito,65.0,reparación de la casa
78,Irene Castro,2026-07-01,2026-07-31,2026-07-21,skincare,2854.29,Consumo,Compras personales,Discrecional,transferencia bancaria,,skincare
78,Irene Castro,2026-07-01,2026-07-31,2026-07-22,arreglo de fuga de agua,598.49,Consumo,Vivienda,Esencial,efectivo,,arreglo de fuga de agua
78,Irene Castro,2026-07-01,2026-07-31,2026-07-22,Walmart,189.07,Consumo,Alimentación,Esencial,tarjeta de débito,,walmart
78,Irene Castro,2026-07-01,2026-07-31,2026-07-24,pago de renta,49.77,Consumo,Vivienda,Esencial,transferencia bancaria,,pago de renta
78,Irene Castro,2026-07-01,2026-07-31,2026-07-24,plomero,124.75,Consumo,Vivienda,Esencial,tarjeta de crédito,65.7,plomero
78,Irene Castro,2026-07-01,2026-07-31,2026-07-24,frutas y verduras,160.3,Consumo,Alimentación,Esencial,tarjeta de débito,,frutas y verduras
78,Irene Castro,2026-07-01,2026-07-31,2026-07-27,electrónicos,92.74,Consumo,Compras personales,Discrecional,transferencia bancaria,,electrónicos
78,Irene Castro,2026-07-01,2026-07-31,2026-07-27,pago de hipoteca,2559.88,Pago de deuda,,,transferencia bancaria,,pago de hipoteca
78,Irene Castro,2026-07-01,2026-07-31,2026-07-28,cafecito,216.15,Consumo,Entretenimiento y ocio,Discrecional,tarjeta de crédito,41.5,cafecito
78,Irene Castro,2026-07-01,2026-07-31,2026-07-28,mantenimiento del depa,93.8,Consumo,Vivienda,Esencial,transferencia bancaria,,mantenimiento del depa
78,Irene Castro,2026-07-01,2026-07-31,2026-07-28,Amazon,61.5,Consumo,Compras personales,Discrecional,tarjeta de débito,,amazon
78,Irene Castro,2026-07-01,2026-07-31,2026-07-28,abono a préstamo,418.11,Pago de deuda,,,transferencia bancaria,,abono a préstamo
78,Irene Castro,2026-07-01,2026-07-31,2026-07-29,café,861.58,Consumo,Entretenimiento y ocio,Discrecional,tarjeta de crédito,42.7,café
78,Irene Castro,2026-07-01,2026-07-31,2026-07-29,accesorios,260.26,Consumo,Compras personales,Discrecional,efectivo,,accesorios
78,Irene Castro,2026-07-01,2026-07-31,2026-07-29,Walmart,1058.39,Consumo,Alimentación,Esencial,transferencia bancaria,,walmart
78,Irene Castro,2026-07-01,2026-07-31,2026-07-30,cine,91.87,Consumo,Entretenimiento y ocio,Discrecional,tarjeta de débito,,cine
78,Irene Castro,2026-07-01,2026-07-31,2026-07-30,Amazon Prime,78.97,Consumo,Suscripciones digitales,Discrecional,tarjeta de débito,,amazon prime
78,Irene Castro,2026-07-01,2026-07-31,2026-07-30,salario,17953.46,Ingreso,,,transferencia bancaria,,salario
78,Irene Castro,2026-07-01,2026-07-31,2026-07-31,Spotify,200.81,Consumo,Suscripciones digitales,Discrecional,transferencia bancaria,,spotify
79,Verónica Serrano,2026-07-01,2026-07-31,2026-07-01,paquete de viaje,474.06,Consumo,Viajes y vacaciones,Discrecional,tarjeta de débito,,paquete de viaje
79,Verónica Serrano,2026-07-01,2026-07-31,2026-07-02,leche y huevos,376.39,Consumo,Alimentación,Esencial,transferencia bancaria,,leche y huevos
79,Verónica Serrano,2026-07-01,2026-07-31,2026-07-02,gas de la casa,302.38,Consumo,Vivienda,Esencial,efectivo,,gas de la casa
79,Verónica Serrano,2026-07-01,2026-07-31,2026-07-02,apoyo familiar,1000.68,Consumo,Otros,,tarjeta de crédito,66.6,apoyo familiar
79,Verónica Serrano,2026-07-01,2026-07-31,2026-07-03,leche y huevos,1301.15,Consumo,Alimentación,Esencial,tarjeta de crédito,45.8,leche y huevos
79,Verónica Serrano,2026-07-01,2026-07-31,2026-07-04,cosas del súper,58.14,Consumo,Alimentación,Esencial,tarjeta de crédito,71.7,cosas del súper
79,Verónica Serrano,2026-07-01,2026-07-31,2026-07-04,reparación del coche,213.51,Consumo,Transporte,Esencial,tarjeta de débito,,reparación del coche
79,Verónica Serrano,2026-07-01,2026-07-31,2026-07-04,cosméticos,150.05,Consumo,Compras personales,Discrecional,efectivo,,cosméticos
79,Verónica Serrano,2026-07-01,2026-07-31,2026-07-06,abarrotes,598.87,Consumo,Alimentación,Esencial,tarjeta de débito,,abarrotes
79,Verónica Serrano,2026-07-01,2026-07-31,2026-07-06,pasaje,343.72,Consumo,Transporte,Esencial,tarjeta de crédito,37.3,pasaje
79,Verónica Serrano,2026-07-01,2026-07-31,2026-07-06,boliche,385.66,Consumo,Entretenimiento y ocio,Discrecional,efectivo,,boliche
79,Verónica Serrano,2026-07-01,2026-07-31,2026-07-07,cuadernos,209.92,Consumo,Educación,Esencial,tarjeta de débito,,cuadernos
79,Verónica Serrano,2026-07-01,2026-07-31,2026-07-07,ropa,283.4,Consumo,Compras personales,Discrecional,tarjeta de débito,,ropa
79,Verónica Serrano,2026-07-01,2026-07-31,2026-07-08,pescado,259.46,Consumo,Alimentación,Esencial,tarjeta de débito,,pescado
79,Verónica Serrano,2026-07-01,2026-07-31,2026-07-09,abarrotes,2407.86,Consumo,Alimentación,Esencial,tarjeta de débito,,abarrotes
79,Verónica Serrano,2026-07-01,2026-07-31,2026-07-09,plataforma educativa,803.99,Consumo,Educación,Esencial,tarjeta de crédito,55.9,plataforma educativa
79,Verónica Serrano,2026-07-01,2026-07-31,2026-07-10,abarrotes,622.6,Consumo,Alimentación,Esencial,tarjeta de crédito,57.2,abarrotes
79,Verónica Serrano,2026-07-01,2026-07-31,2026-07-12,reparación de la casa,793.41,Consumo,Vivienda,Esencial,efectivo,,reparación de la casa
79,Verónica Serrano,2026-07-01,2026-07-31,2026-07-15,sueldo,18363.75,Ingreso,,,transferencia bancaria,,sueldo
79,Verónica Serrano,2026-07-01,2026-07-31,2026-07-16,mensualidad del depa,327.94,Consumo,Vivienda,Esencial,tarjeta de débito,,mensualidad del depa
79,Verónica Serrano,2026-07-01,2026-07-31,2026-07-18,suscripción mensual,425.7,Consumo,Suscripciones digitales,Discrecional,transferencia bancaria,,suscripción mensual
79,Verónica Serrano,2026-07-01,2026-07-31,2026-07-18,urgencias,722.95,Consumo,Salud,Esencial,tarjeta de crédito,38.2,urgencias
79,Verónica Serrano,2026-07-01,2026-07-31,2026-07-20,CETES Directo,520.72,Ahorro e inversión,,,transferencia bancaria,,cetes directo
79,Verónica Serrano,2026-07-01,2026-07-31,2026-07-23,Bodega Aurrera,1558.28,Consumo,Alimentación,Esencial,tarjeta de crédito,59.4,bodega aurrera
79,Verónica Serrano,2026-07-01,2026-07-31,2026-07-23,frutas y verduras,622.66,Consumo,Alimentación,Esencial,tarjeta de crédito,54.5,frutas y verduras
79,Verónica Serrano,2026-07-01,2026-07-31,2026-07-23,frutas y verduras,594.31,Consumo,Alimentación,Esencial,tarjeta de débito,,frutas y verduras
79,Verónica Serrano,2026-07-01,2026-07-31,2026-07-23,mantenimiento del depa,1301.42,Consumo,Vivienda,Esencial,efectivo,,mantenimiento del depa
79,Verónica Serrano,2026-07-01,2026-07-31,2026-07-23,evento,64.31,Consumo,Entretenimiento y ocio,Discrecional,efectivo,,evento
79,Verónica Serrano,2026-07-01,2026-07-31,2026-07-23,perfume,1273.79,Consumo,Compras personales,Discrecional,tarjeta de débito,,perfume
79,Verónica Serrano,2026-07-01,2026-07-31,2026-07-25,cine,401.25,Consumo,Entretenimiento y ocio,Discrecional,efectivo,,cine
79,Verónica Serrano,2026-07-01,2026-07-31,2026-07-26,bar,259.07,Consumo,Entretenimiento y ocio,Discrecional,tarjeta de débito,,bar
79,Verónica Serrano,2026-07-01,2026-07-31,2026-07-26,pago préstamo personal,3349.48,Pago de deuda,,,transferencia bancaria,,pago préstamo personal
79,Verónica Serrano,2026-07-01,2026-07-31,2026-07-27,llantas,1011.38,Consumo,Transporte,Esencial,efectivo,,llantas
79,Verónica Serrano,2026-07-01,2026-07-31,2026-07-28,casetas,2579.42,Consumo,Transporte,Esencial,tarjeta de débito,,casetas
79,Verónica Serrano,2026-07-01,2026-07-31,2026-07-29,Soriana,987.71,Consumo,Alimentación,Esencial,tarjeta de crédito,49.0,soriana
79,Verónica Serrano,2026-07-01,2026-07-31,2026-07-29,pago préstamo personal,2873.14,Pago de deuda,,,transferencia bancaria,,pago préstamo personal
79,Verónica Serrano,2026-07-01,2026-07-31,2026-07-30,acciones,1184.36,Ahorro e inversión,,,transferencia bancaria,,acciones
79,Verónica Serrano,2026-07-01,2026-07-31,2026-07-30,playera,920.1,Consumo,Compras personales,Discrecional,efectivo,,playera
79,Verónica Serrano,2026-07-01,2026-07-31,2026-07-30,salario,18363.75,Ingreso,,,transferencia bancaria,,salario
79,Verónica Serrano,2026-07-01,2026-07-31,2026-07-31,compras de comida,559.21,Consumo,Alimentación,Esencial,transferencia bancaria,,compras de comida
79,Verónica Serrano,2026-07-01,2026-07-31,2026-07-31,electricista,234.72,Consumo,Vivienda,Esencial,efectivo,,electricista
80,Lucía Ruiz,2026-07-01,2026-07-31,2026-07-01,abarrotes,190.74,Consumo,Alimentación,Esencial,tarjeta de crédito,44.4,abarrotes
80,Lucía Ruiz,2026-07-01,2026-07-31,2026-07-03,Walmart,4117.25,Consumo,Alimentación,Esencial,tarjeta de débito,,walmart
80,Lucía Ruiz,2026-07-01,2026-07-31,2026-07-03,comida,914.02,Consumo,Alimentación,Esencial,tarjeta de débito,,comida
80,Lucía Ruiz,2026-07-01,2026-07-31,2026-07-04,Amazon,1680.09,Consumo,Compras personales,Discrecional,transferencia bancaria,,amazon
80,Lucía Ruiz,2026-07-01,2026-07-31,2026-07-05,seguro del coche,199.55,Consumo,Transporte,Esencial,tarjeta de crédito,36.8,seguro del coche
80,Lucía Ruiz,2026-07-01,2026-07-31,2026-07-06,playera,248.98,Consumo,Compras personales,Discrecional,tarjeta de débito,,playera
80,Lucía Ruiz,2026-07-01,2026-07-31,2026-07-07,pago de impuestos,408.15,Consumo,Otros,,transferencia bancaria,,pago de impuestos
80,Lucía Ruiz,2026-07-01,2026-07-31,2026-07-08,didi,572.5,Consumo,Transporte,Esencial,tarjeta de débito,,didi
80,Lucía Ruiz,2026-07-01,2026-07-31,2026-07-08,pantalón,646.47,Consumo,Compras personales,Discrecional,tarjeta de débito,,pantalón
80,Lucía Ruiz,2026-07-01,2026-07-31,2026-07-10,pago tarjeta Santander,5991.95,Pago de deuda,,,transferencia bancaria,,pago tarjeta santander
80,Lucía Ruiz,2026-07-01,2026-07-31,2026-07-11,recibo de agua,1817.62,Consumo,Vivienda,Esencial,tarjeta de débito,,recibo de agua
80,Lucía Ruiz,2026-07-01,2026-07-31,2026-07-13,mandado,252.53,Consumo,Alimentación,Esencial,transferencia bancaria,,mandado
80,Lucía Ruiz,2026-07-01,2026-07-31,2026-07-15,sueldo,30670.79,Ingreso,,,transferencia bancaria,,sueldo
80,Lucía Ruiz,2026-07-01,2026-07-31,2026-07-16,fondo de emergencia,10803.59,Ahorro e inversión,,,transferencia bancaria,,fondo de emergencia
80,Lucía Ruiz,2026-07-01,2026-07-31,2026-07-16,perfume,1162.44,Consumo,Compras personales,Discrecional,efectivo,,perfume
80,Lucía Ruiz,2026-07-01,2026-07-31,2026-07-16,leche y huevos,1364.48,Consumo,Alimentación,Esencial,transferencia bancaria,,leche y huevos
80,Lucía Ruiz,2026-07-01,2026-07-31,2026-07-18,compras de comida,1121.98,Consumo,Alimentación,Esencial,tarjeta de débito,,compras de comida
80,Lucía Ruiz,2026-07-01,2026-07-31,2026-07-19,lonche,919.1,Consumo,Alimentación,Esencial,tarjeta de débito,,lonche
80,Lucía Ruiz,2026-07-01,2026-07-31,2026-07-20,casetas,164.74,Consumo,Transporte,Esencial,tarjeta de crédito,42.2,casetas
80,Lucía Ruiz,2026-07-01,2026-07-31,2026-07-20,universidad,1531.76,Consumo,Educación,Esencial,efectivo,,universidad
80,Lucía Ruiz,2026-07-01,2026-07-31,2026-07-21,llantas,256.85,Consumo,Transporte,Esencial,transferencia bancaria,,llantas
80,Lucía Ruiz,2026-07-01,2026-07-31,2026-07-21,verificación,544.46,Consumo,Transporte,Esencial,transferencia bancaria,,verificación
80,Lucía Ruiz,2026-07-01,2026-07-31,2026-07-21,pintura de la casa,1469.48,Consumo,Vivienda,Esencial,tarjeta de crédito,70.4,pintura de la casa
80,Lucía Ruiz,2026-07-01,2026-07-31,2026-07-22,didi,882.53,Consumo,Transporte,Esencial,transferencia bancaria,,didi
80,Lucía Ruiz,2026-07-01,2026-07-31,2026-07-23,didi,265.07,Consumo,Transporte,Esencial,transferencia bancaria,,didi
80,Lucía Ruiz,2026-07-01,2026-07-31,2026-07-24,gas,1711.63,Consumo,Vivienda,Esencial,tarjeta de débito,,gas
80,Lucía Ruiz,2026-07-01,2026-07-31,2026-07-26,Soriana,94.83,Consumo,Alimentación,Esencial,tarjeta de crédito,47.0,soriana
80,Lucía Ruiz,2026-07-01,2026-07-31,2026-07-28,cambio de aceite,2676.77,Consumo,Transporte,Esencial,efectivo,,cambio de aceite
80,Lucía Ruiz,2026-07-01,2026-07-31,2026-07-28,cosas del súper,1171.55,Consumo,Alimentación,Esencial,transferencia bancaria,,cosas del súper
80,Lucía Ruiz,2026-07-01,2026-07-31,2026-07-30,despensa,856.3,Consumo,Alimentación,Esencial,transferencia bancaria,,despensa
80,Lucía Ruiz,2026-07-01,2026-07-31,2026-07-30,quincena,30670.79,Ingreso,,,transferencia bancaria,,quincena
80,Lucía Ruiz,2026-07-01,2026-07-31,2026-07-31,pescado,2155.6,Consumo,Alimentación,Esencial,tarjeta de débito,,pescado
80,Lucía Ruiz,2026-07-01,2026-07-31,2026-07-31,pago al SAT,954.4,Consumo,Otros,,transferencia bancaria,,pago al sat
81,Iván Padilla,2026-07-01,2026-07-31,2026-07-01,transporte al trabajo,791.69,Consumo,Transporte,Esencial,tarjeta de débito,,transporte al trabajo
81,Iván Padilla,2026-07-01,2026-07-31,2026-07-03,transferencia a ahorro,228.63,Ahorro e inversión,,,transferencia bancaria,,transferencia a ahorro
81,Iván Padilla,2026-07-01,2026-07-31,2026-07-04,pan y tortillas,67.47,Consumo,Alimentación,Esencial,transferencia bancaria,,pan y tortillas
81,Iván Padilla,2026-07-01,2026-07-31,2026-07-04,copias,96.0,Consumo,Educación,Esencial,transferencia bancaria,,copias
81,Iván Padilla,2026-07-01,2026-07-31,2026-07-05,cartera,56.86,Consumo,Compras personales,Discrecional,efectivo,,cartera
81,Iván Padilla,2026-07-01,2026-07-31,2026-07-07,despensa de la semana,841.43,Consumo,Alimentación,Esencial,tarjeta de crédito,37.4,despensa de la semana
81,Iván Padilla,2026-07-01,2026-07-31,2026-07-08,dentista,67.66,Consumo,Salud,Esencial,transferencia bancaria,,dentista
81,Iván Padilla,2026-07-01,2026-07-31,2026-07-08,renta,408.38,Consumo,Vivienda,Esencial,tarjeta de débito,,renta
81,Iván Padilla,2026-07-01,2026-07-31,2026-07-09,comida de vacaciones,112.94,Consumo,Viajes y vacaciones,Discrecional,transferencia bancaria,,comida de vacaciones
81,Iván Padilla,2026-07-01,2026-07-31,2026-07-12,consulta dental,239.97,Consumo,Salud,Esencial,tarjeta de débito,,consulta dental
81,Iván Padilla,2026-07-01,2026-07-31,2026-07-13,celular,37.75,Consumo,Compras personales,Discrecional,tarjeta de débito,,celular
81,Iván Padilla,2026-07-01,2026-07-31,2026-07-15,urgencias,35.83,Consumo,Salud,Esencial,transferencia bancaria,,urgencias
81,Iván Padilla,2026-07-01,2026-07-31,2026-07-15,Chedraui,66.42,Consumo,Alimentación,Esencial,tarjeta de crédito,38.7,chedraui
81,Iván Padilla,2026-07-01,2026-07-31,2026-07-15,nómina,3299.43,Ingreso,,,transferencia bancaria,,nómina
81,Iván Padilla,2026-07-01,2026-07-31,2026-07-16,medicinas,48.07,Consumo,Salud,Esencial,efectivo,,medicinas
81,Iván Padilla,2026-07-01,2026-07-31,2026-07-16,cosas del súper,555.18,Consumo,Alimentación,Esencial,transferencia bancaria,,cosas del súper
81,Iván Padilla,2026-07-01,2026-07-31,2026-07-17,agua y refrescos,401.0,Consumo,Alimentación,Esencial,tarjeta de débito,,agua y refrescos
81,Iván Padilla,2026-07-01,2026-07-31,2026-07-19,Walmart,140.12,Consumo,Alimentación,Esencial,transferencia bancaria,,walmart
81,Iván Padilla,2026-07-01,2026-07-31,2026-07-20,servicio del coche,171.31,Consumo,Transporte,Esencial,tarjeta de crédito,64.8,servicio del coche
81,Iván Padilla,2026-07-01,2026-07-31,2026-07-21,accesorios,67.09,Consumo,Compras personales,Discrecional,tarjeta de crédito,43.2,accesorios
81,Iván Padilla,2026-07-01,2026-07-31,2026-07-21,audífonos,70.39,Consumo,Compras personales,Discrecional,transferencia bancaria,,audífonos
81,Iván Padilla,2026-07-01,2026-07-31,2026-07-21,abono a tarjeta,100.0,Pago de deuda,,,transferencia bancaria,,abono a tarjeta
81,Iván Padilla,2026-07-01,2026-07-31,2026-07-22,hospital,472.01,Consumo,Salud,Esencial,tarjeta de crédito,69.5,hospital
81,Iván Padilla,2026-07-01,2026-07-31,2026-07-22,vacunas,37.78,Consumo,Salud,Esencial,tarjeta de débito,,vacunas
81,Iván Padilla,2026-07-01,2026-07-31,2026-07-22,pago de crédito,100.0,Pago de deuda,,,transferencia bancaria,,pago de crédito
81,Iván Padilla,2026-07-01,2026-07-31,2026-07-23,café,67.3,Consumo,Entretenimiento y ocio,Discrecional,transferencia bancaria,,café
81,Iván Padilla,2026-07-01,2026-07-31,2026-07-24,dentista,241.73,Consumo,Salud,Esencial,transferencia bancaria,,dentista
81,Iván Padilla,2026-07-01,2026-07-31,2026-07-24,clases,115.0,Consumo,Educación,Esencial,efectivo,,clases
81,Iván Padilla,2026-07-01,2026-07-31,2026-07-27,recibo de agua,294.5,Consumo,Vivienda,Esencial,tarjeta de crédito,60.7,recibo de agua
81,Iván Padilla,2026-07-01,2026-07-31,2026-07-27,cremas,346.41,Consumo,Compras personales,Discrecional,tarjeta de débito,,cremas
81,Iván Padilla,2026-07-01,2026-07-31,2026-07-28,pago TDC,100.0,Pago de deuda,,,transferencia bancaria,,pago tdc
81,Iván Padilla,2026-07-01,2026-07-31,2026-07-30,carga de gasolina,54.25,Consumo,Transporte,Esencial,tarjeta de débito,,carga de gasolina
81,Iván Padilla,2026-07-01,2026-07-31,2026-07-30,evento,205.17,Consumo,Entretenimiento y ocio,Discrecional,tarjeta de débito,,evento
81,Iván Padilla,2026-07-01,2026-07-31,2026-07-30,pago de trabajo,3299.43,Ingreso,,,transferencia bancaria,,pago de trabajo
82,Claudia Vargas,2026-07-01,2026-07-31,2026-07-01,gasolina,561.02,Consumo,Transporte,Esencial,tarjeta de crédito,55.4,gasolina
82,Claudia Vargas,2026-07-01,2026-07-31,2026-07-02,taxi del aeropuerto,71.28,Consumo,Viajes y vacaciones,Discrecional,tarjeta de crédito,64.1,taxi del aeropuerto
82,Claudia Vargas,2026-07-01,2026-07-31,2026-07-03,skincare,217.23,Consumo,Compras personales,Discrecional,transferencia bancaria,,skincare
82,Claudia Vargas,2026-07-01,2026-07-31,2026-07-04,llantas,265.62,Consumo,Transporte,Esencial,tarjeta de débito,,llantas
82,Claudia Vargas,2026-07-01,2026-07-31,2026-07-04,súper,447.75,Consumo,Alimentación,Esencial,tarjeta de débito,,súper
82,Claudia Vargas,2026-07-01,2026-07-31,2026-07-05,ahorro,100.0,Ahorro e inversión,,,transferencia bancaria,,ahorro
82,Claudia Vargas,2026-07-01,2026-07-31,2026-07-06,mandado,52.86,Consumo,Alimentación,Esencial,tarjeta de débito,,mandado
82,Claudia Vargas,2026-07-01,2026-07-31,2026-07-07,reparación del coche,250.46,Consumo,Transporte,Esencial,transferencia bancaria,,reparación del coche
82,Claudia Vargas,2026-07-01,2026-07-31,2026-07-07,pago préstamo personal,808.87,Pago de deuda,,,transferencia bancaria,,pago préstamo personal
82,Claudia Vargas,2026-07-01,2026-07-31,2026-07-11,despensa,369.85,Consumo,Alimentación,Esencial,tarjeta de crédito,60.8,despensa
82,Claudia Vargas,2026-07-01,2026-07-31,2026-07-12,audífonos,184.01,Consumo,Compras personales,Discrecional,tarjeta de débito,,audífonos
82,Claudia Vargas,2026-07-01,2026-07-31,2026-07-14,Bodega Aurrera,818.38,Consumo,Alimentación,Esencial,tarjeta de crédito,62.8,bodega aurrera
82,Claudia Vargas,2026-07-01,2026-07-31,2026-07-15,pago de trabajo,4257.3,Ingreso,,,transferencia bancaria,,pago de trabajo
82,Claudia Vargas,2026-07-01,2026-07-31,2026-07-16,streaming,56.0,Consumo,Suscripciones digitales,Discrecional,transferencia bancaria,,streaming
82,Claudia Vargas,2026-07-01,2026-07-31,2026-07-16,plomero,125.12,Consumo,Vivienda,Esencial,efectivo,,plomero
82,Claudia Vargas,2026-07-01,2026-07-31,2026-07-16,pagué la luz,35.31,Consumo,Vivienda,Esencial,tarjeta de débito,,pagué la luz
82,Claudia Vargas,2026-07-01,2026-07-31,2026-07-17,pintura de la casa,59.65,Consumo,Vivienda,Esencial,tarjeta de débito,,pintura de la casa
82,Claudia Vargas,2026-07-01,2026-07-31,2026-07-17,pescado,282.92,Consumo,Alimentación,Esencial,transferencia bancaria,,pescado
82,Claudia Vargas,2026-07-01,2026-07-31,2026-07-17,actividades del viaje,97.28,Consumo,Viajes y vacaciones,Discrecional,efectivo,,actividades del viaje
82,Claudia Vargas,2026-07-01,2026-07-31,2026-07-18,reparación de la casa,67.2,Consumo,Vivienda,Esencial,tarjeta de débito,,reparación de la casa
82,Claudia Vargas,2026-07-01,2026-07-31,2026-07-18,compras de comida,391.66,Consumo,Alimentación,Esencial,transferencia bancaria,,compras de comida
82,Claudia Vargas,2026-07-01,2026-07-31,2026-07-19,arreglo de fuga de agua,208.56,Consumo,Vivienda,Esencial,tarjeta de débito,,arreglo de fuga de agua
82,Claudia Vargas,2026-07-01,2026-07-31,2026-07-19,súper,297.98,Consumo,Alimentación,Esencial,transferencia bancaria,,súper
82,Claudia Vargas,2026-07-01,2026-07-31,2026-07-20,Prime Video,121.55,Consumo,Suscripciones digitales,Discrecional,tarjeta de crédito,58.5,prime video
82,Claudia Vargas,2026-07-01,2026-07-31,2026-07-20,comida fuera,318.57,Consumo,Entretenimiento y ocio,Discrecional,tarjeta de crédito,50.2,comida fuera
82,Claudia Vargas,2026-07-01,2026-07-31,2026-07-20,pago préstamo personal,453.68,Pago de deuda,,,transferencia bancaria,,pago préstamo personal
82,Claudia Vargas,2026-07-01,2026-07-31,2026-07-21,bonos gubernamentales,147.18,Ahorro e inversión,,,transferencia bancaria,,bonos gubernamentales
82,Claudia Vargas,2026-07-01,2026-07-31,2026-07-22,didi,156.06,Consumo,Transporte,Esencial,tarjeta de crédito,64.3,didi
82,Claudia Vargas,2026-07-01,2026-07-31,2026-07-22,carga de gasolina,235.31,Consumo,Transporte,Esencial,efectivo,,carga de gasolina
82,Claudia Vargas,2026-07-01,2026-07-31,2026-07-22,clases,300.05,Consumo,Educación,Esencial,tarjeta de débito,,clases
82,Claudia Vargas,2026-07-01,2026-07-31,2026-07-22,pago préstamo personal,541.56,Pago de deuda,,,transferencia bancaria,,pago préstamo personal
82,Claudia Vargas,2026-07-01,2026-07-31,2026-07-23,mantenimiento del depa,78.54,Consumo,Vivienda,Esencial,tarjeta de crédito,49.3,mantenimiento del depa
82,Claudia Vargas,2026-07-01,2026-07-31,2026-07-24,comida,444.58,Consumo,Alimentación,Esencial,efectivo,,comida
82,Claudia Vargas,2026-07-01,2026-07-31,2026-07-24,audífonos,510.25,Consumo,Compras personales,Discrecional,tarjeta de débito,,audífonos
82,Claudia Vargas,2026-07-01,2026-07-31,2026-07-24,fiesta,122.69,Consumo,Entretenimiento y ocio,Discrecional,tarjeta de débito,,fiesta
82,Claudia Vargas,2026-07-01,2026-07-31,2026-07-25,súper,81.18,Consumo,Alimentación,Esencial,tarjeta de crédito,45.6,súper
82,Claudia Vargas,2026-07-01,2026-07-31,2026-07-26,reparación del coche,63.89,Consumo,Transporte,Esencial,tarjeta de débito,,reparación del coche
82,Claudia Vargas,2026-07-01,2026-07-31,2026-07-27,donación,332.0,Consumo,Otros,,transferencia bancaria,,donación
82,Claudia Vargas,2026-07-01,2026-07-31,2026-07-28,reparación de la casa,61.31,Consumo,Vivienda,Esencial,tarjeta de débito,,reparación de la casa
82,Claudia Vargas,2026-07-01,2026-07-31,2026-07-29,pagué la luz,145.5,Consumo,Vivienda,Esencial,transferencia bancaria,,pagué la luz
82,Claudia Vargas,2026-07-01,2026-07-31,2026-07-29,ingredientes para cocinar,105.34,Consumo,Alimentación,Esencial,efectivo,,ingredientes para cocinar
82,Claudia Vargas,2026-07-01,2026-07-31,2026-07-30,cuota de condominio,86.78,Consumo,Vivienda,Esencial,transferencia bancaria,,cuota de condominio
82,Claudia Vargas,2026-07-01,2026-07-31,2026-07-30,mantenimiento del depa,83.28,Consumo,Vivienda,Esencial,tarjeta de débito,,mantenimiento del depa
82,Claudia Vargas,2026-07-01,2026-07-31,2026-07-30,nómina,4257.3,Ingreso,,,transferencia bancaria,,nómina
83,Nicolás Castro,2026-07-01,2026-07-31,2026-07-02,rayos x,67.77,Consumo,Salud,Esencial,efectivo,,rayos x
83,Nicolás Castro,2026-07-01,2026-07-31,2026-07-03,leche y huevos,2239.64,Consumo,Alimentación,Esencial,tarjeta de crédito,52.3,leche y huevos
83,Nicolás Castro,2026-07-01,2026-07-31,2026-07-03,Walmart,571.1,Consumo,Alimentación,Esencial,tarjeta de débito,,walmart
83,Nicolás Castro,2026-07-01,2026-07-31,2026-07-04,clases particulares,152.87,Consumo,Educación,Esencial,efectivo,,clases particulares
83,Nicolás Castro,2026-07-01,2026-07-31,2026-07-04,colegiatura,278.79,Consumo,Educación,Esencial,tarjeta de débito,,colegiatura
83,Nicolás Castro,2026-07-01,2026-07-31,2026-07-05,cosas del súper,612.79,Consumo,Alimentación,Esencial,transferencia bancaria,,cosas del súper
83,Nicolás Castro,2026-07-01,2026-07-31,2026-07-06,vacaciones,325.05,Consumo,Viajes y vacaciones,Discrecional,tarjeta de crédito,40.9,vacaciones
83,Nicolás Castro,2026-07-01,2026-07-31,2026-07-07,acciones,2126.68,Ahorro e inversión,,,transferencia bancaria,,acciones
83,Nicolás Castro,2026-07-01,2026-07-31,2026-07-07,curso,70.44,Consumo,Educación,Esencial,tarjeta de crédito,65.9,curso
83,Nicolás Castro,2026-07-01,2026-07-31,2026-07-07,camión,652.29,Consumo,Transporte,Esencial,tarjeta de débito,,camión
83,Nicolás Castro,2026-07-01,2026-07-31,2026-07-09,Costco,56.99,Consumo,Alimentación,Esencial,tarjeta de crédito,53.7,costco
83,Nicolás Castro,2026-07-01,2026-07-31,2026-07-09,llantas,232.75,Consumo,Transporte,Esencial,transferencia bancaria,,llantas
83,Nicolás Castro,2026-07-01,2026-07-31,2026-07-10,pescado,1321.9,Consumo,Alimentación,Esencial,tarjeta de débito,,pescado
83,Nicolás Castro,2026-07-01,2026-07-31,2026-07-10,pago mínimo de tarjeta,390.09,Pago de deuda,,,transferencia bancaria,,pago mínimo de tarjeta
83,Nicolás Castro,2026-07-01,2026-07-31,2026-07-11,camión,525.49,Consumo,Transporte,Esencial,tarjeta de débito,,camión
83,Nicolás Castro,2026-07-01,2026-07-31,2026-07-12,abogado,115.88,Consumo,Otros,,transferencia bancaria,,abogado
83,Nicolás Castro,2026-07-01,2026-07-31,2026-07-14,boletos del cine,301.19,Consumo,Entretenimiento y ocio,Discrecional,tarjeta de débito,,boletos del cine
83,Nicolás Castro,2026-07-01,2026-07-31,2026-07-14,dentista,511.99,Consumo,Salud,Esencial,efectivo,,dentista
83,Nicolás Castro,2026-07-01,2026-07-31,2026-07-15,cosas del súper,295.73,Consumo,Alimentación,Esencial,tarjeta de crédito,71.9,cosas del súper
83,Nicolás Castro,2026-07-01,2026-07-31,2026-07-15,multa,39.86,Consumo,Otros,,transferencia bancaria,,multa
83,Nicolás Castro,2026-07-01,2026-07-31,2026-07-15,quincena,11969.75,Ingreso,,,transferencia bancaria,,quincena
83,Nicolás Castro,2026-07-01,2026-07-31,2026-07-17,cosas del súper,79.25,Consumo,Alimentación,Esencial,transferencia bancaria,,cosas del súper
83,Nicolás Castro,2026-07-01,2026-07-31,2026-07-17,comida,1049.17,Consumo,Alimentación,Esencial,tarjeta de débito,,comida
83,Nicolás Castro,2026-07-01,2026-07-31,2026-07-18,consulta médica,74.13,Consumo,Salud,Esencial,transferencia bancaria,,consulta médica
83,Nicolás Castro,2026-07-01,2026-07-31,2026-07-18,plomero,60.81,Consumo,Vivienda,Esencial,tarjeta de débito,,plomero
83,Nicolás Castro,2026-07-01,2026-07-31,2026-07-19,mandado,200.36,Consumo,Alimentación,Esencial,transferencia bancaria,,mandado
83,Nicolás Castro,2026-07-01,2026-07-31,2026-07-20,electricista,486.01,Consumo,Vivienda,Esencial,tarjeta de crédito,61.4,electricista
83,Nicolás Castro,2026-07-01,2026-07-31,2026-07-20,ropa nueva,1668.04,Consumo,Compras personales,Discrecional,efectivo,,ropa nueva
83,Nicolás Castro,2026-07-01,2026-07-31,2026-07-20,pago tarjeta Santander,1120.7,Pago de deuda,,,transferencia bancaria,,pago tarjeta santander
83,Nicolás Castro,2026-07-01,2026-07-31,2026-07-21,comida para la casa,529.14,Consumo,Alimentación,Esencial,tarjeta de crédito,48.6,comida para la casa
83,Nicolás Castro,2026-07-01,2026-07-31,2026-07-22,pago automotriz,361.5,Pago de deuda,,,transferencia bancaria,,pago automotriz
83,Nicolás Castro,2026-07-01,2026-07-31,2026-07-24,apoyo familiar,101.68,Consumo,Otros,,efectivo,,apoyo familiar
83,Nicolás Castro,2026-07-01,2026-07-31,2026-07-25,donación,122.95,Consumo,Otros,,efectivo,,donación
83,Nicolás Castro,2026-07-01,2026-07-31,2026-07-25,llantas,82.62,Consumo,Transporte,Esencial,tarjeta de crédito,70.2,llantas
83,Nicolás Castro,2026-07-01,2026-07-31,2026-07-26,transporte al trabajo,741.87,Consumo,Transporte,Esencial,efectivo,,transporte al trabajo
83,Nicolás Castro,2026-07-01,2026-07-31,2026-07-26,estacionamiento,314.68,Consumo,Transporte,Esencial,tarjeta de débito,,estacionamiento
83,Nicolás Castro,2026-07-01,2026-07-31,2026-07-26,compra en línea,329.49,Consumo,Compras personales,Discrecional,tarjeta de débito,,compra en línea
83,Nicolás Castro,2026-07-01,2026-07-31,2026-07-27,reparación de la casa,275.27,Consumo,Vivienda,Esencial,tarjeta de crédito,45.9,reparación de la casa
83,Nicolás Castro,2026-07-01,2026-07-31,2026-07-28,Bodega Aurrera,1177.22,Consumo,Alimentación,Esencial,tarjeta de débito,,bodega aurrera
83,Nicolás Castro,2026-07-01,2026-07-31,2026-07-28,comida de vacaciones,70.19,Consumo,Viajes y vacaciones,Discrecional,efectivo,,comida de vacaciones
83,Nicolás Castro,2026-07-01,2026-07-31,2026-07-28,documentos,454.12,Consumo,Otros,,transferencia bancaria,,documentos
83,Nicolás Castro,2026-07-01,2026-07-31,2026-07-28,llantas,1038.08,Consumo,Transporte,Esencial,efectivo,,llantas
83,Nicolás Castro,2026-07-01,2026-07-31,2026-07-29,cremas,268.67,Consumo,Compras personales,Discrecional,tarjeta de débito,,cremas
83,Nicolás Castro,2026-07-01,2026-07-31,2026-07-30,pan y tortillas,534.67,Consumo,Alimentación,Esencial,transferencia bancaria,,pan y tortillas
83,Nicolás Castro,2026-07-01,2026-07-31,2026-07-30,cine,753.55,Consumo,Entretenimiento y ocio,Discrecional,tarjeta de débito,,cine
83,Nicolás Castro,2026-07-01,2026-07-31,2026-07-30,nómina,11969.75,Ingreso,,,transferencia bancaria,,nómina
83,Nicolás Castro,2026-07-01,2026-07-31,2026-07-31,certificación,243.23,Consumo,Educación,Esencial,tarjeta de crédito,42.8,certificación
83,Nicolás Castro,2026-07-01,2026-07-31,2026-07-31,renta,2120.98,Consumo,Vivienda,Esencial,transferencia bancaria,,renta
84,Daniela Aguilar,2026-07-01,2026-07-31,2026-07-01,luz,61.08,Consumo,Vivienda,Esencial,efectivo,,luz
84,Daniela Aguilar,2026-07-01,2026-07-31,2026-07-01,cena del viernes,530.15,Consumo,Entretenimiento y ocio,Discrecional,tarjeta de crédito,66.3,cena del viernes
84,Daniela Aguilar,2026-07-01,2026-07-31,2026-07-02,seguro del coche,886.67,Consumo,Transporte,Esencial,tarjeta de crédito,66.1,seguro del coche
84,Daniela Aguilar,2026-07-01,2026-07-31,2026-07-02,reparación de la casa,718.82,Consumo,Vivienda,Esencial,transferencia bancaria,,reparación de la casa
84,Daniela Aguilar,2026-07-01,2026-07-31,2026-07-03,frutas y verduras,632.98,Consumo,Alimentación,Esencial,tarjeta de crédito,68.6,frutas y verduras
84,Daniela Aguilar,2026-07-01,2026-07-31,2026-07-03,recibo de agua,40.78,Consumo,Vivienda,Esencial,transferencia bancaria,,recibo de agua
84,Daniela Aguilar,2026-07-01,2026-07-31,2026-07-03,farmacia,338.55,Consumo,Salud,Esencial,efectivo,,farmacia
84,Daniela Aguilar,2026-07-01,2026-07-31,2026-07-06,viaje,231.8,Consumo,Viajes y vacaciones,Discrecional,tarjeta de crédito,71.9,viaje
84,Daniela Aguilar,2026-07-01,2026-07-31,2026-07-06,seguro personal,78.87,Consumo,Otros,,tarjeta de débito,,seguro personal
84,Daniela Aguilar,2026-07-01,2026-07-31,2026-07-07,reloj,176.88,Consumo,Compras personales,Discrecional,transferencia bancaria,,reloj
84,Daniela Aguilar,2026-07-01,2026-07-31,2026-07-07,pantalón,40.01,Consumo,Compras personales,Discrecional,tarjeta de crédito,68.6,pantalón
84,Daniela Aguilar,2026-07-01,2026-07-31,2026-07-08,compras de comida,241.31,Consumo,Alimentación,Esencial,tarjeta de débito,,compras de comida
84,Daniela Aguilar,2026-07-01,2026-07-31,2026-07-08,Soriana,269.42,Consumo,Alimentación,Esencial,tarjeta de débito,,soriana
84,Daniela Aguilar,2026-07-01,2026-07-31,2026-07-09,renta,126.67,Consumo,Vivienda,Esencial,tarjeta de débito,,renta
84,Daniela Aguilar,2026-07-01,2026-07-31,2026-07-10,llantas,468.06,Consumo,Transporte,Esencial,efectivo,,llantas
84,Daniela Aguilar,2026-07-01,2026-07-31,2026-07-12,gas de la casa,113.48,Consumo,Vivienda,Esencial,tarjeta de débito,,gas de la casa
84,Daniela Aguilar,2026-07-01,2026-07-31,2026-07-12,mensualidad del depa,732.72,Consumo,Vivienda,Esencial,tarjeta de crédito,65.1,mensualidad del depa
84,Daniela Aguilar,2026-07-01,2026-07-31,2026-07-12,gas de la casa,114.57,Consumo,Vivienda,Esencial,transferencia bancaria,,gas de la casa
84,Daniela Aguilar,2026-07-01,2026-07-31,2026-07-14,fondo de emergencia,193.49,Ahorro e inversión,,,transferencia bancaria,,fondo de emergencia
84,Daniela Aguilar,2026-07-01,2026-07-31,2026-07-14,leche y huevos,181.67,Consumo,Alimentación,Esencial,transferencia bancaria,,leche y huevos
84,Daniela Aguilar,2026-07-01,2026-07-31,2026-07-14,pago de tarjeta,260.86,Pago de deuda,,,transferencia bancaria,,pago de tarjeta
84,Daniela Aguilar,2026-07-01,2026-07-31,2026-07-15,chamarra,206.17,Consumo,Compras personales,Discrecional,transferencia bancaria,,chamarra
84,Daniela Aguilar,2026-07-01,2026-07-31,2026-07-15,salario,7246.47,Ingreso,,,transferencia bancaria,,salario
84,Daniela Aguilar,2026-07-01,2026-07-31,2026-07-16,compra en línea,188.8,Consumo,Compras personales,Discrecional,tarjeta de débito,,compra en línea
84,Daniela Aguilar,2026-07-01,2026-07-31,2026-07-16,gas,163.0,Consumo,Vivienda,Esencial,tarjeta de débito,,gas
84,Daniela Aguilar,2026-07-01,2026-07-31,2026-07-17,perfume,191.62,Consumo,Compras personales,Discrecional,tarjeta de crédito,55.1,perfume
84,Daniela Aguilar,2026-07-01,2026-07-31,2026-07-17,frutas y verduras,319.85,Consumo,Alimentación,Esencial,transferencia bancaria,,frutas y verduras
84,Daniela Aguilar,2026-07-01,2026-07-31,2026-07-17,hipoteca,353.03,Consumo,Vivienda,Esencial,transferencia bancaria,,hipoteca
84,Daniela Aguilar,2026-07-01,2026-07-31,2026-07-20,arreglo de fuga de agua,246.54,Consumo,Vivienda,Esencial,tarjeta de crédito,43.9,arreglo de fuga de agua
84,Daniela Aguilar,2026-07-01,2026-07-31,2026-07-21,fondo de inversión,376.8,Ahorro e inversión,,,transferencia bancaria,,fondo de inversión
84,Daniela Aguilar,2026-07-01,2026-07-31,2026-07-21,carga de gasolina,363.91,Consumo,Transporte,Esencial,efectivo,,carga de gasolina
84,Daniela Aguilar,2026-07-01,2026-07-31,2026-07-21,agua,317.57,Consumo,Vivienda,Esencial,tarjeta de crédito,45.0,agua
84,Daniela Aguilar,2026-07-01,2026-07-31,2026-07-23,Soriana,907.73,Consumo,Alimentación,Esencial,transferencia bancaria,,soriana
84,Daniela Aguilar,2026-07-01,2026-07-31,2026-07-24,recibo de luz,297.92,Consumo,Vivienda,Esencial,tarjeta de débito,,recibo de luz
84,Daniela Aguilar,2026-07-01,2026-07-31,2026-07-24,mensualidad del coche,134.48,Pago de deuda,,,transferencia bancaria,,mensualidad del coche
84,Daniela Aguilar,2026-07-01,2026-07-31,2026-07-25,lonche,231.48,Consumo,Alimentación,Esencial,tarjeta de crédito,39.7,lonche
84,Daniela Aguilar,2026-07-01,2026-07-31,2026-07-25,pago de renta,333.62,Consumo,Vivienda,Esencial,transferencia bancaria,,pago de renta
84,Daniela Aguilar,2026-07-01,2026-07-31,2026-07-26,ETF,588.16,Ahorro e inversión,,,transferencia bancaria,,etf
84,Daniela Aguilar,2026-07-01,2026-07-31,2026-07-26,veterinario,316.19,Consumo,Otros,,tarjeta de crédito,45.7,veterinario
84,Daniela Aguilar,2026-07-01,2026-07-31,2026-07-27,mandado,366.42,Consumo,Alimentación,Esencial,transferencia bancaria,,mandado
84,Daniela Aguilar,2026-07-01,2026-07-31,2026-07-29,Bodega Aurrera,984.41,Consumo,Alimentación,Esencial,tarjeta de crédito,39.5,bodega aurrera
84,Daniela Aguilar,2026-07-01,2026-07-31,2026-07-30,salario,7246.47,Ingreso,,,transferencia bancaria,,salario
84,Daniela Aguilar,2026-07-01,2026-07-31,2026-07-30,abono a tarjeta,293.1,Pago de deuda,,,transferencia bancaria,,abono a tarjeta
84,Daniela Aguilar,2026-07-01,2026-07-31,2026-07-31,audífonos,348.86,Consumo,Compras personales,Discrecional,efectivo,,audífonos
85,Paula Luna,2026-07-01,2026-07-31,2026-07-01,casetas,134.14,Consumo,Transporte,Esencial,transferencia bancaria,,casetas
85,Paula Luna,2026-07-01,2026-07-31,2026-07-01,cremas,751.83,Consumo,Compras personales,Discrecional,transferencia bancaria,,cremas
85,Paula Luna,2026-07-01,2026-07-31,2026-07-02,inversión GBM,281.02,Ahorro e inversión,,,transferencia bancaria,,inversión gbm
85,Paula Luna,2026-07-01,2026-07-31,2026-07-03,gasolina,62.73,Consumo,Transporte,Esencial,tarjeta de débito,,gasolina
85,Paula Luna,2026-07-01,2026-07-31,2026-07-04,transferencia a ahorro,154.76,Ahorro e inversión,,,transferencia bancaria,,transferencia a ahorro
85,Paula Luna,2026-07-01,2026-07-31,2026-07-04,Soriana,2481.33,Consumo,Alimentación,Esencial,transferencia bancaria,,soriana
85,Paula Luna,2026-07-01,2026-07-31,2026-07-08,comisión bancaria,134.43,Consumo,Otros,,transferencia bancaria,,comisión bancaria
85,Paula Luna,2026-07-01,2026-07-31,2026-07-09,leche y huevos,57.2,Consumo,Alimentación,Esencial,tarjeta de débito,,leche y huevos
85,Paula Luna,2026-07-01,2026-07-31,2026-07-09,cargo bancario,176.44,Consumo,Otros,,transferencia bancaria,,cargo bancario
85,Paula Luna,2026-07-01,2026-07-31,2026-07-10,casetas,734.62,Consumo,Transporte,Esencial,transferencia bancaria,,casetas
85,Paula Luna,2026-07-01,2026-07-31,2026-07-10,mandado,214.21,Consumo,Alimentación,Esencial,efectivo,,mandado
85,Paula Luna,2026-07-01,2026-07-31,2026-07-10,cartera,389.27,Consumo,Compras personales,Discrecional,tarjeta de débito,,cartera
85,Paula Luna,2026-07-01,2026-07-31,2026-07-11,Farmacias del Ahorro,433.11,Consumo,Salud,Esencial,transferencia bancaria,,farmacias del ahorro
85,Paula Luna,2026-07-01,2026-07-31,2026-07-11,cliente freelance,4199.86,Ingreso,,,transferencia bancaria,,cliente freelance
85,Paula Luna,2026-07-01,2026-07-31,2026-07-13,pagué la luz,239.43,Consumo,Vivienda,Esencial,transferencia bancaria,,pagué la luz
85,Paula Luna,2026-07-01,2026-07-31,2026-07-15,cuota anual,184.67,Consumo,Otros,,tarjeta de débito,,cuota anual
85,Paula Luna,2026-07-01,2026-07-31,2026-07-16,pescado,87.61,Consumo,Alimentación,Esencial,tarjeta de crédito,58.0,pescado
85,Paula Luna,2026-07-01,2026-07-31,2026-07-16,Costco,1336.2,Consumo,Alimentación,Esencial,tarjeta de crédito,52.0,costco
85,Paula Luna,2026-07-01,2026-07-31,2026-07-20,luz,73.74,Consumo,Vivienda,Esencial,transferencia bancaria,,luz
85,Paula Luna,2026-07-01,2026-07-31,2026-07-20,plomero,563.74,Consumo,Vivienda,Esencial,efectivo,,plomero
85,Paula Luna,2026-07-01,2026-07-31,2026-07-20,proyecto independiente,854.08,Ingreso,,,efectivo,,proyecto independiente
85,Paula Luna,2026-07-01,2026-07-31,2026-07-22,comida,108.06,Consumo,Alimentación,Esencial,tarjeta de débito,,comida
85,Paula Luna,2026-07-01,2026-07-31,2026-07-23,pasaje,1437.24,Consumo,Transporte,Esencial,tarjeta de débito,,pasaje
85,Paula Luna,2026-07-01,2026-07-31,2026-07-23,despensa de la semana,254.83,Consumo,Alimentación,Esencial,transferencia bancaria,,despensa de la semana
85,Paula Luna,2026-07-01,2026-07-31,2026-07-24,hipoteca,371.52,Consumo,Vivienda,Esencial,tarjeta de débito,,hipoteca
85,Paula Luna,2026-07-01,2026-07-31,2026-07-24,cliente freelance,870.81,Ingreso,,,transferencia bancaria,,cliente freelance
85,Paula Luna,2026-07-01,2026-07-31,2026-07-25,despensa,301.4,Consumo,Alimentación,Esencial,efectivo,,despensa
85,Paula Luna,2026-07-01,2026-07-31,2026-07-28,reparación de la casa,450.02,Consumo,Vivienda,Esencial,tarjeta de débito,,reparación de la casa
85,Paula Luna,2026-07-01,2026-07-31,2026-07-28,reloj,57.1,Consumo,Compras personales,Discrecional,tarjeta de débito,,reloj
85,Paula Luna,2026-07-01,2026-07-31,2026-07-28,abono a préstamo,1380.09,Pago de deuda,,,transferencia bancaria,,abono a préstamo
85,Paula Luna,2026-07-01,2026-07-31,2026-07-29,ingredientes para cocinar,99.23,Consumo,Alimentación,Esencial,tarjeta de débito,,ingredientes para cocinar
85,Paula Luna,2026-07-01,2026-07-31,2026-07-30,súper,239.77,Consumo,Alimentación,Esencial,tarjeta de crédito,54.6,súper
85,Paula Luna,2026-07-01,2026-07-31,2026-07-30,trabajo freelance,4149.36,Ingreso,,,transferencia bancaria,,trabajo freelance
85,Paula Luna,2026-07-01,2026-07-31,2026-07-30,pago de proyecto,6409.1,Ingreso,,,efectivo,,pago de proyecto
86,Camila Silva,2026-07-01,2026-07-31,2026-07-01,pan y tortillas,1578.13,Consumo,Alimentación,Esencial,tarjeta de crédito,48.0,pan y tortillas
86,Camila Silva,2026-07-01,2026-07-31,2026-07-03,agua,289.67,Consumo,Vivienda,Esencial,tarjeta de débito,,agua
86,Camila Silva,2026-07-01,2026-07-31,2026-07-04,agua y refrescos,386.55,Consumo,Alimentación,Esencial,tarjeta de débito,,agua y refrescos
86,Camila Silva,2026-07-01,2026-07-31,2026-07-10,ahorro,125.17,Ahorro e inversión,,,transferencia bancaria,,ahorro
86,Camila Silva,2026-07-01,2026-07-31,2026-07-11,pagué la luz,587.53,Consumo,Vivienda,Esencial,tarjeta de crédito,38.3,pagué la luz
86,Camila Silva,2026-07-01,2026-07-31,2026-07-12,llené el tanque,48.75,Consumo,Transporte,Esencial,tarjeta de débito,,llené el tanque
86,Camila Silva,2026-07-01,2026-07-31,2026-07-13,llené el tanque,688.39,Consumo,Transporte,Esencial,tarjeta de crédito,65.3,llené el tanque
86,Camila Silva,2026-07-01,2026-07-31,2026-07-14,súper,690.52,Consumo,Alimentación,Esencial,tarjeta de débito,,súper
86,Camila Silva,2026-07-01,2026-07-31,2026-07-15,servicio del coche,311.89,Consumo,Transporte,Esencial,transferencia bancaria,,servicio del coche
86,Camila Silva,2026-07-01,2026-07-31,2026-07-15,quincena,11687.5,Ingreso,,,transferencia bancaria,,quincena
86,Camila Silva,2026-07-01,2026-07-31,2026-07-16,mandado,111.78,Consumo,Alimentación,Esencial,transferencia bancaria,,mandado
86,Camila Silva,2026-07-01,2026-07-31,2026-07-16,regalo,1800.88,Consumo,Compras personales,Discrecional,tarjeta de crédito,56.4,regalo
86,Camila Silva,2026-07-01,2026-07-31,2026-07-16,abono a tarjeta,712.95,Pago de deuda,,,transferencia bancaria,,abono a tarjeta
86,Camila Silva,2026-07-01,2026-07-31,2026-07-17,comida,1812.61,Consumo,Alimentación,Esencial,transferencia bancaria,,comida
86,Camila Silva,2026-07-01,2026-07-31,2026-07-17,mandado,412.99,Consumo,Alimentación,Esencial,tarjeta de crédito,66.0,mandado
86,Camila Silva,2026-07-01,2026-07-31,2026-07-17,pasajes de la semana,192.34,Consumo,Transporte,Esencial,tarjeta de crédito,67.1,pasajes de la semana
86,Camila Silva,2026-07-01,2026-07-31,2026-07-18,ETF,264.99,Ahorro e inversión,,,transferencia bancaria,,etf
86,Camila Silva,2026-07-01,2026-07-31,2026-07-18,Bodega Aurrera,170.75,Consumo,Alimentación,Esencial,transferencia bancaria,,bodega aurrera
86,Camila Silva,2026-07-01,2026-07-31,2026-07-19,Chedraui,119.81,Consumo,Alimentación,Esencial,tarjeta de crédito,37.9,chedraui
86,Camila Silva,2026-07-01,2026-07-31,2026-07-19,cambio de aceite,192.28,Consumo,Transporte,Esencial,efectivo,,cambio de aceite
86,Camila Silva,2026-07-01,2026-07-31,2026-07-21,estacionamiento,273.85,Consumo,Transporte,Esencial,tarjeta de débito,,estacionamiento
86,Camila Silva,2026-07-01,2026-07-31,2026-07-22,plomero,939.13,Consumo,Vivienda,Esencial,efectivo,,plomero
86,Camila Silva,2026-07-01,2026-07-31,2026-07-22,transporte al trabajo,212.58,Consumo,Transporte,Esencial,tarjeta de débito,,transporte al trabajo
86,Camila Silva,2026-07-01,2026-07-31,2026-07-24,verificación,405.05,Consumo,Transporte,Esencial,tarjeta de crédito,70.0,verificación
86,Camila Silva,2026-07-01,2026-07-31,2026-07-25,servicio del coche,91.02,Consumo,Transporte,Esencial,transferencia bancaria,,servicio del coche
86,Camila Silva,2026-07-01,2026-07-31,2026-07-26,apartado de ahorro,184.88,Ahorro e inversión,,,transferencia bancaria,,apartado de ahorro
86,Camila Silva,2026-07-01,2026-07-31,2026-07-26,servicio del coche,284.95,Consumo,Transporte,Esencial,transferencia bancaria,,servicio del coche
86,Camila Silva,2026-07-01,2026-07-31,2026-07-27,ingredientes para cocinar,507.07,Consumo,Alimentación,Esencial,tarjeta de crédito,52.0,ingredientes para cocinar
86,Camila Silva,2026-07-01,2026-07-31,2026-07-27,Walmart,1385.43,Consumo,Alimentación,Esencial,tarjeta de débito,,walmart
86,Camila Silva,2026-07-01,2026-07-31,2026-07-28,Bodega Aurrera,269.77,Consumo,Alimentación,Esencial,tarjeta de débito,,bodega aurrera
86,Camila Silva,2026-07-01,2026-07-31,2026-07-29,recibo de luz,644.91,Consumo,Vivienda,Esencial,tarjeta de débito,,recibo de luz
86,Camila Silva,2026-07-01,2026-07-31,2026-07-30,nómina,11687.5,Ingreso,,,transferencia bancaria,,nómina
86,Camila Silva,2026-07-01,2026-07-31,2026-07-31,verificación,193.55,Consumo,Transporte,Esencial,tarjeta de crédito,57.2,verificación
87,Camila Gutiérrez,2026-07-01,2026-07-31,2026-07-02,despensa de la semana,154.82,Consumo,Alimentación,Esencial,tarjeta de débito,,despensa de la semana
87,Camila Gutiérrez,2026-07-01,2026-07-31,2026-07-02,seguro del coche,760.2,Consumo,Transporte,Esencial,transferencia bancaria,,seguro del coche
87,Camila Gutiérrez,2026-07-01,2026-07-31,2026-07-02,gasto imprevisto,63.37,Consumo,Otros,,tarjeta de crédito,42.0,gasto imprevisto
87,Camila Gutiérrez,2026-07-01,2026-07-31,2026-07-03,wifi,413.91,Consumo,Vivienda,Esencial,transferencia bancaria,,wifi
87,Camila Gutiérrez,2026-07-01,2026-07-31,2026-07-05,pago de renta,1072.19,Consumo,Vivienda,Esencial,tarjeta de crédito,37.0,pago de renta
87,Camila Gutiérrez,2026-07-01,2026-07-31,2026-07-10,comida,627.37,Consumo,Alimentación,Esencial,tarjeta de débito,,comida
87,Camila Gutiérrez,2026-07-01,2026-07-31,2026-07-10,leche y huevos,582.45,Consumo,Alimentación,Esencial,efectivo,,leche y huevos
87,Camila Gutiérrez,2026-07-01,2026-07-31,2026-07-10,Costco,1980.14,Consumo,Alimentación,Esencial,tarjeta de crédito,66.8,costco
87,Camila Gutiérrez,2026-07-01,2026-07-31,2026-07-10,laboratorio,413.04,Consumo,Salud,Esencial,tarjeta de débito,,laboratorio
87,Camila Gutiérrez,2026-07-01,2026-07-31,2026-07-13,audífonos,509.07,Consumo,Compras personales,Discrecional,transferencia bancaria,,audífonos
87,Camila Gutiérrez,2026-07-01,2026-07-31,2026-07-14,reloj,611.99,Consumo,Compras personales,Discrecional,efectivo,,reloj
87,Camila Gutiérrez,2026-07-01,2026-07-31,2026-07-15,nómina,10742.07,Ingreso,,,transferencia bancaria,,nómina
87,Camila Gutiérrez,2026-07-01,2026-07-31,2026-07-18,agua y refrescos,39.12,Consumo,Alimentación,Esencial,efectivo,,agua y refrescos
87,Camila Gutiérrez,2026-07-01,2026-07-31,2026-07-18,compras de comida,1295.75,Consumo,Alimentación,Esencial,tarjeta de débito,,compras de comida
87,Camila Gutiérrez,2026-07-01,2026-07-31,2026-07-18,abogado,530.92,Consumo,Otros,,tarjeta de crédito,58.1,abogado
87,Camila Gutiérrez,2026-07-01,2026-07-31,2026-07-20,compras de comida,629.98,Consumo,Alimentación,Esencial,tarjeta de débito,,compras de comida
87,Camila Gutiérrez,2026-07-01,2026-07-31,2026-07-21,pollo,50.89,Consumo,Alimentación,Esencial,transferencia bancaria,,pollo
87,Camila Gutiérrez,2026-07-01,2026-07-31,2026-07-21,carga de gasolina,155.38,Consumo,Transporte,Esencial,transferencia bancaria,,carga de gasolina
87,Camila Gutiérrez,2026-07-01,2026-07-31,2026-07-22,llantas,744.61,Consumo,Transporte,Esencial,efectivo,,llantas
87,Camila Gutiérrez,2026-07-01,2026-07-31,2026-07-23,lonche,145.93,Consumo,Alimentación,Esencial,efectivo,,lonche
87,Camila Gutiérrez,2026-07-01,2026-07-31,2026-07-24,agua y refrescos,180.53,Consumo,Alimentación,Esencial,tarjeta de débito,,agua y refrescos
87,Camila Gutiérrez,2026-07-01,2026-07-31,2026-07-25,luz,420.65,Consumo,Vivienda,Esencial,tarjeta de débito,,luz
87,Camila Gutiérrez,2026-07-01,2026-07-31,2026-07-26,CETES Directo,1055.05,Ahorro e inversión,,,transferencia bancaria,,cetes directo
87,Camila Gutiérrez,2026-07-01,2026-07-31,2026-07-26,restaurante,752.36,Consumo,Entretenimiento y ocio,Discrecional,tarjeta de crédito,68.5,restaurante
87,Camila Gutiérrez,2026-07-01,2026-07-31,2026-07-26,abono a tarjeta,199.94,Pago de deuda,,,transferencia bancaria,,abono a tarjeta
87,Camila Gutiérrez,2026-07-01,2026-07-31,2026-07-28,lonche,380.29,Consumo,Alimentación,Esencial,tarjeta de crédito,38.6,lonche
87,Camila Gutiérrez,2026-07-01,2026-07-31,2026-07-28,mensualidad del coche,348.71,Pago de deuda,,,transferencia bancaria,,mensualidad del coche
87,Camila Gutiérrez,2026-07-01,2026-07-31,2026-07-30,pantalón,408.76,Consumo,Compras personales,Discrecional,efectivo,,pantalón
87,Camila Gutiérrez,2026-07-01,2026-07-31,2026-07-30,cambio de aceite,108.72,Consumo,Transporte,Esencial,efectivo,,cambio de aceite
87,Camila Gutiérrez,2026-07-01,2026-07-31,2026-07-30,pago de trabajo,10742.07,Ingreso,,,transferencia bancaria,,pago de trabajo
87,Camila Gutiérrez,2026-07-01,2026-07-31,2026-07-30,pago de tarjeta,162.9,Pago de deuda,,,transferencia bancaria,,pago de tarjeta
87,Camila Gutiérrez,2026-07-01,2026-07-31,2026-07-31,metro,911.14,Consumo,Transporte,Esencial,tarjeta de débito,,metro
88,Francisco Vargas,2026-07-01,2026-07-31,2026-07-01,leche y huevos,1409.74,Consumo,Alimentación,Esencial,transferencia bancaria,,leche y huevos
88,Francisco Vargas,2026-07-01,2026-07-31,2026-07-01,abogado,548.39,Consumo,Otros,,tarjeta de débito,,abogado
88,Francisco Vargas,2026-07-01,2026-07-31,2026-07-02,gasolina,1013.69,Consumo,Transporte,Esencial,tarjeta de crédito,52.8,gasolina
88,Francisco Vargas,2026-07-01,2026-07-31,2026-07-02,llené el tanque,383.47,Consumo,Transporte,Esencial,tarjeta de débito,,llené el tanque
88,Francisco Vargas,2026-07-01,2026-07-31,2026-07-03,pescado,1586.13,Consumo,Alimentación,Esencial,tarjeta de crédito,56.4,pescado
88,Francisco Vargas,2026-07-01,2026-07-31,2026-07-03,cosas del súper,434.19,Consumo,Alimentación,Esencial,tarjeta de crédito,62.0,cosas del súper
88,Francisco Vargas,2026-07-01,2026-07-31,2026-07-03,agua y refrescos,441.59,Consumo,Alimentación,Esencial,tarjeta de crédito,70.0,agua y refrescos
88,Francisco Vargas,2026-07-01,2026-07-31,2026-07-04,leche y huevos,778.7,Consumo,Alimentación,Esencial,tarjeta de débito,,leche y huevos
88,Francisco Vargas,2026-07-01,2026-07-31,2026-07-06,abarrotes,64.34,Consumo,Alimentación,Esencial,efectivo,,abarrotes
88,Francisco Vargas,2026-07-01,2026-07-31,2026-07-07,abogado,247.57,Consumo,Otros,,tarjeta de débito,,abogado
88,Francisco Vargas,2026-07-01,2026-07-31,2026-07-08,llené el tanque,399.89,Consumo,Transporte,Esencial,efectivo,,llené el tanque
88,Francisco Vargas,2026-07-01,2026-07-31,2026-07-09,gasolina,35.59,Consumo,Transporte,Esencial,tarjeta de débito,,gasolina
88,Francisco Vargas,2026-07-01,2026-07-31,2026-07-10,ahorro,693.27,Ahorro e inversión,,,transferencia bancaria,,ahorro
88,Francisco Vargas,2026-07-01,2026-07-31,2026-07-12,fondo indexado,379.2,Ahorro e inversión,,,transferencia bancaria,,fondo indexado
88,Francisco Vargas,2026-07-01,2026-07-31,2026-07-12,agua y refrescos,162.55,Consumo,Alimentación,Esencial,tarjeta de crédito,68.7,agua y refrescos
88,Francisco Vargas,2026-07-01,2026-07-31,2026-07-12,donación,151.86,Consumo,Otros,,tarjeta de débito,,donación
88,Francisco Vargas,2026-07-01,2026-07-31,2026-07-13,Walmart,166.22,Consumo,Alimentación,Esencial,tarjeta de débito,,walmart
88,Francisco Vargas,2026-07-01,2026-07-31,2026-07-14,ETF,1037.0,Ahorro e inversión,,,transferencia bancaria,,etf
88,Francisco Vargas,2026-07-01,2026-07-31,2026-07-14,mercado,370.24,Consumo,Alimentación,Esencial,tarjeta de crédito,44.6,mercado
88,Francisco Vargas,2026-07-01,2026-07-31,2026-07-14,decoración,324.67,Consumo,Compras personales,Discrecional,tarjeta de crédito,62.0,decoración
88,Francisco Vargas,2026-07-01,2026-07-31,2026-07-14,copias,1095.78,Consumo,Educación,Esencial,tarjeta de débito,,copias
88,Francisco Vargas,2026-07-01,2026-07-31,2026-07-15,ingredientes para cocinar,1966.08,Consumo,Alimentación,Esencial,transferencia bancaria,,ingredientes para cocinar
88,Francisco Vargas,2026-07-01,2026-07-31,2026-07-15,perfume,413.42,Consumo,Compras personales,Discrecional,tarjeta de crédito,63.3,perfume
88,Francisco Vargas,2026-07-01,2026-07-31,2026-07-15,vuelo,458.38,Consumo,Viajes y vacaciones,Discrecional,tarjeta de crédito,54.1,vuelo
88,Francisco Vargas,2026-07-01,2026-07-31,2026-07-15,quincena,10606.02,Ingreso,,,transferencia bancaria,,quincena
88,Francisco Vargas,2026-07-01,2026-07-31,2026-07-15,pago de crédito,1609.87,Pago de deuda,,,transferencia bancaria,,pago de crédito
88,Francisco Vargas,2026-07-01,2026-07-31,2026-07-16,pasaje,1668.78,Consumo,Transporte,Esencial,transferencia bancaria,,pasaje
88,Francisco Vargas,2026-07-01,2026-07-31,2026-07-16,cartera,592.43,Consumo,Compras personales,Discrecional,tarjeta de débito,,cartera
88,Francisco Vargas,2026-07-01,2026-07-31,2026-07-17,bolsa,1225.61,Consumo,Compras personales,Discrecional,transferencia bancaria,,bolsa
88,Francisco Vargas,2026-07-01,2026-07-31,2026-07-19,Chedraui,143.61,Consumo,Alimentación,Esencial,tarjeta de débito,,chedraui
88,Francisco Vargas,2026-07-01,2026-07-31,2026-07-19,pintura de la casa,3335.93,Consumo,Vivienda,Esencial,tarjeta de débito,,pintura de la casa
88,Francisco Vargas,2026-07-01,2026-07-31,2026-07-20,comisiones,17355.3,Ingreso,,,transferencia bancaria,,comisiones
88,Francisco Vargas,2026-07-01,2026-07-31,2026-07-22,gasolina,247.94,Consumo,Transporte,Esencial,efectivo,,gasolina
88,Francisco Vargas,2026-07-01,2026-07-31,2026-07-23,reparación del coche,637.3,Consumo,Transporte,Esencial,transferencia bancaria,,reparación del coche
88,Francisco Vargas,2026-07-01,2026-07-31,2026-07-23,abarrotes,460.13,Consumo,Alimentación,Esencial,tarjeta de débito,,abarrotes
88,Francisco Vargas,2026-07-01,2026-07-31,2026-07-23,trámite,137.7,Consumo,Otros,,tarjeta de débito,,trámite
88,Francisco Vargas,2026-07-01,2026-07-31,2026-07-25,cambio de aceite,307.95,Consumo,Transporte,Esencial,tarjeta de crédito,63.4,cambio de aceite
88,Francisco Vargas,2026-07-01,2026-07-31,2026-07-27,café,1204.93,Consumo,Entretenimiento y ocio,Discrecional,transferencia bancaria,,café
88,Francisco Vargas,2026-07-01,2026-07-31,2026-07-28,pago de crédito,747.21,Pago de deuda,,,transferencia bancaria,,pago de crédito
88,Francisco Vargas,2026-07-01,2026-07-31,2026-07-29,Bodega Aurrera,1744.46,Consumo,Alimentación,Esencial,efectivo,,bodega aurrera
88,Francisco Vargas,2026-07-01,2026-07-31,2026-07-29,teatro,35.83,Consumo,Entretenimiento y ocio,Discrecional,transferencia bancaria,,teatro
88,Francisco Vargas,2026-07-01,2026-07-31,2026-07-30,metro,122.64,Consumo,Transporte,Esencial,transferencia bancaria,,metro
88,Francisco Vargas,2026-07-01,2026-07-31,2026-07-30,quincena,10606.02,Ingreso,,,transferencia bancaria,,quincena
89,Mariana López,2026-07-01,2026-07-31,2026-07-01,libros escolares,199.95,Consumo,Educación,Esencial,tarjeta de crédito,49.1,libros escolares
89,Mariana López,2026-07-01,2026-07-31,2026-07-01,mantenimiento del depa,146.42,Consumo,Vivienda,Esencial,efectivo,,mantenimiento del depa
89,Mariana López,2026-07-01,2026-07-31,2026-07-03,tablet,861.52,Consumo,Compras personales,Discrecional,tarjeta de débito,,tablet
89,Mariana López,2026-07-01,2026-07-31,2026-07-04,carga de gasolina,1177.21,Consumo,Transporte,Esencial,efectivo,,carga de gasolina
89,Mariana López,2026-07-01,2026-07-31,2026-07-05,material escolar,90.25,Consumo,Educación,Esencial,tarjeta de crédito,56.1,material escolar
89,Mariana López,2026-07-01,2026-07-31,2026-07-05,servicio del coche,2034.38,Consumo,Transporte,Esencial,tarjeta de débito,,servicio del coche
89,Mariana López,2026-07-01,2026-07-31,2026-07-06,despensa,1970.51,Consumo,Alimentación,Esencial,tarjeta de débito,,despensa
89,Mariana López,2026-07-01,2026-07-31,2026-07-06,carne,147.85,Consumo,Alimentación,Esencial,transferencia bancaria,,carne
89,Mariana López,2026-07-01,2026-07-31,2026-07-08,Disney+,546.43,Consumo,Suscripciones digitales,Discrecional,tarjeta de débito,,disney+
89,Mariana López,2026-07-01,2026-07-31,2026-07-08,copias,124.23,Consumo,Educación,Esencial,tarjeta de débito,,copias
89,Mariana López,2026-07-01,2026-07-31,2026-07-09,despensa de la semana,2076.28,Consumo,Alimentación,Esencial,tarjeta de débito,,despensa de la semana
89,Mariana López,2026-07-01,2026-07-31,2026-07-09,pasaje,372.09,Consumo,Transporte,Esencial,tarjeta de débito,,pasaje
89,Mariana López,2026-07-01,2026-07-31,2026-07-09,especialista,915.68,Consumo,Salud,Esencial,transferencia bancaria,,especialista
89,Mariana López,2026-07-01,2026-07-31,2026-07-11,Bodega Aurrera,254.41,Consumo,Alimentación,Esencial,tarjeta de crédito,58.1,bodega aurrera
89,Mariana López,2026-07-01,2026-07-31,2026-07-11,hostal,554.3,Consumo,Viajes y vacaciones,Discrecional,tarjeta de crédito,63.4,hostal
89,Mariana López,2026-07-01,2026-07-31,2026-07-12,frutas y verduras,681.65,Consumo,Alimentación,Esencial,tarjeta de débito,,frutas y verduras
89,Mariana López,2026-07-01,2026-07-31,2026-07-12,domingo de paseo,768.23,Consumo,Entretenimiento y ocio,Discrecional,transferencia bancaria,,domingo de paseo
89,Mariana López,2026-07-01,2026-07-31,2026-07-14,pago al SAT,1077.63,Consumo,Otros,,efectivo,,pago al sat
89,Mariana López,2026-07-01,2026-07-31,2026-07-15,reparación del coche,679.47,Consumo,Transporte,Esencial,transferencia bancaria,,reparación del coche
89,Mariana López,2026-07-01,2026-07-31,2026-07-15,quincena,23689.81,Ingreso,,,transferencia bancaria,,quincena
89,Mariana López,2026-07-01,2026-07-31,2026-07-16,vestido,1315.65,Consumo,Compras personales,Discrecional,tarjeta de débito,,vestido
89,Mariana López,2026-07-01,2026-07-31,2026-07-17,electrónicos,2474.23,Consumo,Compras personales,Discrecional,tarjeta de débito,,electrónicos
89,Mariana López,2026-07-01,2026-07-31,2026-07-18,mercado,651.67,Consumo,Alimentación,Esencial,tarjeta de débito,,mercado
89,Mariana López,2026-07-01,2026-07-31,2026-07-18,verificación,190.66,Consumo,Transporte,Esencial,tarjeta de débito,,verificación
89,Mariana López,2026-07-01,2026-07-31,2026-07-18,pasaje,105.18,Consumo,Transporte,Esencial,tarjeta de crédito,55.8,pasaje
89,Mariana López,2026-07-01,2026-07-31,2026-07-19,Walmart,405.75,Consumo,Alimentación,Esencial,efectivo,,walmart
89,Mariana López,2026-07-01,2026-07-31,2026-07-20,bonos gubernamentales,2243.09,Ahorro e inversión,,,transferencia bancaria,,bonos gubernamentales
89,Mariana López,2026-07-01,2026-07-31,2026-07-22,ingredientes para cocinar,197.53,Consumo,Alimentación,Esencial,tarjeta de débito,,ingredientes para cocinar
89,Mariana López,2026-07-01,2026-07-31,2026-07-22,leche y huevos,338.39,Consumo,Alimentación,Esencial,tarjeta de crédito,63.7,leche y huevos
89,Mariana López,2026-07-01,2026-07-31,2026-07-22,agua,2460.09,Consumo,Vivienda,Esencial,tarjeta de crédito,55.5,agua
89,Mariana López,2026-07-01,2026-07-31,2026-07-23,pollo,77.74,Consumo,Alimentación,Esencial,tarjeta de crédito,52.4,pollo
89,Mariana López,2026-07-01,2026-07-31,2026-07-23,despensa de la semana,970.24,Consumo,Alimentación,Esencial,tarjeta de débito,,despensa de la semana
89,Mariana López,2026-07-01,2026-07-31,2026-07-23,pan y tortillas,381.03,Consumo,Alimentación,Esencial,tarjeta de crédito,37.3,pan y tortillas
89,Mariana López,2026-07-01,2026-07-31,2026-07-23,maquillaje,101.19,Consumo,Compras personales,Discrecional,tarjeta de débito,,maquillaje
89,Mariana López,2026-07-01,2026-07-31,2026-07-24,bolsa,1165.65,Consumo,Compras personales,Discrecional,tarjeta de crédito,64.6,bolsa
89,Mariana López,2026-07-01,2026-07-31,2026-07-24,transporte al trabajo,227.93,Consumo,Transporte,Esencial,transferencia bancaria,,transporte al trabajo
89,Mariana López,2026-07-01,2026-07-31,2026-07-24,evento,663.21,Consumo,Entretenimiento y ocio,Discrecional,efectivo,,evento
89,Mariana López,2026-07-01,2026-07-31,2026-07-25,audífonos,135.78,Consumo,Compras personales,Discrecional,tarjeta de crédito,54.5,audífonos
89,Mariana López,2026-07-01,2026-07-31,2026-07-25,electricista,562.78,Consumo,Vivienda,Esencial,transferencia bancaria,,electricista
89,Mariana López,2026-07-01,2026-07-31,2026-07-25,pagué la luz,375.94,Consumo,Vivienda,Esencial,tarjeta de débito,,pagué la luz
89,Mariana López,2026-07-01,2026-07-31,2026-07-26,mandado,236.16,Consumo,Alimentación,Esencial,tarjeta de crédito,62.9,mandado
89,Mariana López,2026-07-01,2026-07-31,2026-07-26,lonche,48.9,Consumo,Alimentación,Esencial,tarjeta de débito,,lonche
89,Mariana López,2026-07-01,2026-07-31,2026-07-28,súper,872.75,Consumo,Alimentación,Esencial,efectivo,,súper
89,Mariana López,2026-07-01,2026-07-31,2026-07-28,mensualidad del coche,1981.66,Pago de deuda,,,transferencia bancaria,,mensualidad del coche
89,Mariana López,2026-07-01,2026-07-31,2026-07-29,despensa,1621.41,Consumo,Alimentación,Esencial,tarjeta de crédito,63.7,despensa
89,Mariana López,2026-07-01,2026-07-31,2026-07-30,clases de inglés,607.7,Consumo,Educación,Esencial,tarjeta de débito,,clases de inglés
89,Mariana López,2026-07-01,2026-07-31,2026-07-30,pantalón,254.92,Consumo,Compras personales,Discrecional,tarjeta de crédito,43.7,pantalón
89,Mariana López,2026-07-01,2026-07-31,2026-07-30,ropa,55.77,Consumo,Compras personales,Discrecional,efectivo,,ropa
89,Mariana López,2026-07-01,2026-07-31,2026-07-30,nómina,23689.81,Ingreso,,,transferencia bancaria,,nómina
89,Mariana López,2026-07-01,2026-07-31,2026-07-31,carne,766.44,Consumo,Alimentación,Esencial,tarjeta de crédito,60.9,carne
90,Bruno Bravo,2026-07-01,2026-07-31,2026-07-01,urgencias,349.56,Consumo,Salud,Esencial,tarjeta de crédito,62.7,urgencias
90,Bruno Bravo,2026-07-01,2026-07-31,2026-07-02,ventas del negocio,3995.32,Ingreso,,,efectivo,,ventas del negocio
90,Bruno Bravo,2026-07-01,2026-07-31,2026-07-03,bonos gubernamentales,388.73,Ahorro e inversión,,,transferencia bancaria,,bonos gubernamentales
90,Bruno Bravo,2026-07-01,2026-07-31,2026-07-05,fondo de emergencia,2790.79,Ahorro e inversión,,,transferencia bancaria,,fondo de emergencia
90,Bruno Bravo,2026-07-01,2026-07-31,2026-07-05,casetas,420.53,Consumo,Transporte,Esencial,tarjeta de crédito,67.1,casetas
90,Bruno Bravo,2026-07-01,2026-07-31,2026-07-05,reloj,290.06,Consumo,Compras personales,Discrecional,transferencia bancaria,,reloj
90,Bruno Bravo,2026-07-01,2026-07-31,2026-07-07,pagué la luz,471.18,Consumo,Vivienda,Esencial,transferencia bancaria,,pagué la luz
90,Bruno Bravo,2026-07-01,2026-07-31,2026-07-07,ventas,2918.7,Ingreso,,,transferencia bancaria,,ventas
90,Bruno Bravo,2026-07-01,2026-07-31,2026-07-08,llené el tanque,2403.24,Consumo,Transporte,Esencial,tarjeta de débito,,llené el tanque
90,Bruno Bravo,2026-07-01,2026-07-31,2026-07-10,leche y huevos,150.31,Consumo,Alimentación,Esencial,tarjeta de débito,,leche y huevos
90,Bruno Bravo,2026-07-01,2026-07-31,2026-07-10,reloj,321.48,Consumo,Compras personales,Discrecional,tarjeta de débito,,reloj
90,Bruno Bravo,2026-07-01,2026-07-31,2026-07-11,agua,190.8,Consumo,Vivienda,Esencial,efectivo,,agua
90,Bruno Bravo,2026-07-01,2026-07-31,2026-07-12,lonche,1566.52,Consumo,Alimentación,Esencial,tarjeta de débito,,lonche
90,Bruno Bravo,2026-07-01,2026-07-31,2026-07-12,abono a tarjeta,2520.93,Pago de deuda,,,transferencia bancaria,,abono a tarjeta
90,Bruno Bravo,2026-07-01,2026-07-31,2026-07-13,mantenimiento del depa,1488.34,Consumo,Vivienda,Esencial,transferencia bancaria,,mantenimiento del depa
90,Bruno Bravo,2026-07-01,2026-07-31,2026-07-13,pan y tortillas,1129.66,Consumo,Alimentación,Esencial,tarjeta de débito,,pan y tortillas
90,Bruno Bravo,2026-07-01,2026-07-31,2026-07-14,pollo,1802.6,Consumo,Alimentación,Esencial,tarjeta de débito,,pollo
90,Bruno Bravo,2026-07-01,2026-07-31,2026-07-15,transporte al trabajo,2473.96,Consumo,Transporte,Esencial,transferencia bancaria,,transporte al trabajo
90,Bruno Bravo,2026-07-01,2026-07-31,2026-07-15,pago de hipoteca,640.31,Pago de deuda,,,transferencia bancaria,,pago de hipoteca
90,Bruno Bravo,2026-07-01,2026-07-31,2026-07-16,laboratorio,820.95,Consumo,Salud,Esencial,tarjeta de débito,,laboratorio
90,Bruno Bravo,2026-07-01,2026-07-31,2026-07-16,curso,1394.36,Consumo,Educación,Esencial,tarjeta de débito,,curso
90,Bruno Bravo,2026-07-01,2026-07-31,2026-07-16,comida,3328.77,Consumo,Alimentación,Esencial,tarjeta de débito,,comida
90,Bruno Bravo,2026-07-01,2026-07-31,2026-07-16,Walmart,1058.88,Consumo,Alimentación,Esencial,tarjeta de débito,,walmart
90,Bruno Bravo,2026-07-01,2026-07-31,2026-07-18,venta del día,1643.62,Ingreso,,,transferencia bancaria,,venta del día
90,Bruno Bravo,2026-07-01,2026-07-31,2026-07-19,pintura de la casa,120.06,Consumo,Vivienda,Esencial,efectivo,,pintura de la casa
90,Bruno Bravo,2026-07-01,2026-07-31,2026-07-19,pollo,1058.25,Consumo,Alimentación,Esencial,transferencia bancaria,,pollo
90,Bruno Bravo,2026-07-01,2026-07-31,2026-07-19,playera,997.06,Consumo,Compras personales,Discrecional,transferencia bancaria,,playera
90,Bruno Bravo,2026-07-01,2026-07-31,2026-07-20,cuota de condominio,231.05,Consumo,Vivienda,Esencial,efectivo,,cuota de condominio
90,Bruno Bravo,2026-07-01,2026-07-31,2026-07-20,plomero,1190.73,Consumo,Vivienda,Esencial,efectivo,,plomero
90,Bruno Bravo,2026-07-01,2026-07-31,2026-07-21,vuelo,222.77,Consumo,Viajes y vacaciones,Discrecional,tarjeta de crédito,41.1,vuelo
90,Bruno Bravo,2026-07-01,2026-07-31,2026-07-21,mercado,488.85,Consumo,Alimentación,Esencial,tarjeta de crédito,57.5,mercado
90,Bruno Bravo,2026-07-01,2026-07-31,2026-07-22,Walmart,1560.81,Consumo,Alimentación,Esencial,transferencia bancaria,,walmart
90,Bruno Bravo,2026-07-01,2026-07-31,2026-07-23,internet de la casa,835.52,Consumo,Vivienda,Esencial,efectivo,,internet de la casa
90,Bruno Bravo,2026-07-01,2026-07-31,2026-07-23,ventas del negocio,10180.55,Ingreso,,,efectivo,,ventas del negocio
90,Bruno Bravo,2026-07-01,2026-07-31,2026-07-24,ventas del negocio,38972.07,Ingreso,,,transferencia bancaria,,ventas del negocio
90,Bruno Bravo,2026-07-01,2026-07-31,2026-07-25,cambio de aceite,82.4,Consumo,Transporte,Esencial,efectivo,,cambio de aceite
90,Bruno Bravo,2026-07-01,2026-07-31,2026-07-25,Bodega Aurrera,1476.72,Consumo,Alimentación,Esencial,tarjeta de crédito,67.9,bodega aurrera
90,Bruno Bravo,2026-07-01,2026-07-31,2026-07-26,pasajes de la semana,755.66,Consumo,Transporte,Esencial,tarjeta de crédito,36.3,pasajes de la semana
90,Bruno Bravo,2026-07-01,2026-07-31,2026-07-26,cobro a cliente,2558.94,Ingreso,,,efectivo,,cobro a cliente
90,Bruno Bravo,2026-07-01,2026-07-31,2026-07-29,vacaciones,578.4,Consumo,Viajes y vacaciones,Discrecional,efectivo,,vacaciones
90,Bruno Bravo,2026-07-01,2026-07-31,2026-07-29,cambio de aceite,403.48,Consumo,Transporte,Esencial,efectivo,,cambio de aceite
90,Bruno Bravo,2026-07-01,2026-07-31,2026-07-29,lonche,1509.61,Consumo,Alimentación,Esencial,efectivo,,lonche
90,Bruno Bravo,2026-07-01,2026-07-31,2026-07-30,bolsa,1644.62,Consumo,Compras personales,Discrecional,tarjeta de débito,,bolsa
90,Bruno Bravo,2026-07-01,2026-07-31,2026-07-31,gas de la casa,185.96,Consumo,Vivienda,Esencial,transferencia bancaria,,gas de la casa
90,Bruno Bravo,2026-07-01,2026-07-31,2026-07-31,cine,1817.27,Consumo,Entretenimiento y ocio,Discrecional,tarjeta de crédito,40.6,cine
91,Mónica Cortés,2026-07-01,2026-07-31,2026-07-01,mandado,132.64,Consumo,Alimentación,Esencial,transferencia bancaria,,mandado
91,Mónica Cortés,2026-07-01,2026-07-31,2026-07-01,despensa de la semana,179.69,Consumo,Alimentación,Esencial,tarjeta de crédito,37.4,despensa de la semana
91,Mónica Cortés,2026-07-01,2026-07-31,2026-07-01,pago de pensión,9259.61,Ingreso,,,transferencia bancaria,,pago de pensión
91,Mónica Cortés,2026-07-01,2026-07-31,2026-07-05,didi,1065.9,Consumo,Transporte,Esencial,transferencia bancaria,,didi
91,Mónica Cortés,2026-07-01,2026-07-31,2026-07-08,cuenta de ahorro,149.84,Ahorro e inversión,,,transferencia bancaria,,cuenta de ahorro
91,Mónica Cortés,2026-07-01,2026-07-31,2026-07-09,CETES Directo,137.59,Ahorro e inversión,,,transferencia bancaria,,cetes directo
91,Mónica Cortés,2026-07-01,2026-07-31,2026-07-11,Costco,155.66,Consumo,Alimentación,Esencial,tarjeta de débito,,costco
91,Mónica Cortés,2026-07-01,2026-07-31,2026-07-12,accesorios,252.81,Consumo,Compras personales,Discrecional,transferencia bancaria,,accesorios
91,Mónica Cortés,2026-07-01,2026-07-31,2026-07-12,lonche,574.11,Consumo,Alimentación,Esencial,tarjeta de débito,,lonche
91,Mónica Cortés,2026-07-01,2026-07-31,2026-07-13,pagaré bancario,100.0,Ahorro e inversión,,,transferencia bancaria,,pagaré bancario
91,Mónica Cortés,2026-07-01,2026-07-31,2026-07-13,compra en línea,415.38,Consumo,Compras personales,Discrecional,tarjeta de crédito,42.8,compra en línea
91,Mónica Cortés,2026-07-01,2026-07-31,2026-07-14,decoración,148.68,Consumo,Compras personales,Discrecional,tarjeta de crédito,36.2,decoración
91,Mónica Cortés,2026-07-01,2026-07-31,2026-07-14,ingredientes para cocinar,498.19,Consumo,Alimentación,Esencial,transferencia bancaria,,ingredientes para cocinar
91,Mónica Cortés,2026-07-01,2026-07-31,2026-07-14,videojuego,365.9,Consumo,Entretenimiento y ocio,Discrecional,efectivo,,videojuego
91,Mónica Cortés,2026-07-01,2026-07-31,2026-07-18,libros escolares,342.72,Consumo,Educación,Esencial,tarjeta de crédito,62.8,libros escolares
91,Mónica Cortés,2026-07-01,2026-07-31,2026-07-19,mercado,39.95,Consumo,Alimentación,Esencial,tarjeta de débito,,mercado
91,Mónica Cortés,2026-07-01,2026-07-31,2026-07-21,Soriana,566.08,Consumo,Alimentación,Esencial,tarjeta de débito,,soriana
91,Mónica Cortés,2026-07-01,2026-07-31,2026-07-21,pago préstamo personal,534.98,Pago de deuda,,,transferencia bancaria,,pago préstamo personal
91,Mónica Cortés,2026-07-01,2026-07-31,2026-07-22,cuota de condominio,585.05,Consumo,Vivienda,Esencial,efectivo,,cuota de condominio
91,Mónica Cortés,2026-07-01,2026-07-31,2026-07-22,cosas del súper,425.88,Consumo,Alimentación,Esencial,efectivo,,cosas del súper
91,Mónica Cortés,2026-07-01,2026-07-31,2026-07-23,abono a tarjeta,273.76,Pago de deuda,,,transferencia bancaria,,abono a tarjeta
91,Mónica Cortés,2026-07-01,2026-07-31,2026-07-25,agua y refrescos,120.0,Consumo,Alimentación,Esencial,tarjeta de débito,,agua y refrescos
91,Mónica Cortés,2026-07-01,2026-07-31,2026-07-26,maleta,81.42,Consumo,Viajes y vacaciones,Discrecional,tarjeta de crédito,62.4,maleta
91,Mónica Cortés,2026-07-01,2026-07-31,2026-07-26,domingo de paseo,66.54,Consumo,Entretenimiento y ocio,Discrecional,transferencia bancaria,,domingo de paseo
91,Mónica Cortés,2026-07-01,2026-07-31,2026-07-27,viaje de fin de semana,100.56,Consumo,Viajes y vacaciones,Discrecional,efectivo,,viaje de fin de semana
91,Mónica Cortés,2026-07-01,2026-07-31,2026-07-27,gas de la casa,608.72,Consumo,Vivienda,Esencial,tarjeta de crédito,39.4,gas de la casa
91,Mónica Cortés,2026-07-01,2026-07-31,2026-07-27,despensa de la semana,432.11,Consumo,Alimentación,Esencial,tarjeta de débito,,despensa de la semana
91,Mónica Cortés,2026-07-01,2026-07-31,2026-07-29,pasaje,478.74,Consumo,Transporte,Esencial,transferencia bancaria,,pasaje
91,Mónica Cortés,2026-07-01,2026-07-31,2026-07-29,compras de comida,523.24,Consumo,Alimentación,Esencial,tarjeta de crédito,37.4,compras de comida
91,Mónica Cortés,2026-07-01,2026-07-31,2026-07-31,compra en línea,87.85,Consumo,Compras personales,Discrecional,tarjeta de crédito,63.1,compra en línea
92,Mariana Cervantes,2026-07-01,2026-07-31,2026-07-01,plomero,261.68,Consumo,Vivienda,Esencial,tarjeta de crédito,55.7,plomero
92,Mariana Cervantes,2026-07-01,2026-07-31,2026-07-02,Soriana,77.65,Consumo,Alimentación,Esencial,efectivo,,soriana
92,Mariana Cervantes,2026-07-01,2026-07-31,2026-07-02,despensa de la semana,121.66,Consumo,Alimentación,Esencial,tarjeta de débito,,despensa de la semana
92,Mariana Cervantes,2026-07-01,2026-07-31,2026-07-03,lonche,317.19,Consumo,Alimentación,Esencial,tarjeta de crédito,48.5,lonche
92,Mariana Cervantes,2026-07-01,2026-07-31,2026-07-03,pago de impuestos,84.8,Consumo,Otros,,tarjeta de crédito,57.2,pago de impuestos
92,Mariana Cervantes,2026-07-01,2026-07-31,2026-07-04,compras de comida,382.24,Consumo,Alimentación,Esencial,efectivo,,compras de comida
92,Mariana Cervantes,2026-07-01,2026-07-31,2026-07-05,compras de comida,545.54,Consumo,Alimentación,Esencial,tarjeta de crédito,44.0,compras de comida
92,Mariana Cervantes,2026-07-01,2026-07-31,2026-07-05,frutas y verduras,157.26,Consumo,Alimentación,Esencial,tarjeta de débito,,frutas y verduras
92,Mariana Cervantes,2026-07-01,2026-07-31,2026-07-05,camión,382.54,Consumo,Transporte,Esencial,transferencia bancaria,,camión
92,Mariana Cervantes,2026-07-01,2026-07-31,2026-07-06,mercado,86.96,Consumo,Alimentación,Esencial,transferencia bancaria,,mercado
92,Mariana Cervantes,2026-07-01,2026-07-31,2026-07-07,pollo,155.45,Consumo,Alimentación,Esencial,efectivo,,pollo
92,Mariana Cervantes,2026-07-01,2026-07-31,2026-07-08,Chedraui,97.81,Consumo,Alimentación,Esencial,tarjeta de crédito,41.0,chedraui
92,Mariana Cervantes,2026-07-01,2026-07-31,2026-07-08,lonche,66.8,Consumo,Alimentación,Esencial,tarjeta de crédito,64.1,lonche
92,Mariana Cervantes,2026-07-01,2026-07-31,2026-07-08,clases de inglés,211.88,Consumo,Educación,Esencial,tarjeta de débito,,clases de inglés
92,Mariana Cervantes,2026-07-01,2026-07-31,2026-07-09,lonche,280.55,Consumo,Alimentación,Esencial,tarjeta de débito,,lonche
92,Mariana Cervantes,2026-07-01,2026-07-31,2026-07-09,metrobús,306.8,Consumo,Transporte,Esencial,tarjeta de crédito,57.3,metrobús
92,Mariana Cervantes,2026-07-01,2026-07-31,2026-07-10,pollo,86.27,Consumo,Alimentación,Esencial,tarjeta de débito,,pollo
92,Mariana Cervantes,2026-07-01,2026-07-31,2026-07-10,Soriana,145.91,Consumo,Alimentación,Esencial,transferencia bancaria,,soriana
92,Mariana Cervantes,2026-07-01,2026-07-31,2026-07-10,llantas,79.67,Consumo,Transporte,Esencial,tarjeta de débito,,llantas
92,Mariana Cervantes,2026-07-01,2026-07-31,2026-07-11,ingredientes para cocinar,171.3,Consumo,Alimentación,Esencial,tarjeta de débito,,ingredientes para cocinar
92,Mariana Cervantes,2026-07-01,2026-07-31,2026-07-11,Bodega Aurrera,64.11,Consumo,Alimentación,Esencial,transferencia bancaria,,bodega aurrera
92,Mariana Cervantes,2026-07-01,2026-07-31,2026-07-11,despensa,194.98,Consumo,Alimentación,Esencial,efectivo,,despensa
92,Mariana Cervantes,2026-07-01,2026-07-31,2026-07-11,mensualidad del coche,270.12,Pago de deuda,,,transferencia bancaria,,mensualidad del coche
92,Mariana Cervantes,2026-07-01,2026-07-31,2026-07-12,Costco,35.12,Consumo,Alimentación,Esencial,tarjeta de débito,,costco
92,Mariana Cervantes,2026-07-01,2026-07-31,2026-07-14,antro,68.41,Consumo,Entretenimiento y ocio,Discrecional,efectivo,,antro
92,Mariana Cervantes,2026-07-01,2026-07-31,2026-07-15,pollo,343.3,Consumo,Alimentación,Esencial,tarjeta de débito,,pollo
92,Mariana Cervantes,2026-07-01,2026-07-31,2026-07-15,pescado,457.44,Consumo,Alimentación,Esencial,tarjeta de crédito,66.4,pescado
92,Mariana Cervantes,2026-07-01,2026-07-31,2026-07-15,nómina,4484.64,Ingreso,,,transferencia bancaria,,nómina
92,Mariana Cervantes,2026-07-01,2026-07-31,2026-07-16,Soriana,427.89,Consumo,Alimentación,Esencial,transferencia bancaria,,soriana
92,Mariana Cervantes,2026-07-01,2026-07-31,2026-07-16,abarrotes,130.71,Consumo,Alimentación,Esencial,tarjeta de débito,,abarrotes
92,Mariana Cervantes,2026-07-01,2026-07-31,2026-07-17,Bodega Aurrera,103.49,Consumo,Alimentación,Esencial,transferencia bancaria,,bodega aurrera
92,Mariana Cervantes,2026-07-01,2026-07-31,2026-07-18,despensa,97.52,Consumo,Alimentación,Esencial,tarjeta de crédito,63.6,despensa
92,Mariana Cervantes,2026-07-01,2026-07-31,2026-07-19,pescado,108.12,Consumo,Alimentación,Esencial,transferencia bancaria,,pescado
92,Mariana Cervantes,2026-07-01,2026-07-31,2026-07-19,muebles para la casa,412.3,Consumo,Vivienda,Esencial,efectivo,,muebles para la casa
92,Mariana Cervantes,2026-07-01,2026-07-31,2026-07-19,seguro personal,92.94,Consumo,Otros,,transferencia bancaria,,seguro personal
92,Mariana Cervantes,2026-07-01,2026-07-31,2026-07-20,pan y tortillas,292.58,Consumo,Alimentación,Esencial,tarjeta de crédito,58.4,pan y tortillas
92,Mariana Cervantes,2026-07-01,2026-07-31,2026-07-20,cervezas con amigos,182.14,Consumo,Entretenimiento y ocio,Discrecional,efectivo,,cervezas con amigos
92,Mariana Cervantes,2026-07-01,2026-07-31,2026-07-20,Amazon Prime,117.32,Consumo,Suscripciones digitales,Discrecional,transferencia bancaria,,amazon prime
92,Mariana Cervantes,2026-07-01,2026-07-31,2026-07-22,fondo de emergencia,269.31,Ahorro e inversión,,,transferencia bancaria,,fondo de emergencia
92,Mariana Cervantes,2026-07-01,2026-07-31,2026-07-22,Bodega Aurrera,77.89,Consumo,Alimentación,Esencial,efectivo,,bodega aurrera
92,Mariana Cervantes,2026-07-01,2026-07-31,2026-07-26,zapatos,533.6,Consumo,Compras personales,Discrecional,tarjeta de crédito,44.8,zapatos
92,Mariana Cervantes,2026-07-01,2026-07-31,2026-07-28,cosas del súper,127.13,Consumo,Alimentación,Esencial,transferencia bancaria,,cosas del súper
92,Mariana Cervantes,2026-07-01,2026-07-31,2026-07-28,metro,133.22,Consumo,Transporte,Esencial,tarjeta de crédito,66.4,metro
92,Mariana Cervantes,2026-07-01,2026-07-31,2026-07-29,abono a tarjeta,494.01,Pago de deuda,,,transferencia bancaria,,abono a tarjeta
92,Mariana Cervantes,2026-07-01,2026-07-31,2026-07-30,compras de comida,168.4,Consumo,Alimentación,Esencial,tarjeta de débito,,compras de comida
92,Mariana Cervantes,2026-07-01,2026-07-31,2026-07-30,reparación inesperada,47.39,Consumo,Otros,,tarjeta de débito,,reparación inesperada
92,Mariana Cervantes,2026-07-01,2026-07-31,2026-07-30,nómina,4484.64,Ingreso,,,transferencia bancaria,,nómina
92,Mariana Cervantes,2026-07-01,2026-07-31,2026-07-31,mercado,171.09,Consumo,Alimentación,Esencial,tarjeta de débito,,mercado
92,Mariana Cervantes,2026-07-01,2026-07-31,2026-07-31,cuota de condominio,40.51,Consumo,Vivienda,Esencial,transferencia bancaria,,cuota de condominio
93,Iván Valdez,2026-07-01,2026-07-31,2026-07-01,apoyo familiar,198.28,Consumo,Otros,,tarjeta de crédito,54.4,apoyo familiar
93,Iván Valdez,2026-07-01,2026-07-31,2026-07-01,evento,604.47,Consumo,Entretenimiento y ocio,Discrecional,tarjeta de crédito,41.4,evento
93,Iván Valdez,2026-07-01,2026-07-31,2026-07-02,gas de la casa,124.89,Consumo,Vivienda,Esencial,tarjeta de crédito,50.2,gas de la casa
93,Iván Valdez,2026-07-01,2026-07-31,2026-07-03,llené el tanque,231.25,Consumo,Transporte,Esencial,transferencia bancaria,,llené el tanque
93,Iván Valdez,2026-07-01,2026-07-31,2026-07-03,libros,106.59,Consumo,Educación,Esencial,transferencia bancaria,,libros
93,Iván Valdez,2026-07-01,2026-07-31,2026-07-05,pago de renta,36.61,Consumo,Vivienda,Esencial,transferencia bancaria,,pago de renta
93,Iván Valdez,2026-07-01,2026-07-31,2026-07-06,psicólogo,178.34,Consumo,Salud,Esencial,tarjeta de crédito,66.4,psicólogo
93,Iván Valdez,2026-07-01,2026-07-31,2026-07-06,análisis clínicos,1333.83,Consumo,Salud,Esencial,transferencia bancaria,,análisis clínicos
93,Iván Valdez,2026-07-01,2026-07-31,2026-07-06,accesorios,521.63,Consumo,Compras personales,Discrecional,transferencia bancaria,,accesorios
93,Iván Valdez,2026-07-01,2026-07-31,2026-07-07,seguro del coche,277.31,Consumo,Transporte,Esencial,efectivo,,seguro del coche
93,Iván Valdez,2026-07-01,2026-07-31,2026-07-08,concierto,40.23,Consumo,Entretenimiento y ocio,Discrecional,transferencia bancaria,,concierto
93,Iván Valdez,2026-07-01,2026-07-31,2026-07-10,ahorro,100.0,Ahorro e inversión,,,transferencia bancaria,,ahorro
93,Iván Valdez,2026-07-01,2026-07-31,2026-07-10,casetas,333.51,Consumo,Transporte,Esencial,transferencia bancaria,,casetas
93,Iván Valdez,2026-07-01,2026-07-31,2026-07-10,apoyo familiar,210.6,Consumo,Otros,,tarjeta de crédito,45.7,apoyo familiar
93,Iván Valdez,2026-07-01,2026-07-31,2026-07-11,plomero,67.67,Consumo,Vivienda,Esencial,efectivo,,plomero
93,Iván Valdez,2026-07-01,2026-07-31,2026-07-12,Soriana,745.95,Consumo,Alimentación,Esencial,tarjeta de débito,,soriana
93,Iván Valdez,2026-07-01,2026-07-31,2026-07-12,llené el tanque,229.9,Consumo,Transporte,Esencial,tarjeta de débito,,llené el tanque
93,Iván Valdez,2026-07-01,2026-07-31,2026-07-12,joyería,512.97,Consumo,Compras personales,Discrecional,tarjeta de crédito,65.8,joyería
93,Iván Valdez,2026-07-01,2026-07-31,2026-07-13,doctor,64.85,Consumo,Salud,Esencial,transferencia bancaria,,doctor
93,Iván Valdez,2026-07-01,2026-07-31,2026-07-13,pago automotriz,281.46,Pago de deuda,,,transferencia bancaria,,pago automotriz
93,Iván Valdez,2026-07-01,2026-07-31,2026-07-14,fondo de emergencia,100.0,Ahorro e inversión,,,transferencia bancaria,,fondo de emergencia
93,Iván Valdez,2026-07-01,2026-07-31,2026-07-14,renta,390.11,Consumo,Vivienda,Esencial,transferencia bancaria,,renta
93,Iván Valdez,2026-07-01,2026-07-31,2026-07-14,abono a tarjeta,110.85,Pago de deuda,,,transferencia bancaria,,abono a tarjeta
93,Iván Valdez,2026-07-01,2026-07-31,2026-07-15,salario,7865.44,Ingreso,,,transferencia bancaria,,salario
93,Iván Valdez,2026-07-01,2026-07-31,2026-07-16,psicólogo,49.28,Consumo,Salud,Esencial,tarjeta de débito,,psicólogo
93,Iván Valdez,2026-07-01,2026-07-31,2026-07-16,celular,75.13,Consumo,Compras personales,Discrecional,tarjeta de débito,,celular
93,Iván Valdez,2026-07-01,2026-07-31,2026-07-17,pan y tortillas,263.04,Consumo,Alimentación,Esencial,tarjeta de débito,,pan y tortillas
93,Iván Valdez,2026-07-01,2026-07-31,2026-07-18,Chedraui,462.81,Consumo,Alimentación,Esencial,tarjeta de crédito,64.2,chedraui
93,Iván Valdez,2026-07-01,2026-07-31,2026-07-18,pescado,763.69,Consumo,Alimentación,Esencial,transferencia bancaria,,pescado
93,Iván Valdez,2026-07-01,2026-07-31,2026-07-18,mensualidad de la escuela,221.01,Consumo,Educación,Esencial,tarjeta de débito,,mensualidad de la escuela
93,Iván Valdez,2026-07-01,2026-07-31,2026-07-19,psicólogo,243.35,Consumo,Salud,Esencial,tarjeta de débito,,psicólogo
93,Iván Valdez,2026-07-01,2026-07-31,2026-07-19,pintura de la casa,277.66,Consumo,Vivienda,Esencial,tarjeta de crédito,37.1,pintura de la casa
93,Iván Valdez,2026-07-01,2026-07-31,2026-07-19,regalo para alguien,181.45,Consumo,Otros,,transferencia bancaria,,regalo para alguien
93,Iván Valdez,2026-07-01,2026-07-31,2026-07-20,camión,973.94,Consumo,Transporte,Esencial,tarjeta de débito,,camión
93,Iván Valdez,2026-07-01,2026-07-31,2026-07-23,pasaje,141.17,Consumo,Transporte,Esencial,transferencia bancaria,,pasaje
93,Iván Valdez,2026-07-01,2026-07-31,2026-07-24,abarrotes,130.15,Consumo,Alimentación,Esencial,transferencia bancaria,,abarrotes
93,Iván Valdez,2026-07-01,2026-07-31,2026-07-25,pan y tortillas,102.07,Consumo,Alimentación,Esencial,transferencia bancaria,,pan y tortillas
93,Iván Valdez,2026-07-01,2026-07-31,2026-07-25,Chedraui,336.26,Consumo,Alimentación,Esencial,tarjeta de crédito,37.8,chedraui
93,Iván Valdez,2026-07-01,2026-07-31,2026-07-25,estacionamiento,139.17,Consumo,Transporte,Esencial,transferencia bancaria,,estacionamiento
93,Iván Valdez,2026-07-01,2026-07-31,2026-07-26,recibo de agua,365.73,Consumo,Vivienda,Esencial,transferencia bancaria,,recibo de agua
93,Iván Valdez,2026-07-01,2026-07-31,2026-07-26,camisa,121.71,Consumo,Compras personales,Discrecional,tarjeta de débito,,camisa
93,Iván Valdez,2026-07-01,2026-07-31,2026-07-27,cosas del súper,1429.57,Consumo,Alimentación,Esencial,transferencia bancaria,,cosas del súper
93,Iván Valdez,2026-07-01,2026-07-31,2026-07-28,camión,88.6,Consumo,Transporte,Esencial,tarjeta de crédito,44.1,camión
93,Iván Valdez,2026-07-01,2026-07-31,2026-07-29,recibo de agua,54.05,Consumo,Vivienda,Esencial,transferencia bancaria,,recibo de agua
93,Iván Valdez,2026-07-01,2026-07-31,2026-07-29,curso,153.97,Consumo,Educación,Esencial,tarjeta de débito,,curso
93,Iván Valdez,2026-07-01,2026-07-31,2026-07-30,consulta,919.22,Consumo,Salud,Esencial,tarjeta de débito,,consulta
93,Iván Valdez,2026-07-01,2026-07-31,2026-07-30,salario,7865.44,Ingreso,,,transferencia bancaria,,salario
93,Iván Valdez,2026-07-01,2026-07-31,2026-07-31,leche y huevos,855.99,Consumo,Alimentación,Esencial,tarjeta de débito,,leche y huevos
93,Iván Valdez,2026-07-01,2026-07-31,2026-07-31,plomero,276.1,Consumo,Vivienda,Esencial,tarjeta de crédito,56.6,plomero
94,Leticia Cortés,2026-07-01,2026-07-31,2026-07-01,Costco,818.5,Consumo,Alimentación,Esencial,transferencia bancaria,,costco
94,Leticia Cortés,2026-07-01,2026-07-31,2026-07-04,Xbox Game Pass,224.79,Consumo,Suscripciones digitales,Discrecional,tarjeta de crédito,84.8,xbox game pass
94,Leticia Cortés,2026-07-01,2026-07-31,2026-07-05,frutas y verduras,215.94,Consumo,Alimentación,Esencial,tarjeta de débito,,frutas y verduras
94,Leticia Cortés,2026-07-01,2026-07-31,2026-07-05,casetas,173.1,Consumo,Transporte,Esencial,tarjeta de crédito,66.5,casetas
94,Leticia Cortés,2026-07-01,2026-07-31,2026-07-06,Bodega Aurrera,662.47,Consumo,Alimentación,Esencial,tarjeta de crédito,95.3,bodega aurrera
94,Leticia Cortés,2026-07-01,2026-07-31,2026-07-06,abarrotes,140.91,Consumo,Alimentación,Esencial,tarjeta de débito,,abarrotes
94,Leticia Cortés,2026-07-01,2026-07-31,2026-07-06,gasolina,393.32,Consumo,Transporte,Esencial,transferencia bancaria,,gasolina
94,Leticia Cortés,2026-07-01,2026-07-31,2026-07-07,pescado,240.4,Consumo,Alimentación,Esencial,tarjeta de crédito,68.6,pescado
94,Leticia Cortés,2026-07-01,2026-07-31,2026-07-08,pasaje,314.09,Consumo,Transporte,Esencial,efectivo,,pasaje
94,Leticia Cortés,2026-07-01,2026-07-31,2026-07-08,llené el tanque,168.94,Consumo,Transporte,Esencial,tarjeta de débito,,llené el tanque
94,Leticia Cortés,2026-07-01,2026-07-31,2026-07-09,cuota de condominio,313.18,Consumo,Vivienda,Esencial,tarjeta de crédito,63.2,cuota de condominio
94,Leticia Cortés,2026-07-01,2026-07-31,2026-07-09,cena del viernes,600.38,Consumo,Entretenimiento y ocio,Discrecional,tarjeta de débito,,cena del viernes
94,Leticia Cortés,2026-07-01,2026-07-31,2026-07-11,ETF,206.66,Ahorro e inversión,,,transferencia bancaria,,etf
94,Leticia Cortés,2026-07-01,2026-07-31,2026-07-11,cambio de aceite,242.28,Consumo,Transporte,Esencial,tarjeta de crédito,91.0,cambio de aceite
94,Leticia Cortés,2026-07-01,2026-07-31,2026-07-12,carne,997.43,Consumo,Alimentación,Esencial,tarjeta de crédito,91.7,carne
94,Leticia Cortés,2026-07-01,2026-07-31,2026-07-15,recibo de luz,198.7,Consumo,Vivienda,Esencial,tarjeta de crédito,95.1,recibo de luz
94,Leticia Cortés,2026-07-01,2026-07-31,2026-07-15,quincena,6851.58,Ingreso,,,transferencia bancaria,,quincena
94,Leticia Cortés,2026-07-01,2026-07-31,2026-07-17,laboratorio,381.72,Consumo,Salud,Esencial,efectivo,,laboratorio
94,Leticia Cortés,2026-07-01,2026-07-31,2026-07-17,pasajes de la semana,253.95,Consumo,Transporte,Esencial,tarjeta de débito,,pasajes de la semana
94,Leticia Cortés,2026-07-01,2026-07-31,2026-07-20,despensa de la semana,1084.72,Consumo,Alimentación,Esencial,tarjeta de crédito,62.0,despensa de la semana
94,Leticia Cortés,2026-07-01,2026-07-31,2026-07-20,decoración,1269.65,Consumo,Compras personales,Discrecional,transferencia bancaria,,decoración
94,Leticia Cortés,2026-07-01,2026-07-31,2026-07-21,bonos gubernamentales,253.72,Ahorro e inversión,,,transferencia bancaria,,bonos gubernamentales
94,Leticia Cortés,2026-07-01,2026-07-31,2026-07-21,pago mínimo de tarjeta,830.01,Pago de deuda,,,transferencia bancaria,,pago mínimo de tarjeta
94,Leticia Cortés,2026-07-01,2026-07-31,2026-07-22,verificación,402.16,Consumo,Transporte,Esencial,tarjeta de crédito,78.1,verificación
94,Leticia Cortés,2026-07-01,2026-07-31,2026-07-24,acciones,189.5,Ahorro e inversión,,,transferencia bancaria,,acciones
94,Leticia Cortés,2026-07-01,2026-07-31,2026-07-24,reparación del coche,43.42,Consumo,Transporte,Esencial,tarjeta de crédito,66.8,reparación del coche
94,Leticia Cortés,2026-07-01,2026-07-31,2026-07-26,pago mínimo de tarjeta,316.9,Pago de deuda,,,transferencia bancaria,,pago mínimo de tarjeta
94,Leticia Cortés,2026-07-01,2026-07-31,2026-07-28,pollo,653.71,Consumo,Alimentación,Esencial,tarjeta de crédito,87.3,pollo
94,Leticia Cortés,2026-07-01,2026-07-31,2026-07-28,mantenimiento del depa,952.3,Consumo,Vivienda,Esencial,tarjeta de crédito,74.5,mantenimiento del depa
94,Leticia Cortés,2026-07-01,2026-07-31,2026-07-30,pollo,147.76,Consumo,Alimentación,Esencial,tarjeta de débito,,pollo
94,Leticia Cortés,2026-07-01,2026-07-31,2026-07-30,quincena,6851.58,Ingreso,,,transferencia bancaria,,quincena
94,Leticia Cortés,2026-07-01,2026-07-31,2026-07-31,diplomado,510.39,Consumo,Educación,Esencial,tarjeta de crédito,73.9,diplomado
95,Silvia Cervantes,2026-07-01,2026-07-31,2026-07-01,teatro,797.51,Consumo,Entretenimiento y ocio,Discrecional,transferencia bancaria,,teatro
95,Silvia Cervantes,2026-07-01,2026-07-31,2026-07-01,Walmart,1066.21,Consumo,Alimentación,Esencial,efectivo,,walmart
95,Silvia Cervantes,2026-07-01,2026-07-31,2026-07-02,verificación,494.95,Consumo,Transporte,Esencial,tarjeta de débito,,verificación
95,Silvia Cervantes,2026-07-01,2026-07-31,2026-07-03,ropa,78.19,Consumo,Compras personales,Discrecional,efectivo,,ropa
95,Silvia Cervantes,2026-07-01,2026-07-31,2026-07-03,Walmart,1961.16,Consumo,Alimentación,Esencial,tarjeta de débito,,walmart
95,Silvia Cervantes,2026-07-01,2026-07-31,2026-07-04,iCloud,169.88,Consumo,Suscripciones digitales,Discrecional,tarjeta de débito,,icloud
95,Silvia Cervantes,2026-07-01,2026-07-31,2026-07-04,despensa de la semana,1958.04,Consumo,Alimentación,Esencial,transferencia bancaria,,despensa de la semana
95,Silvia Cervantes,2026-07-01,2026-07-31,2026-07-04,comida,799.2,Consumo,Alimentación,Esencial,tarjeta de crédito,44.1,comida
95,Silvia Cervantes,2026-07-01,2026-07-31,2026-07-05,gasolina,98.59,Consumo,Transporte,Esencial,tarjeta de débito,,gasolina
95,Silvia Cervantes,2026-07-01,2026-07-31,2026-07-05,metro,662.21,Consumo,Transporte,Esencial,tarjeta de crédito,38.7,metro
95,Silvia Cervantes,2026-07-01,2026-07-31,2026-07-05,pago tarjeta BBVA,1111.5,Pago de deuda,,,transferencia bancaria,,pago tarjeta bbva
95,Silvia Cervantes,2026-07-01,2026-07-31,2026-07-06,pasajes de la semana,40.42,Consumo,Transporte,Esencial,transferencia bancaria,,pasajes de la semana
95,Silvia Cervantes,2026-07-01,2026-07-31,2026-07-09,pasajes de la semana,206.83,Consumo,Transporte,Esencial,tarjeta de débito,,pasajes de la semana
95,Silvia Cervantes,2026-07-01,2026-07-31,2026-07-09,hospedaje,350.62,Consumo,Viajes y vacaciones,Discrecional,efectivo,,hospedaje
95,Silvia Cervantes,2026-07-01,2026-07-31,2026-07-09,Chedraui,337.31,Consumo,Alimentación,Esencial,transferencia bancaria,,chedraui
95,Silvia Cervantes,2026-07-01,2026-07-31,2026-07-12,Walmart,714.66,Consumo,Alimentación,Esencial,tarjeta de débito,,walmart
95,Silvia Cervantes,2026-07-01,2026-07-31,2026-07-12,mensualidad del depa,1016.38,Consumo,Vivienda,Esencial,transferencia bancaria,,mensualidad del depa
95,Silvia Cervantes,2026-07-01,2026-07-31,2026-07-13,metrobús,306.78,Consumo,Transporte,Esencial,efectivo,,metrobús
95,Silvia Cervantes,2026-07-01,2026-07-31,2026-07-13,maquillaje,1238.15,Consumo,Compras personales,Discrecional,tarjeta de débito,,maquillaje
95,Silvia Cervantes,2026-07-01,2026-07-31,2026-07-15,nómina,9775.26,Ingreso,,,transferencia bancaria,,nómina
95,Silvia Cervantes,2026-07-01,2026-07-31,2026-07-20,membresía digital,207.65,Consumo,Suscripciones digitales,Discrecional,tarjeta de crédito,66.6,membresía digital
95,Silvia Cervantes,2026-07-01,2026-07-31,2026-07-22,uber,745.81,Consumo,Transporte,Esencial,transferencia bancaria,,uber
95,Silvia Cervantes,2026-07-01,2026-07-31,2026-07-24,gasolina,62.11,Consumo,Transporte,Esencial,transferencia bancaria,,gasolina
95,Silvia Cervantes,2026-07-01,2026-07-31,2026-07-26,recibo de luz,1240.53,Consumo,Vivienda,Esencial,tarjeta de débito,,recibo de luz
95,Silvia Cervantes,2026-07-01,2026-07-31,2026-07-27,cuenta de ahorro,1120.8,Ahorro e inversión,,,transferencia bancaria,,cuenta de ahorro
95,Silvia Cervantes,2026-07-01,2026-07-31,2026-07-28,pasajes de la semana,38.78,Consumo,Transporte,Esencial,efectivo,,pasajes de la semana
95,Silvia Cervantes,2026-07-01,2026-07-31,2026-07-30,transporte al trabajo,52.43,Consumo,Transporte,Esencial,efectivo,,transporte al trabajo
95,Silvia Cervantes,2026-07-01,2026-07-31,2026-07-30,pago de trabajo,9775.26,Ingreso,,,transferencia bancaria,,pago de trabajo
95,Silvia Cervantes,2026-07-01,2026-07-31,2026-07-30,pago automotriz,326.06,Pago de deuda,,,transferencia bancaria,,pago automotriz
95,Silvia Cervantes,2026-07-01,2026-07-31,2026-07-31,zapatos,355.78,Consumo,Compras personales,Discrecional,transferencia bancaria,,zapatos
96,Paula López,2026-07-01,2026-07-31,2026-07-01,comida para la casa,126.69,Consumo,Alimentación,Esencial,tarjeta de débito,,comida para la casa
96,Paula López,2026-07-01,2026-07-31,2026-07-01,certificación,290.88,Consumo,Educación,Esencial,tarjeta de crédito,62.2,certificación
96,Paula López,2026-07-01,2026-07-31,2026-07-02,regalo para alguien,220.66,Consumo,Otros,,tarjeta de débito,,regalo para alguien
96,Paula López,2026-07-01,2026-07-31,2026-07-04,taxi del aeropuerto,179.63,Consumo,Viajes y vacaciones,Discrecional,tarjeta de débito,,taxi del aeropuerto
96,Paula López,2026-07-01,2026-07-31,2026-07-04,metrobús,283.27,Consumo,Transporte,Esencial,tarjeta de crédito,39.6,metrobús
96,Paula López,2026-07-01,2026-07-31,2026-07-04,cine,461.74,Consumo,Entretenimiento y ocio,Discrecional,transferencia bancaria,,cine
96,Paula López,2026-07-01,2026-07-31,2026-07-04,salida con amigos,558.12,Consumo,Entretenimiento y ocio,Discrecional,efectivo,,salida con amigos
96,Paula López,2026-07-01,2026-07-31,2026-07-05,carne,1362.43,Consumo,Alimentación,Esencial,tarjeta de crédito,70.7,carne
96,Paula López,2026-07-01,2026-07-31,2026-07-05,comida para la casa,280.62,Consumo,Alimentación,Esencial,efectivo,,comida para la casa
96,Paula López,2026-07-01,2026-07-31,2026-07-07,cosas del súper,578.06,Consumo,Alimentación,Esencial,tarjeta de crédito,50.5,cosas del súper
96,Paula López,2026-07-01,2026-07-31,2026-07-07,arreglo de fuga de agua,453.89,Consumo,Vivienda,Esencial,transferencia bancaria,,arreglo de fuga de agua
96,Paula López,2026-07-01,2026-07-31,2026-07-08,comida para la casa,69.98,Consumo,Alimentación,Esencial,transferencia bancaria,,comida para la casa
96,Paula López,2026-07-01,2026-07-31,2026-07-08,Bodega Aurrera,218.4,Consumo,Alimentación,Esencial,transferencia bancaria,,bodega aurrera
96,Paula López,2026-07-01,2026-07-31,2026-07-08,excursión,198.45,Consumo,Viajes y vacaciones,Discrecional,tarjeta de crédito,65.9,excursión
96,Paula López,2026-07-01,2026-07-31,2026-07-09,pago tarjeta BBVA,1008.81,Pago de deuda,,,transferencia bancaria,,pago tarjeta bbva
96,Paula López,2026-07-01,2026-07-31,2026-07-10,documentos,432.81,Consumo,Otros,,tarjeta de crédito,56.6,documentos
96,Paula López,2026-07-01,2026-07-31,2026-07-10,mandado,241.81,Consumo,Alimentación,Esencial,tarjeta de débito,,mandado
96,Paula López,2026-07-01,2026-07-31,2026-07-11,metro,961.42,Consumo,Transporte,Esencial,tarjeta de débito,,metro
96,Paula López,2026-07-01,2026-07-31,2026-07-12,CETES Directo,3063.88,Ahorro e inversión,,,transferencia bancaria,,cetes directo
96,Paula López,2026-07-01,2026-07-31,2026-07-12,Soriana,542.2,Consumo,Alimentación,Esencial,efectivo,,soriana
96,Paula López,2026-07-01,2026-07-31,2026-07-12,Soriana,220.64,Consumo,Alimentación,Esencial,transferencia bancaria,,soriana
96,Paula López,2026-07-01,2026-07-31,2026-07-12,recibo de agua,157.58,Consumo,Vivienda,Esencial,efectivo,,recibo de agua
96,Paula López,2026-07-01,2026-07-31,2026-07-13,inversión GBM,373.02,Ahorro e inversión,,,transferencia bancaria,,inversión gbm
96,Paula López,2026-07-01,2026-07-31,2026-07-13,pollo,1387.15,Consumo,Alimentación,Esencial,tarjeta de débito,,pollo
96,Paula López,2026-07-01,2026-07-31,2026-07-13,mensualidad del depa,471.92,Consumo,Vivienda,Esencial,tarjeta de crédito,58.9,mensualidad del depa
96,Paula López,2026-07-01,2026-07-31,2026-07-14,pollo,1711.36,Consumo,Alimentación,Esencial,transferencia bancaria,,pollo
96,Paula López,2026-07-01,2026-07-31,2026-07-14,Google One,374.07,Consumo,Suscripciones digitales,Discrecional,tarjeta de débito,,google one
96,Paula López,2026-07-01,2026-07-31,2026-07-15,fondo de inversión,2552.3,Ahorro e inversión,,,transferencia bancaria,,fondo de inversión
96,Paula López,2026-07-01,2026-07-31,2026-07-15,salario,12949.92,Ingreso,,,transferencia bancaria,,salario
96,Paula López,2026-07-01,2026-07-31,2026-07-16,servicio del coche,358.49,Consumo,Transporte,Esencial,tarjeta de crédito,39.7,servicio del coche
96,Paula López,2026-07-01,2026-07-31,2026-07-17,pan y tortillas,315.3,Consumo,Alimentación,Esencial,tarjeta de débito,,pan y tortillas
96,Paula López,2026-07-01,2026-07-31,2026-07-19,cartera,375.05,Consumo,Compras personales,Discrecional,transferencia bancaria,,cartera
96,Paula López,2026-07-01,2026-07-31,2026-07-19,electricista,199.03,Consumo,Vivienda,Esencial,efectivo,,electricista
96,Paula López,2026-07-01,2026-07-31,2026-07-20,clases,456.66,Consumo,Educación,Esencial,tarjeta de débito,,clases
96,Paula López,2026-07-01,2026-07-31,2026-07-21,llené el tanque,547.69,Consumo,Transporte,Esencial,tarjeta de débito,,llené el tanque
96,Paula López,2026-07-01,2026-07-31,2026-07-21,muebles para la casa,231.35,Consumo,Vivienda,Esencial,tarjeta de crédito,36.6,muebles para la casa
96,Paula López,2026-07-01,2026-07-31,2026-07-22,wifi,269.33,Consumo,Vivienda,Esencial,transferencia bancaria,,wifi
96,Paula López,2026-07-01,2026-07-31,2026-07-23,ingredientes para cocinar,222.38,Consumo,Alimentación,Esencial,tarjeta de crédito,56.0,ingredientes para cocinar
96,Paula López,2026-07-01,2026-07-31,2026-07-23,reparación del coche,1037.34,Consumo,Transporte,Esencial,tarjeta de débito,,reparación del coche
96,Paula López,2026-07-01,2026-07-31,2026-07-24,mercado,556.21,Consumo,Alimentación,Esencial,tarjeta de débito,,mercado
96,Paula López,2026-07-01,2026-07-31,2026-07-25,cosméticos,176.68,Consumo,Compras personales,Discrecional,tarjeta de débito,,cosméticos
96,Paula López,2026-07-01,2026-07-31,2026-07-25,recibo de agua,720.72,Consumo,Vivienda,Esencial,transferencia bancaria,,recibo de agua
96,Paula López,2026-07-01,2026-07-31,2026-07-25,pintura de la casa,190.97,Consumo,Vivienda,Esencial,tarjeta de crédito,46.5,pintura de la casa
96,Paula López,2026-07-01,2026-07-31,2026-07-26,compras de comida,45.48,Consumo,Alimentación,Esencial,tarjeta de crédito,57.1,compras de comida
96,Paula López,2026-07-01,2026-07-31,2026-07-28,cuota anual,189.12,Consumo,Otros,,tarjeta de crédito,43.7,cuota anual
96,Paula López,2026-07-01,2026-07-31,2026-07-28,regalo,407.78,Consumo,Compras personales,Discrecional,tarjeta de crédito,40.1,regalo
96,Paula López,2026-07-01,2026-07-31,2026-07-29,electrónicos,84.21,Consumo,Compras personales,Discrecional,transferencia bancaria,,electrónicos
96,Paula López,2026-07-01,2026-07-31,2026-07-30,pago de trabajo,12949.92,Ingreso,,,transferencia bancaria,,pago de trabajo
96,Paula López,2026-07-01,2026-07-31,2026-07-31,Mercado Libre,980.0,Consumo,Compras personales,Discrecional,tarjeta de crédito,47.1,mercado libre
96,Paula López,2026-07-01,2026-07-31,2026-07-31,tenis,68.35,Consumo,Compras personales,Discrecional,tarjeta de crédito,42.7,tenis
97,Fernanda Mejía,2026-07-01,2026-07-31,2026-07-01,cargo bancario,114.37,Consumo,Otros,,efectivo,,cargo bancario
97,Fernanda Mejía,2026-07-01,2026-07-31,2026-07-02,clases de inglés,237.57,Consumo,Educación,Esencial,tarjeta de crédito,48.1,clases de inglés
97,Fernanda Mejía,2026-07-01,2026-07-31,2026-07-03,transferencia a ahorro,4092.33,Ahorro e inversión,,,transferencia bancaria,,transferencia a ahorro
97,Fernanda Mejía,2026-07-01,2026-07-31,2026-07-03,Mercado Libre,260.05,Consumo,Compras personales,Discrecional,tarjeta de débito,,mercado libre
97,Fernanda Mejía,2026-07-01,2026-07-31,2026-07-03,súper,1184.0,Consumo,Alimentación,Esencial,tarjeta de débito,,súper
97,Fernanda Mejía,2026-07-01,2026-07-31,2026-07-03,veterinario,170.47,Consumo,Otros,,transferencia bancaria,,veterinario
97,Fernanda Mejía,2026-07-01,2026-07-31,2026-07-04,comida para la casa,184.69,Consumo,Alimentación,Esencial,tarjeta de crédito,53.3,comida para la casa
97,Fernanda Mejía,2026-07-01,2026-07-31,2026-07-04,pasajes de la semana,101.29,Consumo,Transporte,Esencial,efectivo,,pasajes de la semana
97,Fernanda Mejía,2026-07-01,2026-07-31,2026-07-06,Soriana,984.97,Consumo,Alimentación,Esencial,tarjeta de débito,,soriana
97,Fernanda Mejía,2026-07-01,2026-07-31,2026-07-08,clases particulares,272.64,Consumo,Educación,Esencial,tarjeta de débito,,clases particulares
97,Fernanda Mejía,2026-07-01,2026-07-31,2026-07-08,Adobe,247.41,Consumo,Suscripciones digitales,Discrecional,tarjeta de crédito,68.8,adobe
97,Fernanda Mejía,2026-07-01,2026-07-31,2026-07-08,camión,412.28,Consumo,Transporte,Esencial,transferencia bancaria,,camión
97,Fernanda Mejía,2026-07-01,2026-07-31,2026-07-09,despensa,233.08,Consumo,Alimentación,Esencial,transferencia bancaria,,despensa
97,Fernanda Mejía,2026-07-01,2026-07-31,2026-07-09,Soriana,147.02,Consumo,Alimentación,Esencial,tarjeta de crédito,46.2,soriana
97,Fernanda Mejía,2026-07-01,2026-07-31,2026-07-09,frutas y verduras,108.45,Consumo,Alimentación,Esencial,efectivo,,frutas y verduras
97,Fernanda Mejía,2026-07-01,2026-07-31,2026-07-09,leche y huevos,87.35,Consumo,Alimentación,Esencial,tarjeta de débito,,leche y huevos
97,Fernanda Mejía,2026-07-01,2026-07-31,2026-07-09,didi,614.62,Consumo,Transporte,Esencial,efectivo,,didi
97,Fernanda Mejía,2026-07-01,2026-07-31,2026-07-10,internet de la casa,305.89,Consumo,Vivienda,Esencial,tarjeta de crédito,53.8,internet de la casa
97,Fernanda Mejía,2026-07-01,2026-07-31,2026-07-11,abarrotes,155.53,Consumo,Alimentación,Esencial,transferencia bancaria,,abarrotes
97,Fernanda Mejía,2026-07-01,2026-07-31,2026-07-11,uber,177.64,Consumo,Transporte,Esencial,efectivo,,uber
97,Fernanda Mejía,2026-07-01,2026-07-31,2026-07-15,nómina,10217.91,Ingreso,,,transferencia bancaria,,nómina
97,Fernanda Mejía,2026-07-01,2026-07-31,2026-07-18,reparación de la casa,99.02,Consumo,Vivienda,Esencial,transferencia bancaria,,reparación de la casa
97,Fernanda Mejía,2026-07-01,2026-07-31,2026-07-18,frutas y verduras,357.71,Consumo,Alimentación,Esencial,tarjeta de débito,,frutas y verduras
97,Fernanda Mejía,2026-07-01,2026-07-31,2026-07-18,gasto imprevisto,310.32,Consumo,Otros,,transferencia bancaria,,gasto imprevisto
97,Fernanda Mejía,2026-07-01,2026-07-31,2026-07-19,recibo de agua,221.66,Consumo,Vivienda,Esencial,transferencia bancaria,,recibo de agua
97,Fernanda Mejía,2026-07-01,2026-07-31,2026-07-19,Walmart,608.35,Consumo,Alimentación,Esencial,tarjeta de débito,,walmart
97,Fernanda Mejía,2026-07-01,2026-07-31,2026-07-20,cambio de aceite,386.57,Consumo,Transporte,Esencial,tarjeta de crédito,69.4,cambio de aceite
97,Fernanda Mejía,2026-07-01,2026-07-31,2026-07-21,concierto,757.14,Consumo,Entretenimiento y ocio,Discrecional,transferencia bancaria,,concierto
97,Fernanda Mejía,2026-07-01,2026-07-31,2026-07-22,verificación,154.44,Consumo,Transporte,Esencial,tarjeta de crédito,43.1,verificación
97,Fernanda Mejía,2026-07-01,2026-07-31,2026-07-23,vestido,141.91,Consumo,Compras personales,Discrecional,efectivo,,vestido
97,Fernanda Mejía,2026-07-01,2026-07-31,2026-07-23,bolsa,155.06,Consumo,Compras personales,Discrecional,transferencia bancaria,,bolsa
97,Fernanda Mejía,2026-07-01,2026-07-31,2026-07-23,lonche,463.0,Consumo,Alimentación,Esencial,tarjeta de débito,,lonche
97,Fernanda Mejía,2026-07-01,2026-07-31,2026-07-23,Prime Video,37.43,Consumo,Suscripciones digitales,Discrecional,tarjeta de crédito,50.1,prime video
97,Fernanda Mejía,2026-07-01,2026-07-31,2026-07-23,pasaje,428.49,Consumo,Transporte,Esencial,efectivo,,pasaje
97,Fernanda Mejía,2026-07-01,2026-07-31,2026-07-24,pintura de la casa,747.51,Consumo,Vivienda,Esencial,transferencia bancaria,,pintura de la casa
97,Fernanda Mejía,2026-07-01,2026-07-31,2026-07-24,despensa de la semana,214.66,Consumo,Alimentación,Esencial,tarjeta de crédito,43.9,despensa de la semana
97,Fernanda Mejía,2026-07-01,2026-07-31,2026-07-25,pago tarjeta BBVA,2004.27,Pago de deuda,,,transferencia bancaria,,pago tarjeta bbva
97,Fernanda Mejía,2026-07-01,2026-07-31,2026-07-26,compras de comida,358.26,Consumo,Alimentación,Esencial,tarjeta de crédito,65.6,compras de comida
97,Fernanda Mejía,2026-07-01,2026-07-31,2026-07-28,Mercado Libre,880.2,Consumo,Compras personales,Discrecional,tarjeta de crédito,51.9,mercado libre
97,Fernanda Mejía,2026-07-01,2026-07-31,2026-07-28,didi,91.02,Consumo,Transporte,Esencial,transferencia bancaria,,didi
97,Fernanda Mejía,2026-07-01,2026-07-31,2026-07-29,Bodega Aurrera,470.48,Consumo,Alimentación,Esencial,tarjeta de débito,,bodega aurrera
97,Fernanda Mejía,2026-07-01,2026-07-31,2026-07-30,Walmart,156.92,Consumo,Alimentación,Esencial,transferencia bancaria,,walmart
97,Fernanda Mejía,2026-07-01,2026-07-31,2026-07-30,pasaje,162.61,Consumo,Transporte,Esencial,transferencia bancaria,,pasaje
97,Fernanda Mejía,2026-07-01,2026-07-31,2026-07-30,quincena,10217.91,Ingreso,,,transferencia bancaria,,quincena
97,Fernanda Mejía,2026-07-01,2026-07-31,2026-07-31,mensualidad del depa,457.69,Consumo,Vivienda,Esencial,efectivo,,mensualidad del depa
98,Alejandra Ibarra,2026-07-01,2026-07-31,2026-07-03,Airbnb,252.75,Consumo,Viajes y vacaciones,Discrecional,tarjeta de débito,,airbnb
98,Alejandra Ibarra,2026-07-01,2026-07-31,2026-07-05,servicio del coche,1047.06,Consumo,Transporte,Esencial,tarjeta de débito,,servicio del coche
98,Alejandra Ibarra,2026-07-01,2026-07-31,2026-07-05,reloj,168.68,Consumo,Compras personales,Discrecional,tarjeta de débito,,reloj
98,Alejandra Ibarra,2026-07-01,2026-07-31,2026-07-06,consulta,63.46,Consumo,Salud,Esencial,tarjeta de débito,,consulta
98,Alejandra Ibarra,2026-07-01,2026-07-31,2026-07-08,reparación del coche,68.07,Consumo,Transporte,Esencial,tarjeta de débito,,reparación del coche
98,Alejandra Ibarra,2026-07-01,2026-07-31,2026-07-08,servicio del coche,111.99,Consumo,Transporte,Esencial,tarjeta de débito,,servicio del coche
98,Alejandra Ibarra,2026-07-01,2026-07-31,2026-07-08,gasolina,265.18,Consumo,Transporte,Esencial,tarjeta de débito,,gasolina
98,Alejandra Ibarra,2026-07-01,2026-07-31,2026-07-09,reloj,1549.44,Consumo,Compras personales,Discrecional,tarjeta de débito,,reloj
98,Alejandra Ibarra,2026-07-01,2026-07-31,2026-07-10,apartado de ahorro,327.54,Ahorro e inversión,,,transferencia bancaria,,apartado de ahorro
98,Alejandra Ibarra,2026-07-01,2026-07-31,2026-07-10,hospedaje,171.76,Consumo,Viajes y vacaciones,Discrecional,tarjeta de débito,,hospedaje
98,Alejandra Ibarra,2026-07-01,2026-07-31,2026-07-15,pago de trabajo,14694.73,Ingreso,,,transferencia bancaria,,pago de trabajo
98,Alejandra Ibarra,2026-07-01,2026-07-31,2026-07-16,reloj,372.89,Consumo,Compras personales,Discrecional,tarjeta de débito,,reloj
98,Alejandra Ibarra,2026-07-01,2026-07-31,2026-07-19,servicio del coche,1037.8,Consumo,Transporte,Esencial,tarjeta de débito,,servicio del coche
98,Alejandra Ibarra,2026-07-01,2026-07-31,2026-07-19,llené el tanque,249.95,Consumo,Transporte,Esencial,tarjeta de débito,,llené el tanque
98,Alejandra Ibarra,2026-07-01,2026-07-31,2026-07-19,pollo,1444.03,Consumo,Alimentación,Esencial,tarjeta de débito,,pollo
98,Alejandra Ibarra,2026-07-01,2026-07-31,2026-07-19,pago automotriz,700.27,Pago de deuda,,,transferencia bancaria,,pago automotriz
98,Alejandra Ibarra,2026-07-01,2026-07-31,2026-07-20,cuota de condominio,303.33,Consumo,Vivienda,Esencial,tarjeta de débito,,cuota de condominio
98,Alejandra Ibarra,2026-07-01,2026-07-31,2026-07-21,pago tarjeta BBVA,1693.27,Pago de deuda,,,transferencia bancaria,,pago tarjeta bbva
98,Alejandra Ibarra,2026-07-01,2026-07-31,2026-07-22,perfume,93.08,Consumo,Compras personales,Discrecional,tarjeta de débito,,perfume
98,Alejandra Ibarra,2026-07-01,2026-07-31,2026-07-22,Costco,585.64,Consumo,Alimentación,Esencial,tarjeta de débito,,costco
98,Alejandra Ibarra,2026-07-01,2026-07-31,2026-07-22,abarrotes,2176.06,Consumo,Alimentación,Esencial,tarjeta de débito,,abarrotes
98,Alejandra Ibarra,2026-07-01,2026-07-31,2026-07-22,gasto imprevisto,626.81,Consumo,Otros,,tarjeta de débito,,gasto imprevisto
98,Alejandra Ibarra,2026-07-01,2026-07-31,2026-07-23,hipoteca,572.37,Consumo,Vivienda,Esencial,tarjeta de débito,,hipoteca
98,Alejandra Ibarra,2026-07-01,2026-07-31,2026-07-23,gasolina,450.48,Consumo,Transporte,Esencial,tarjeta de débito,,gasolina
98,Alejandra Ibarra,2026-07-01,2026-07-31,2026-07-25,transferencia a ahorro,1229.47,Ahorro e inversión,,,transferencia bancaria,,transferencia a ahorro
98,Alejandra Ibarra,2026-07-01,2026-07-31,2026-07-26,mensualidad del depa,1010.19,Consumo,Vivienda,Esencial,tarjeta de débito,,mensualidad del depa
98,Alejandra Ibarra,2026-07-01,2026-07-31,2026-07-26,metro,176.28,Consumo,Transporte,Esencial,tarjeta de débito,,metro
98,Alejandra Ibarra,2026-07-01,2026-07-31,2026-07-27,arreglo de fuga de agua,1146.21,Consumo,Vivienda,Esencial,tarjeta de débito,,arreglo de fuga de agua
98,Alejandra Ibarra,2026-07-01,2026-07-31,2026-07-27,ingredientes para cocinar,2630.88,Consumo,Alimentación,Esencial,tarjeta de débito,,ingredientes para cocinar
98,Alejandra Ibarra,2026-07-01,2026-07-31,2026-07-27,regalo para alguien,160.03,Consumo,Otros,,tarjeta de débito,,regalo para alguien
98,Alejandra Ibarra,2026-07-01,2026-07-31,2026-07-28,rayos x,573.97,Consumo,Salud,Esencial,tarjeta de débito,,rayos x
98,Alejandra Ibarra,2026-07-01,2026-07-31,2026-07-30,metro,396.62,Consumo,Transporte,Esencial,tarjeta de débito,,metro
98,Alejandra Ibarra,2026-07-01,2026-07-31,2026-07-30,mensualidad de la escuela,752.21,Consumo,Educación,Esencial,tarjeta de débito,,mensualidad de la escuela
98,Alejandra Ibarra,2026-07-01,2026-07-31,2026-07-30,salario,14694.73,Ingreso,,,transferencia bancaria,,salario
98,Alejandra Ibarra,2026-07-01,2026-07-31,2026-07-31,ingredientes para cocinar,1151.37,Consumo,Alimentación,Esencial,tarjeta de débito,,ingredientes para cocinar
99,Emilio Ortega,2026-07-01,2026-07-31,2026-07-01,transporte al trabajo,999.81,Consumo,Transporte,Esencial,tarjeta de crédito,70.1,transporte al trabajo
99,Emilio Ortega,2026-07-01,2026-07-31,2026-07-01,carga de gasolina,819.15,Consumo,Transporte,Esencial,tarjeta de débito,,carga de gasolina
99,Emilio Ortega,2026-07-01,2026-07-31,2026-07-01,frutas y verduras,75.83,Consumo,Alimentación,Esencial,tarjeta de crédito,38.7,frutas y verduras
99,Emilio Ortega,2026-07-01,2026-07-31,2026-07-03,despensa de la semana,651.68,Consumo,Alimentación,Esencial,transferencia bancaria,,despensa de la semana
99,Emilio Ortega,2026-07-01,2026-07-31,2026-07-04,transferencia a ahorro,1917.79,Ahorro e inversión,,,transferencia bancaria,,transferencia a ahorro
99,Emilio Ortega,2026-07-01,2026-07-31,2026-07-05,compras de comida,106.13,Consumo,Alimentación,Esencial,efectivo,,compras de comida
99,Emilio Ortega,2026-07-01,2026-07-31,2026-07-05,ingredientes para cocinar,1673.08,Consumo,Alimentación,Esencial,efectivo,,ingredientes para cocinar
99,Emilio Ortega,2026-07-01,2026-07-31,2026-07-06,Costco,387.74,Consumo,Alimentación,Esencial,tarjeta de crédito,42.6,costco
99,Emilio Ortega,2026-07-01,2026-07-31,2026-07-07,llantas,527.49,Consumo,Transporte,Esencial,tarjeta de débito,,llantas
99,Emilio Ortega,2026-07-01,2026-07-31,2026-07-07,Bodega Aurrera,218.1,Consumo,Alimentación,Esencial,transferencia bancaria,,bodega aurrera
99,Emilio Ortega,2026-07-01,2026-07-31,2026-07-07,Bodega Aurrera,62.2,Consumo,Alimentación,Esencial,tarjeta de débito,,bodega aurrera
99,Emilio Ortega,2026-07-01,2026-07-31,2026-07-09,mensualidad del coche,657.47,Pago de deuda,,,transferencia bancaria,,mensualidad del coche
99,Emilio Ortega,2026-07-01,2026-07-31,2026-07-11,uber,1386.66,Consumo,Transporte,Esencial,tarjeta de débito,,uber
99,Emilio Ortega,2026-07-01,2026-07-31,2026-07-12,gasolina,254.74,Consumo,Transporte,Esencial,transferencia bancaria,,gasolina
99,Emilio Ortega,2026-07-01,2026-07-31,2026-07-14,frutas y verduras,216.21,Consumo,Alimentación,Esencial,tarjeta de crédito,70.0,frutas y verduras
99,Emilio Ortega,2026-07-01,2026-07-31,2026-07-15,salario,17959.33,Ingreso,,,transferencia bancaria,,salario
99,Emilio Ortega,2026-07-01,2026-07-31,2026-07-16,pagaré bancario,2998.13,Ahorro e inversión,,,transferencia bancaria,,pagaré bancario
99,Emilio Ortega,2026-07-01,2026-07-31,2026-07-16,arreglo de fuga de agua,648.18,Consumo,Vivienda,Esencial,tarjeta de débito,,arreglo de fuga de agua
99,Emilio Ortega,2026-07-01,2026-07-31,2026-07-17,Costco,381.51,Consumo,Alimentación,Esencial,tarjeta de débito,,costco
99,Emilio Ortega,2026-07-01,2026-07-31,2026-07-17,lonche,1050.28,Consumo,Alimentación,Esencial,efectivo,,lonche
99,Emilio Ortega,2026-07-01,2026-07-31,2026-07-18,leche y huevos,189.52,Consumo,Alimentación,Esencial,tarjeta de débito,,leche y huevos
99,Emilio Ortega,2026-07-01,2026-07-31,2026-07-18,cosas del súper,881.83,Consumo,Alimentación,Esencial,tarjeta de débito,,cosas del súper
99,Emilio Ortega,2026-07-01,2026-07-31,2026-07-18,recibo de luz,357.65,Consumo,Vivienda,Esencial,tarjeta de crédito,56.2,recibo de luz
99,Emilio Ortega,2026-07-01,2026-07-31,2026-07-18,pintura de la casa,1148.73,Consumo,Vivienda,Esencial,tarjeta de débito,,pintura de la casa
99,Emilio Ortega,2026-07-01,2026-07-31,2026-07-19,Soriana,554.66,Consumo,Alimentación,Esencial,efectivo,,soriana
99,Emilio Ortega,2026-07-01,2026-07-31,2026-07-19,ropa,1068.7,Consumo,Compras personales,Discrecional,tarjeta de crédito,48.4,ropa
99,Emilio Ortega,2026-07-01,2026-07-31,2026-07-20,compras de comida,360.38,Consumo,Alimentación,Esencial,tarjeta de crédito,56.1,compras de comida
99,Emilio Ortega,2026-07-01,2026-07-31,2026-07-21,pescado,171.74,Consumo,Alimentación,Esencial,transferencia bancaria,,pescado
99,Emilio Ortega,2026-07-01,2026-07-31,2026-07-21,multa,929.3,Consumo,Otros,,efectivo,,multa
99,Emilio Ortega,2026-07-01,2026-07-31,2026-07-23,pago de crédito,1144.89,Pago de deuda,,,transferencia bancaria,,pago de crédito
99,Emilio Ortega,2026-07-01,2026-07-31,2026-07-24,leche y huevos,748.26,Consumo,Alimentación,Esencial,transferencia bancaria,,leche y huevos
99,Emilio Ortega,2026-07-01,2026-07-31,2026-07-24,gas de la casa,59.41,Consumo,Vivienda,Esencial,tarjeta de crédito,53.9,gas de la casa
99,Emilio Ortega,2026-07-01,2026-07-31,2026-07-24,psicólogo,619.69,Consumo,Salud,Esencial,transferencia bancaria,,psicólogo
99,Emilio Ortega,2026-07-01,2026-07-31,2026-07-25,lonche,425.94,Consumo,Alimentación,Esencial,tarjeta de débito,,lonche
99,Emilio Ortega,2026-07-01,2026-07-31,2026-07-26,camión,190.78,Consumo,Transporte,Esencial,efectivo,,camión
99,Emilio Ortega,2026-07-01,2026-07-31,2026-07-26,recibo de agua,321.62,Consumo,Vivienda,Esencial,transferencia bancaria,,recibo de agua
99,Emilio Ortega,2026-07-01,2026-07-31,2026-07-27,pago automotriz,1013.0,Pago de deuda,,,transferencia bancaria,,pago automotriz
99,Emilio Ortega,2026-07-01,2026-07-31,2026-07-28,electricista,192.0,Consumo,Vivienda,Esencial,tarjeta de débito,,electricista
99,Emilio Ortega,2026-07-01,2026-07-31,2026-07-30,abarrotes,160.5,Consumo,Alimentación,Esencial,tarjeta de débito,,abarrotes
99,Emilio Ortega,2026-07-01,2026-07-31,2026-07-30,sueldo,17959.33,Ingreso,,,transferencia bancaria,,sueldo
99,Emilio Ortega,2026-07-01,2026-07-31,2026-07-31,despensa de la semana,238.1,Consumo,Alimentación,Esencial,efectivo,,despensa de la semana
100,Irene Mejía,2026-07-01,2026-07-31,2026-07-04,chamarra,1385.08,Consumo,Compras personales,Discrecional,transferencia bancaria,,chamarra
100,Irene Mejía,2026-07-01,2026-07-31,2026-07-06,despensa de la semana,1382.74,Consumo,Alimentación,Esencial,tarjeta de débito,,despensa de la semana
100,Irene Mejía,2026-07-01,2026-07-31,2026-07-07,compras de comida,1010.64,Consumo,Alimentación,Esencial,transferencia bancaria,,compras de comida
100,Irene Mejía,2026-07-01,2026-07-31,2026-07-07,estacionamiento,901.87,Consumo,Transporte,Esencial,tarjeta de débito,,estacionamiento
100,Irene Mejía,2026-07-01,2026-07-31,2026-07-08,Walmart,789.38,Consumo,Alimentación,Esencial,tarjeta de débito,,walmart
100,Irene Mejía,2026-07-01,2026-07-31,2026-07-09,Chedraui,81.06,Consumo,Alimentación,Esencial,tarjeta de débito,,chedraui
100,Irene Mejía,2026-07-01,2026-07-31,2026-07-09,metro,657.96,Consumo,Transporte,Esencial,transferencia bancaria,,metro
100,Irene Mejía,2026-07-01,2026-07-31,2026-07-12,chamarra,1859.66,Consumo,Compras personales,Discrecional,tarjeta de crédito,53.6,chamarra
100,Irene Mejía,2026-07-01,2026-07-31,2026-07-12,iCloud,730.98,Consumo,Suscripciones digitales,Discrecional,transferencia bancaria,,icloud
100,Irene Mejía,2026-07-01,2026-07-31,2026-07-12,pago de tarjeta,5687.87,Pago de deuda,,,transferencia bancaria,,pago de tarjeta
100,Irene Mejía,2026-07-01,2026-07-31,2026-07-13,reparación del coche,301.73,Consumo,Transporte,Esencial,tarjeta de débito,,reparación del coche
100,Irene Mejía,2026-07-01,2026-07-31,2026-07-13,fiesta,3207.44,Consumo,Entretenimiento y ocio,Discrecional,tarjeta de débito,,fiesta
100,Irene Mejía,2026-07-01,2026-07-31,2026-07-14,cambio de aceite,967.66,Consumo,Transporte,Esencial,transferencia bancaria,,cambio de aceite
100,Irene Mejía,2026-07-01,2026-07-31,2026-07-15,pan y tortillas,1793.11,Consumo,Alimentación,Esencial,tarjeta de crédito,44.3,pan y tortillas
100,Irene Mejía,2026-07-01,2026-07-31,2026-07-15,metrobús,1096.64,Consumo,Transporte,Esencial,transferencia bancaria,,metrobús
100,Irene Mejía,2026-07-01,2026-07-31,2026-07-15,sueldo,32398.62,Ingreso,,,transferencia bancaria,,sueldo
100,Irene Mejía,2026-07-01,2026-07-31,2026-07-18,servicio del coche,543.87,Consumo,Transporte,Esencial,tarjeta de débito,,servicio del coche
100,Irene Mejía,2026-07-01,2026-07-31,2026-07-20,agua y refrescos,166.83,Consumo,Alimentación,Esencial,tarjeta de crédito,40.0,agua y refrescos
100,Irene Mejía,2026-07-01,2026-07-31,2026-07-20,pescado,2422.84,Consumo,Alimentación,Esencial,transferencia bancaria,,pescado
100,Irene Mejía,2026-07-01,2026-07-31,2026-07-20,audífonos,332.04,Consumo,Compras personales,Discrecional,tarjeta de crédito,39.6,audífonos
100,Irene Mejía,2026-07-01,2026-07-31,2026-07-23,lonche,1241.7,Consumo,Alimentación,Esencial,tarjeta de débito,,lonche
100,Irene Mejía,2026-07-01,2026-07-31,2026-07-23,mandado,1200.13,Consumo,Alimentación,Esencial,tarjeta de crédito,49.0,mandado
100,Irene Mejía,2026-07-01,2026-07-31,2026-07-23,pasajes de la semana,1974.26,Consumo,Transporte,Esencial,efectivo,,pasajes de la semana
100,Irene Mejía,2026-07-01,2026-07-31,2026-07-26,lonche,730.53,Consumo,Alimentación,Esencial,transferencia bancaria,,lonche
100,Irene Mejía,2026-07-01,2026-07-31,2026-07-26,agua,544.18,Consumo,Vivienda,Esencial,tarjeta de crédito,55.6,agua
100,Irene Mejía,2026-07-01,2026-07-31,2026-07-27,despensa,526.42,Consumo,Alimentación,Esencial,tarjeta de crédito,65.3,despensa
100,Irene Mejía,2026-07-01,2026-07-31,2026-07-28,muebles para la casa,4376.86,Consumo,Vivienda,Esencial,efectivo,,muebles para la casa
100,Irene Mejía,2026-07-01,2026-07-31,2026-07-29,pan y tortillas,2356.05,Consumo,Alimentación,Esencial,transferencia bancaria,,pan y tortillas
100,Irene Mejía,2026-07-01,2026-07-31,2026-07-30,inversión GBM,5254.28,Ahorro e inversión,,,transferencia bancaria,,inversión gbm
100,Irene Mejía,2026-07-01,2026-07-31,2026-07-30,quincena,32398.62,Ingreso,,,transferencia bancaria,,quincena
101,Emilio Ramírez,2026-07-01,2026-07-31,2026-07-03,reparación del coche,45.33,Consumo,Transporte,Esencial,transferencia bancaria,,reparación del coche
101,Emilio Ramírez,2026-07-01,2026-07-31,2026-07-03,tenis,77.39,Consumo,Compras personales,Discrecional,tarjeta de crédito,62.9,tenis
101,Emilio Ramírez,2026-07-01,2026-07-31,2026-07-04,mensualidad del depa,39.33,Consumo,Vivienda,Esencial,transferencia bancaria,,mensualidad del depa
101,Emilio Ramírez,2026-07-01,2026-07-31,2026-07-04,cosas del súper,224.99,Consumo,Alimentación,Esencial,efectivo,,cosas del súper
101,Emilio Ramírez,2026-07-01,2026-07-31,2026-07-04,pago de impuestos,89.49,Consumo,Otros,,tarjeta de débito,,pago de impuestos
101,Emilio Ramírez,2026-07-01,2026-07-31,2026-07-06,pagaré bancario,176.94,Ahorro e inversión,,,transferencia bancaria,,pagaré bancario
101,Emilio Ramírez,2026-07-01,2026-07-31,2026-07-06,seguro del coche,181.76,Consumo,Transporte,Esencial,transferencia bancaria,,seguro del coche
101,Emilio Ramírez,2026-07-01,2026-07-31,2026-07-07,Walmart,92.6,Consumo,Alimentación,Esencial,efectivo,,walmart
101,Emilio Ramírez,2026-07-01,2026-07-31,2026-07-08,tenis,217.87,Consumo,Compras personales,Discrecional,tarjeta de débito,,tenis
101,Emilio Ramírez,2026-07-01,2026-07-31,2026-07-08,útiles escolares,678.34,Consumo,Educación,Esencial,tarjeta de crédito,66.8,útiles escolares
101,Emilio Ramírez,2026-07-01,2026-07-31,2026-07-09,reparación del coche,42.58,Consumo,Transporte,Esencial,tarjeta de crédito,62.3,reparación del coche
101,Emilio Ramírez,2026-07-01,2026-07-31,2026-07-09,mensualidad del depa,84.05,Consumo,Vivienda,Esencial,tarjeta de débito,,mensualidad del depa
101,Emilio Ramírez,2026-07-01,2026-07-31,2026-07-10,seguro del coche,45.24,Consumo,Transporte,Esencial,transferencia bancaria,,seguro del coche
101,Emilio Ramírez,2026-07-01,2026-07-31,2026-07-11,pasajes de la semana,49.5,Consumo,Transporte,Esencial,efectivo,,pasajes de la semana
101,Emilio Ramírez,2026-07-01,2026-07-31,2026-07-12,agua y refrescos,57.6,Consumo,Alimentación,Esencial,tarjeta de débito,,agua y refrescos
101,Emilio Ramírez,2026-07-01,2026-07-31,2026-07-13,pago de impuestos,147.12,Consumo,Otros,,tarjeta de crédito,57.8,pago de impuestos
101,Emilio Ramírez,2026-07-01,2026-07-31,2026-07-14,cuota de condominio,75.32,Consumo,Vivienda,Esencial,tarjeta de débito,,cuota de condominio
101,Emilio Ramírez,2026-07-01,2026-07-31,2026-07-14,despensa de la semana,42.72,Consumo,Alimentación,Esencial,transferencia bancaria,,despensa de la semana
101,Emilio Ramírez,2026-07-01,2026-07-31,2026-07-15,lonche,54.61,Consumo,Alimentación,Esencial,tarjeta de débito,,lonche
101,Emilio Ramírez,2026-07-01,2026-07-31,2026-07-15,pago de trabajo,3320.84,Ingreso,,,transferencia bancaria,,pago de trabajo
101,Emilio Ramírez,2026-07-01,2026-07-31,2026-07-16,terapia,128.79,Consumo,Salud,Esencial,tarjeta de débito,,terapia
101,Emilio Ramírez,2026-07-01,2026-07-31,2026-07-17,wifi,90.32,Consumo,Vivienda,Esencial,tarjeta de débito,,wifi
101,Emilio Ramírez,2026-07-01,2026-07-31,2026-07-17,despensa,341.38,Consumo,Alimentación,Esencial,tarjeta de débito,,despensa
101,Emilio Ramírez,2026-07-01,2026-07-31,2026-07-17,pago TDC,100.0,Pago de deuda,,,transferencia bancaria,,pago tdc
101,Emilio Ramírez,2026-07-01,2026-07-31,2026-07-18,pollo,486.88,Consumo,Alimentación,Esencial,tarjeta de crédito,70.6,pollo
101,Emilio Ramírez,2026-07-01,2026-07-31,2026-07-18,despensa de la semana,180.06,Consumo,Alimentación,Esencial,efectivo,,despensa de la semana
101,Emilio Ramírez,2026-07-01,2026-07-31,2026-07-18,carne,184.96,Consumo,Alimentación,Esencial,transferencia bancaria,,carne
101,Emilio Ramírez,2026-07-01,2026-07-31,2026-07-19,llantas,163.57,Consumo,Transporte,Esencial,tarjeta de crédito,48.0,llantas
101,Emilio Ramírez,2026-07-01,2026-07-31,2026-07-19,despensa de la semana,80.6,Consumo,Alimentación,Esencial,transferencia bancaria,,despensa de la semana
101,Emilio Ramírez,2026-07-01,2026-07-31,2026-07-20,casetas,156.79,Consumo,Transporte,Esencial,efectivo,,casetas
101,Emilio Ramírez,2026-07-01,2026-07-31,2026-07-20,pago de hipoteca,100.0,Pago de deuda,,,transferencia bancaria,,pago de hipoteca
101,Emilio Ramírez,2026-07-01,2026-07-31,2026-07-22,gas de la casa,93.78,Consumo,Vivienda,Esencial,tarjeta de débito,,gas de la casa
101,Emilio Ramírez,2026-07-01,2026-07-31,2026-07-22,pollo,161.41,Consumo,Alimentación,Esencial,tarjeta de débito,,pollo
101,Emilio Ramírez,2026-07-01,2026-07-31,2026-07-25,vuelo,136.94,Consumo,Viajes y vacaciones,Discrecional,transferencia bancaria,,vuelo
101,Emilio Ramírez,2026-07-01,2026-07-31,2026-07-25,leche y huevos,296.08,Consumo,Alimentación,Esencial,efectivo,,leche y huevos
101,Emilio Ramírez,2026-07-01,2026-07-31,2026-07-25,pago préstamo personal,100.0,Pago de deuda,,,transferencia bancaria,,pago préstamo personal
101,Emilio Ramírez,2026-07-01,2026-07-31,2026-07-26,servicio del coche,60.03,Consumo,Transporte,Esencial,tarjeta de crédito,58.9,servicio del coche
101,Emilio Ramírez,2026-07-01,2026-07-31,2026-07-26,servicio del coche,124.59,Consumo,Transporte,Esencial,efectivo,,servicio del coche
101,Emilio Ramírez,2026-07-01,2026-07-31,2026-07-26,gas de la casa,215.26,Consumo,Vivienda,Esencial,efectivo,,gas de la casa
101,Emilio Ramírez,2026-07-01,2026-07-31,2026-07-27,Mercado Libre,89.22,Consumo,Compras personales,Discrecional,transferencia bancaria,,mercado libre
101,Emilio Ramírez,2026-07-01,2026-07-31,2026-07-28,cambio de aceite,92.07,Consumo,Transporte,Esencial,tarjeta de crédito,40.9,cambio de aceite
101,Emilio Ramírez,2026-07-01,2026-07-31,2026-07-28,electrónicos,269.67,Consumo,Compras personales,Discrecional,tarjeta de débito,,electrónicos
101,Emilio Ramírez,2026-07-01,2026-07-31,2026-07-29,hipoteca,110.84,Consumo,Vivienda,Esencial,efectivo,,hipoteca
101,Emilio Ramírez,2026-07-01,2026-07-31,2026-07-29,análisis clínicos,36.03,Consumo,Salud,Esencial,transferencia bancaria,,análisis clínicos
101,Emilio Ramírez,2026-07-01,2026-07-31,2026-07-30,quincena,3320.84,Ingreso,,,transferencia bancaria,,quincena
101,Emilio Ramírez,2026-07-01,2026-07-31,2026-07-31,ingredientes para cocinar,171.08,Consumo,Alimentación,Esencial,tarjeta de débito,,ingredientes para cocinar
102,Guadalupe Ramírez,2026-07-01,2026-07-31,2026-07-03,mensualidad de la escuela,467.9,Consumo,Educación,Esencial,efectivo,,mensualidad de la escuela
102,Guadalupe Ramírez,2026-07-01,2026-07-31,2026-07-04,comida para la casa,287.36,Consumo,Alimentación,Esencial,efectivo,,comida para la casa
102,Guadalupe Ramírez,2026-07-01,2026-07-31,2026-07-05,frutas y verduras,398.71,Consumo,Alimentación,Esencial,efectivo,,frutas y verduras
102,Guadalupe Ramírez,2026-07-01,2026-07-31,2026-07-07,compras de comida,329.23,Consumo,Alimentación,Esencial,efectivo,,compras de comida
102,Guadalupe Ramírez,2026-07-01,2026-07-31,2026-07-07,electricista,60.81,Consumo,Vivienda,Esencial,efectivo,,electricista
102,Guadalupe Ramírez,2026-07-01,2026-07-31,2026-07-08,domingo de paseo,65.34,Consumo,Entretenimiento y ocio,Discrecional,efectivo,,domingo de paseo
102,Guadalupe Ramírez,2026-07-01,2026-07-31,2026-07-11,parque de diversiones,139.72,Consumo,Entretenimiento y ocio,Discrecional,efectivo,,parque de diversiones
102,Guadalupe Ramírez,2026-07-01,2026-07-31,2026-07-11,medicinas,172.49,Consumo,Salud,Esencial,efectivo,,medicinas
102,Guadalupe Ramírez,2026-07-01,2026-07-31,2026-07-12,cuota de condominio,71.9,Consumo,Vivienda,Esencial,efectivo,,cuota de condominio
102,Guadalupe Ramírez,2026-07-01,2026-07-31,2026-07-13,cuota anual,462.7,Consumo,Otros,,efectivo,,cuota anual
102,Guadalupe Ramírez,2026-07-01,2026-07-31,2026-07-13,cambio de aceite,285.93,Consumo,Transporte,Esencial,efectivo,,cambio de aceite
102,Guadalupe Ramírez,2026-07-01,2026-07-31,2026-07-14,Walmart,1763.53,Consumo,Alimentación,Esencial,efectivo,,walmart
102,Guadalupe Ramírez,2026-07-01,2026-07-31,2026-07-15,salario,6535.05,Ingreso,,,transferencia bancaria,,salario
102,Guadalupe Ramírez,2026-07-01,2026-07-31,2026-07-15,pago de tarjeta,1060.5,Pago de deuda,,,transferencia bancaria,,pago de tarjeta
102,Guadalupe Ramírez,2026-07-01,2026-07-31,2026-07-16,ingredientes para cocinar,545.67,Consumo,Alimentación,Esencial,efectivo,,ingredientes para cocinar
102,Guadalupe Ramírez,2026-07-01,2026-07-31,2026-07-16,tablet,185.55,Consumo,Compras personales,Discrecional,efectivo,,tablet
102,Guadalupe Ramírez,2026-07-01,2026-07-31,2026-07-18,compras de comida,335.47,Consumo,Alimentación,Esencial,efectivo,,compras de comida
102,Guadalupe Ramírez,2026-07-01,2026-07-31,2026-07-19,audífonos,394.79,Consumo,Compras personales,Discrecional,efectivo,,audífonos
102,Guadalupe Ramírez,2026-07-01,2026-07-31,2026-07-20,reparación de la casa,83.14,Consumo,Vivienda,Esencial,efectivo,,reparación de la casa
102,Guadalupe Ramírez,2026-07-01,2026-07-31,2026-07-23,carne,83.46,Consumo,Alimentación,Esencial,efectivo,,carne
102,Guadalupe Ramírez,2026-07-01,2026-07-31,2026-07-23,dentista,219.22,Consumo,Salud,Esencial,efectivo,,dentista
102,Guadalupe Ramírez,2026-07-01,2026-07-31,2026-07-24,cambio de aceite,268.83,Consumo,Transporte,Esencial,efectivo,,cambio de aceite
102,Guadalupe Ramírez,2026-07-01,2026-07-31,2026-07-25,abarrotes,225.04,Consumo,Alimentación,Esencial,efectivo,,abarrotes
102,Guadalupe Ramírez,2026-07-01,2026-07-31,2026-07-25,leche y huevos,106.11,Consumo,Alimentación,Esencial,efectivo,,leche y huevos
102,Guadalupe Ramírez,2026-07-01,2026-07-31,2026-07-25,karaoke,259.75,Consumo,Entretenimiento y ocio,Discrecional,efectivo,,karaoke
102,Guadalupe Ramírez,2026-07-01,2026-07-31,2026-07-25,videojuego,110.9,Consumo,Entretenimiento y ocio,Discrecional,efectivo,,videojuego
102,Guadalupe Ramírez,2026-07-01,2026-07-31,2026-07-26,ahorro,180.85,Ahorro e inversión,,,transferencia bancaria,,ahorro
102,Guadalupe Ramírez,2026-07-01,2026-07-31,2026-07-26,llantas,670.07,Consumo,Transporte,Esencial,efectivo,,llantas
102,Guadalupe Ramírez,2026-07-01,2026-07-31,2026-07-27,lonche,41.4,Consumo,Alimentación,Esencial,efectivo,,lonche
102,Guadalupe Ramírez,2026-07-01,2026-07-31,2026-07-27,regalo,260.42,Consumo,Compras personales,Discrecional,efectivo,,regalo
102,Guadalupe Ramírez,2026-07-01,2026-07-31,2026-07-28,Soriana,676.1,Consumo,Alimentación,Esencial,efectivo,,soriana
102,Guadalupe Ramírez,2026-07-01,2026-07-31,2026-07-29,lonche,371.52,Consumo,Alimentación,Esencial,efectivo,,lonche
102,Guadalupe Ramírez,2026-07-01,2026-07-31,2026-07-29,verificación,1019.03,Consumo,Transporte,Esencial,efectivo,,verificación
102,Guadalupe Ramírez,2026-07-01,2026-07-31,2026-07-30,joyería,438.31,Consumo,Compras personales,Discrecional,efectivo,,joyería
102,Guadalupe Ramírez,2026-07-01,2026-07-31,2026-07-30,pago de trabajo,6535.05,Ingreso,,,transferencia bancaria,,pago de trabajo
102,Guadalupe Ramírez,2026-07-01,2026-07-31,2026-07-31,arreglo de fuga de agua,1201.93,Consumo,Vivienda,Esencial,efectivo,,arreglo de fuga de agua
103,Ángel Gómez,2026-07-01,2026-07-31,2026-07-01,pan y tortillas,413.85,Consumo,Alimentación,Esencial,tarjeta de débito,,pan y tortillas
103,Ángel Gómez,2026-07-01,2026-07-31,2026-07-01,Walmart,639.52,Consumo,Alimentación,Esencial,tarjeta de débito,,walmart
103,Ángel Gómez,2026-07-01,2026-07-31,2026-07-02,cuota de condominio,961.91,Consumo,Vivienda,Esencial,efectivo,,cuota de condominio
103,Ángel Gómez,2026-07-01,2026-07-31,2026-07-05,accesorios,81.87,Consumo,Compras personales,Discrecional,tarjeta de crédito,45.9,accesorios
103,Ángel Gómez,2026-07-01,2026-07-31,2026-07-06,leche y huevos,56.94,Consumo,Alimentación,Esencial,tarjeta de débito,,leche y huevos
103,Ángel Gómez,2026-07-01,2026-07-31,2026-07-07,pago mínimo de tarjeta,236.19,Pago de deuda,,,transferencia bancaria,,pago mínimo de tarjeta
103,Ángel Gómez,2026-07-01,2026-07-31,2026-07-08,fondo de inversión,1216.83,Ahorro e inversión,,,transferencia bancaria,,fondo de inversión
103,Ángel Gómez,2026-07-01,2026-07-31,2026-07-10,metrobús,173.3,Consumo,Transporte,Esencial,tarjeta de débito,,metrobús
103,Ángel Gómez,2026-07-01,2026-07-31,2026-07-12,súper,38.63,Consumo,Alimentación,Esencial,tarjeta de crédito,63.5,súper
103,Ángel Gómez,2026-07-01,2026-07-31,2026-07-13,pago automotriz,131.18,Pago de deuda,,,transferencia bancaria,,pago automotriz
103,Ángel Gómez,2026-07-01,2026-07-31,2026-07-14,fondo de inversión,463.98,Ahorro e inversión,,,transferencia bancaria,,fondo de inversión
103,Ángel Gómez,2026-07-01,2026-07-31,2026-07-15,pago de renta,221.29,Consumo,Vivienda,Esencial,tarjeta de débito,,pago de renta
103,Ángel Gómez,2026-07-01,2026-07-31,2026-07-15,pago de trabajo,7292.64,Ingreso,,,transferencia bancaria,,pago de trabajo
103,Ángel Gómez,2026-07-01,2026-07-31,2026-07-17,abarrotes,194.08,Consumo,Alimentación,Esencial,efectivo,,abarrotes
103,Ángel Gómez,2026-07-01,2026-07-31,2026-07-19,cuota de condominio,194.09,Consumo,Vivienda,Esencial,transferencia bancaria,,cuota de condominio
103,Ángel Gómez,2026-07-01,2026-07-31,2026-07-20,cremas,244.16,Consumo,Compras personales,Discrecional,tarjeta de débito,,cremas
103,Ángel Gómez,2026-07-01,2026-07-31,2026-07-21,restaurante,607.96,Consumo,Entretenimiento y ocio,Discrecional,transferencia bancaria,,restaurante
103,Ángel Gómez,2026-07-01,2026-07-31,2026-07-23,celular,118.31,Consumo,Compras personales,Discrecional,tarjeta de débito,,celular
103,Ángel Gómez,2026-07-01,2026-07-31,2026-07-24,Bodega Aurrera,76.66,Consumo,Alimentación,Esencial,tarjeta de débito,,bodega aurrera
103,Ángel Gómez,2026-07-01,2026-07-31,2026-07-24,abarrotes,178.84,Consumo,Alimentación,Esencial,efectivo,,abarrotes
103,Ángel Gómez,2026-07-01,2026-07-31,2026-07-24,agua y refrescos,100.62,Consumo,Alimentación,Esencial,tarjeta de débito,,agua y refrescos
103,Ángel Gómez,2026-07-01,2026-07-31,2026-07-26,fondo de inversión,1041.02,Ahorro e inversión,,,transferencia bancaria,,fondo de inversión
103,Ángel Gómez,2026-07-01,2026-07-31,2026-07-26,cambio de aceite,882.86,Consumo,Transporte,Esencial,tarjeta de débito,,cambio de aceite
103,Ángel Gómez,2026-07-01,2026-07-31,2026-07-26,llené el tanque,700.27,Consumo,Transporte,Esencial,transferencia bancaria,,llené el tanque
103,Ángel Gómez,2026-07-01,2026-07-31,2026-07-27,comida,40.62,Consumo,Alimentación,Esencial,tarjeta de débito,,comida
103,Ángel Gómez,2026-07-01,2026-07-31,2026-07-27,compras de comida,212.15,Consumo,Alimentación,Esencial,efectivo,,compras de comida
103,Ángel Gómez,2026-07-01,2026-07-31,2026-07-28,comida,640.17,Consumo,Alimentación,Esencial,tarjeta de débito,,comida
103,Ángel Gómez,2026-07-01,2026-07-31,2026-07-29,despensa de la semana,187.72,Consumo,Alimentación,Esencial,transferencia bancaria,,despensa de la semana
103,Ángel Gómez,2026-07-01,2026-07-31,2026-07-29,luz,287.73,Consumo,Vivienda,Esencial,tarjeta de débito,,luz
103,Ángel Gómez,2026-07-01,2026-07-31,2026-07-29,decoración,63.07,Consumo,Compras personales,Discrecional,tarjeta de crédito,60.7,decoración
103,Ángel Gómez,2026-07-01,2026-07-31,2026-07-29,pago automotriz,105.22,Pago de deuda,,,transferencia bancaria,,pago automotriz
103,Ángel Gómez,2026-07-01,2026-07-31,2026-07-30,Walmart,213.04,Consumo,Alimentación,Esencial,transferencia bancaria,,walmart
103,Ángel Gómez,2026-07-01,2026-07-31,2026-07-30,Walmart,1747.61,Consumo,Alimentación,Esencial,tarjeta de crédito,49.2,walmart
103,Ángel Gómez,2026-07-01,2026-07-31,2026-07-30,mercado,461.95,Consumo,Alimentación,Esencial,tarjeta de crédito,40.6,mercado
103,Ángel Gómez,2026-07-01,2026-07-31,2026-07-30,regalo,735.89,Consumo,Compras personales,Discrecional,tarjeta de débito,,regalo
103,Ángel Gómez,2026-07-01,2026-07-31,2026-07-30,quincena,7292.64,Ingreso,,,transferencia bancaria,,quincena
103,Ángel Gómez,2026-07-01,2026-07-31,2026-07-31,agua y refrescos,559.78,Consumo,Alimentación,Esencial,tarjeta de débito,,agua y refrescos
103,Ángel Gómez,2026-07-01,2026-07-31,2026-07-31,uber,365.24,Consumo,Transporte,Esencial,transferencia bancaria,,uber
104,Ángel Bravo,2026-07-01,2026-07-31,2026-07-01,café,62.8,Consumo,Entretenimiento y ocio,Discrecional,tarjeta de débito,,café
104,Ángel Bravo,2026-07-01,2026-07-31,2026-07-02,leche y huevos,698.9,Consumo,Alimentación,Esencial,transferencia bancaria,,leche y huevos
104,Ángel Bravo,2026-07-01,2026-07-31,2026-07-03,colegiatura,453.01,Consumo,Educación,Esencial,efectivo,,colegiatura
104,Ángel Bravo,2026-07-01,2026-07-31,2026-07-04,pescado,625.52,Consumo,Alimentación,Esencial,tarjeta de débito,,pescado
104,Ángel Bravo,2026-07-01,2026-07-31,2026-07-04,gas,216.28,Consumo,Vivienda,Esencial,tarjeta de débito,,gas
104,Ángel Bravo,2026-07-01,2026-07-31,2026-07-05,despensa,527.89,Consumo,Alimentación,Esencial,efectivo,,despensa
104,Ángel Bravo,2026-07-01,2026-07-31,2026-07-05,renta,295.4,Consumo,Vivienda,Esencial,transferencia bancaria,,renta
104,Ángel Bravo,2026-07-01,2026-07-31,2026-07-06,plomero,459.08,Consumo,Vivienda,Esencial,tarjeta de débito,,plomero
104,Ángel Bravo,2026-07-01,2026-07-31,2026-07-08,compras de comida,667.48,Consumo,Alimentación,Esencial,efectivo,,compras de comida
104,Ángel Bravo,2026-07-01,2026-07-31,2026-07-08,bolsa,550.36,Consumo,Compras personales,Discrecional,tarjeta de crédito,65.7,bolsa
104,Ángel Bravo,2026-07-01,2026-07-31,2026-07-08,pago de crédito,608.44,Pago de deuda,,,transferencia bancaria,,pago de crédito
104,Ángel Bravo,2026-07-01,2026-07-31,2026-07-08,pago de crédito,265.59,Pago de deuda,,,transferencia bancaria,,pago de crédito
104,Ángel Bravo,2026-07-01,2026-07-31,2026-07-09,renta de auto en viaje,50.24,Consumo,Viajes y vacaciones,Discrecional,tarjeta de crédito,62.3,renta de auto en viaje
104,Ángel Bravo,2026-07-01,2026-07-31,2026-07-10,Chedraui,692.51,Consumo,Alimentación,Esencial,tarjeta de crédito,70.5,chedraui
104,Ángel Bravo,2026-07-01,2026-07-31,2026-07-12,CETES Directo,890.91,Ahorro e inversión,,,transferencia bancaria,,cetes directo
104,Ángel Bravo,2026-07-01,2026-07-31,2026-07-12,seguro del coche,1053.42,Consumo,Transporte,Esencial,efectivo,,seguro del coche
104,Ángel Bravo,2026-07-01,2026-07-31,2026-07-14,ingredientes para cocinar,99.06,Consumo,Alimentación,Esencial,tarjeta de débito,,ingredientes para cocinar
104,Ángel Bravo,2026-07-01,2026-07-31,2026-07-15,sueldo,7321.21,Ingreso,,,transferencia bancaria,,sueldo
104,Ángel Bravo,2026-07-01,2026-07-31,2026-07-16,ropa nueva,364.84,Consumo,Compras personales,Discrecional,tarjeta de débito,,ropa nueva
104,Ángel Bravo,2026-07-01,2026-07-31,2026-07-16,cuota anual,466.55,Consumo,Otros,,transferencia bancaria,,cuota anual
104,Ángel Bravo,2026-07-01,2026-07-31,2026-07-19,estacionamiento,1201.09,Consumo,Transporte,Esencial,tarjeta de débito,,estacionamiento
104,Ángel Bravo,2026-07-01,2026-07-31,2026-07-20,cena del viernes,963.17,Consumo,Entretenimiento y ocio,Discrecional,tarjeta de crédito,47.3,cena del viernes
104,Ángel Bravo,2026-07-01,2026-07-31,2026-07-21,Soriana,927.6,Consumo,Alimentación,Esencial,tarjeta de débito,,soriana
104,Ángel Bravo,2026-07-01,2026-07-31,2026-07-25,perfume,311.06,Consumo,Compras personales,Discrecional,transferencia bancaria,,perfume
104,Ángel Bravo,2026-07-01,2026-07-31,2026-07-25,pago TDC,491.29,Pago de deuda,,,transferencia bancaria,,pago tdc
104,Ángel Bravo,2026-07-01,2026-07-31,2026-07-28,agua y refrescos,253.91,Consumo,Alimentación,Esencial,tarjeta de crédito,58.1,agua y refrescos
104,Ángel Bravo,2026-07-01,2026-07-31,2026-07-28,gas,769.72,Consumo,Vivienda,Esencial,tarjeta de crédito,56.5,gas
104,Ángel Bravo,2026-07-01,2026-07-31,2026-07-29,pollo,369.79,Consumo,Alimentación,Esencial,tarjeta de crédito,64.2,pollo
104,Ángel Bravo,2026-07-01,2026-07-31,2026-07-30,seguro del coche,112.08,Consumo,Transporte,Esencial,tarjeta de débito,,seguro del coche
104,Ángel Bravo,2026-07-01,2026-07-31,2026-07-30,viaje,179.67,Consumo,Viajes y vacaciones,Discrecional,tarjeta de crédito,63.7,viaje
104,Ángel Bravo,2026-07-01,2026-07-31,2026-07-30,nómina,7321.21,Ingreso,,,transferencia bancaria,,nómina
105,Alejandra Cervantes,2026-07-01,2026-07-31,2026-07-02,bonos gubernamentales,600.04,Ahorro e inversión,,,transferencia bancaria,,bonos gubernamentales
105,Alejandra Cervantes,2026-07-01,2026-07-31,2026-07-03,pagaré bancario,870.99,Ahorro e inversión,,,transferencia bancaria,,pagaré bancario
105,Alejandra Cervantes,2026-07-01,2026-07-31,2026-07-03,Soriana,345.66,Consumo,Alimentación,Esencial,tarjeta de crédito,57.8,soriana
105,Alejandra Cervantes,2026-07-01,2026-07-31,2026-07-04,Soriana,38.86,Consumo,Alimentación,Esencial,tarjeta de débito,,soriana
105,Alejandra Cervantes,2026-07-01,2026-07-31,2026-07-04,libros,262.47,Consumo,Educación,Esencial,tarjeta de crédito,68.3,libros
105,Alejandra Cervantes,2026-07-01,2026-07-31,2026-07-05,cosas del súper,469.23,Consumo,Alimentación,Esencial,tarjeta de crédito,79.6,cosas del súper
105,Alejandra Cervantes,2026-07-01,2026-07-31,2026-07-05,lonche,1050.05,Consumo,Alimentación,Esencial,transferencia bancaria,,lonche
105,Alejandra Cervantes,2026-07-01,2026-07-31,2026-07-06,Amazon Prime,159.98,Consumo,Suscripciones digitales,Discrecional,tarjeta de crédito,69.4,amazon prime
105,Alejandra Cervantes,2026-07-01,2026-07-31,2026-07-06,joyería,1100.77,Consumo,Compras personales,Discrecional,tarjeta de débito,,joyería
105,Alejandra Cervantes,2026-07-01,2026-07-31,2026-07-06,pago de hipoteca,2502.04,Pago de deuda,,,transferencia bancaria,,pago de hipoteca
105,Alejandra Cervantes,2026-07-01,2026-07-31,2026-07-07,llantas,313.76,Consumo,Transporte,Esencial,tarjeta de crédito,66.2,llantas
105,Alejandra Cervantes,2026-07-01,2026-07-31,2026-07-07,cine,828.18,Consumo,Entretenimiento y ocio,Discrecional,tarjeta de débito,,cine
105,Alejandra Cervantes,2026-07-01,2026-07-31,2026-07-08,reparación del coche,222.9,Consumo,Transporte,Esencial,transferencia bancaria,,reparación del coche
105,Alejandra Cervantes,2026-07-01,2026-07-31,2026-07-08,certificación,131.15,Consumo,Educación,Esencial,tarjeta de crédito,69.6,certificación
105,Alejandra Cervantes,2026-07-01,2026-07-31,2026-07-09,frutas y verduras,146.09,Consumo,Alimentación,Esencial,tarjeta de crédito,71.3,frutas y verduras
105,Alejandra Cervantes,2026-07-01,2026-07-31,2026-07-09,compras de comida,262.16,Consumo,Alimentación,Esencial,tarjeta de débito,,compras de comida
105,Alejandra Cervantes,2026-07-01,2026-07-31,2026-07-09,Chedraui,39.82,Consumo,Alimentación,Esencial,efectivo,,chedraui
105,Alejandra Cervantes,2026-07-01,2026-07-31,2026-07-10,pescado,838.93,Consumo,Alimentación,Esencial,tarjeta de débito,,pescado
105,Alejandra Cervantes,2026-07-01,2026-07-31,2026-07-11,plomero,1910.42,Consumo,Vivienda,Esencial,tarjeta de crédito,55.1,plomero
105,Alejandra Cervantes,2026-07-01,2026-07-31,2026-07-12,despensa,57.08,Consumo,Alimentación,Esencial,efectivo,,despensa
105,Alejandra Cervantes,2026-07-01,2026-07-31,2026-07-12,estacionamiento,304.48,Consumo,Transporte,Esencial,tarjeta de crédito,56.4,estacionamiento
105,Alejandra Cervantes,2026-07-01,2026-07-31,2026-07-13,ingredientes para cocinar,102.31,Consumo,Alimentación,Esencial,tarjeta de crédito,75.6,ingredientes para cocinar
105,Alejandra Cervantes,2026-07-01,2026-07-31,2026-07-13,gasolina,267.66,Consumo,Transporte,Esencial,efectivo,,gasolina
105,Alejandra Cervantes,2026-07-01,2026-07-31,2026-07-14,pan y tortillas,46.24,Consumo,Alimentación,Esencial,transferencia bancaria,,pan y tortillas
105,Alejandra Cervantes,2026-07-01,2026-07-31,2026-07-14,Mercado Libre,483.84,Consumo,Compras personales,Discrecional,tarjeta de crédito,76.7,mercado libre
105,Alejandra Cervantes,2026-07-01,2026-07-31,2026-07-14,gas de la casa,93.09,Consumo,Vivienda,Esencial,tarjeta de crédito,52.8,gas de la casa
105,Alejandra Cervantes,2026-07-01,2026-07-31,2026-07-15,curso,60.13,Consumo,Educación,Esencial,tarjeta de crédito,69.1,curso
105,Alejandra Cervantes,2026-07-01,2026-07-31,2026-07-15,salario,9996.03,Ingreso,,,transferencia bancaria,,salario
105,Alejandra Cervantes,2026-07-01,2026-07-31,2026-07-17,comida,86.0,Consumo,Alimentación,Esencial,tarjeta de crédito,72.8,comida
105,Alejandra Cervantes,2026-07-01,2026-07-31,2026-07-17,streaming,151.47,Consumo,Suscripciones digitales,Discrecional,tarjeta de crédito,77.0,streaming
105,Alejandra Cervantes,2026-07-01,2026-07-31,2026-07-17,pago automotriz,2979.27,Pago de deuda,,,transferencia bancaria,,pago automotriz
105,Alejandra Cervantes,2026-07-01,2026-07-31,2026-07-18,cosas del súper,405.86,Consumo,Alimentación,Esencial,tarjeta de crédito,55.4,cosas del súper
105,Alejandra Cervantes,2026-07-01,2026-07-31,2026-07-18,cartera,214.14,Consumo,Compras personales,Discrecional,tarjeta de crédito,66.3,cartera
105,Alejandra Cervantes,2026-07-01,2026-07-31,2026-07-18,recibo de luz,153.4,Consumo,Vivienda,Esencial,tarjeta de crédito,57.1,recibo de luz
105,Alejandra Cervantes,2026-07-01,2026-07-31,2026-07-19,estacionamiento,640.05,Consumo,Transporte,Esencial,tarjeta de débito,,estacionamiento
105,Alejandra Cervantes,2026-07-01,2026-07-31,2026-07-20,abono a préstamo,992.22,Pago de deuda,,,transferencia bancaria,,abono a préstamo
105,Alejandra Cervantes,2026-07-01,2026-07-31,2026-07-21,Costco,205.21,Consumo,Alimentación,Esencial,transferencia bancaria,,costco
105,Alejandra Cervantes,2026-07-01,2026-07-31,2026-07-22,útiles,257.02,Consumo,Educación,Esencial,tarjeta de crédito,80.5,útiles
105,Alejandra Cervantes,2026-07-01,2026-07-31,2026-07-25,estacionamiento,803.13,Consumo,Transporte,Esencial,tarjeta de crédito,66.5,estacionamiento
105,Alejandra Cervantes,2026-07-01,2026-07-31,2026-07-27,Chedraui,209.71,Consumo,Alimentación,Esencial,tarjeta de débito,,chedraui
105,Alejandra Cervantes,2026-07-01,2026-07-31,2026-07-28,abarrotes,124.64,Consumo,Alimentación,Esencial,tarjeta de crédito,57.7,abarrotes
105,Alejandra Cervantes,2026-07-01,2026-07-31,2026-07-28,cosas del súper,400.77,Consumo,Alimentación,Esencial,tarjeta de crédito,64.9,cosas del súper
105,Alejandra Cervantes,2026-07-01,2026-07-31,2026-07-28,ingredientes para cocinar,1512.52,Consumo,Alimentación,Esencial,tarjeta de crédito,53.1,ingredientes para cocinar
105,Alejandra Cervantes,2026-07-01,2026-07-31,2026-07-29,comida,290.26,Consumo,Alimentación,Esencial,tarjeta de crédito,74.1,comida
105,Alejandra Cervantes,2026-07-01,2026-07-31,2026-07-30,comida para la casa,65.56,Consumo,Alimentación,Esencial,tarjeta de crédito,70.0,comida para la casa
105,Alejandra Cervantes,2026-07-01,2026-07-31,2026-07-30,nómina,9996.03,Ingreso,,,transferencia bancaria,,nómina
106,Martín Martínez,2026-07-01,2026-07-31,2026-07-04,cuenta de ahorro,298.82,Ahorro e inversión,,,transferencia bancaria,,cuenta de ahorro
106,Martín Martínez,2026-07-01,2026-07-31,2026-07-04,metro,38.71,Consumo,Transporte,Esencial,efectivo,,metro
106,Martín Martínez,2026-07-01,2026-07-31,2026-07-05,comida para la casa,670.33,Consumo,Alimentación,Esencial,efectivo,,comida para la casa
106,Martín Martínez,2026-07-01,2026-07-31,2026-07-05,despensa de la semana,492.47,Consumo,Alimentación,Esencial,transferencia bancaria,,despensa de la semana
106,Martín Martínez,2026-07-01,2026-07-31,2026-07-06,mercado,72.92,Consumo,Alimentación,Esencial,tarjeta de crédito,56.4,mercado
106,Martín Martínez,2026-07-01,2026-07-31,2026-07-06,universidad,611.52,Consumo,Educación,Esencial,tarjeta de débito,,universidad
106,Martín Martínez,2026-07-01,2026-07-31,2026-07-07,comida,320.36,Consumo,Alimentación,Esencial,efectivo,,comida
106,Martín Martínez,2026-07-01,2026-07-31,2026-07-07,carga de gasolina,147.22,Consumo,Transporte,Esencial,transferencia bancaria,,carga de gasolina
106,Martín Martínez,2026-07-01,2026-07-31,2026-07-10,bonos gubernamentales,1476.71,Ahorro e inversión,,,transferencia bancaria,,bonos gubernamentales
106,Martín Martínez,2026-07-01,2026-07-31,2026-07-11,vuelo,58.88,Consumo,Viajes y vacaciones,Discrecional,efectivo,,vuelo
106,Martín Martínez,2026-07-01,2026-07-31,2026-07-11,cambio de aceite,228.91,Consumo,Transporte,Esencial,tarjeta de débito,,cambio de aceite
106,Martín Martínez,2026-07-01,2026-07-31,2026-07-11,carga de gasolina,103.23,Consumo,Transporte,Esencial,tarjeta de crédito,37.3,carga de gasolina
106,Martín Martínez,2026-07-01,2026-07-31,2026-07-12,mercado,511.38,Consumo,Alimentación,Esencial,tarjeta de débito,,mercado
106,Martín Martínez,2026-07-01,2026-07-31,2026-07-12,cuota de condominio,1040.2,Consumo,Vivienda,Esencial,transferencia bancaria,,cuota de condominio
106,Martín Martínez,2026-07-01,2026-07-31,2026-07-12,parque de diversiones,429.85,Consumo,Entretenimiento y ocio,Discrecional,efectivo,,parque de diversiones
106,Martín Martínez,2026-07-01,2026-07-31,2026-07-13,pago tarjeta BBVA,1443.98,Pago de deuda,,,transferencia bancaria,,pago tarjeta bbva
106,Martín Martínez,2026-07-01,2026-07-31,2026-07-14,pescado,124.55,Consumo,Alimentación,Esencial,efectivo,,pescado
106,Martín Martínez,2026-07-01,2026-07-31,2026-07-15,lonche,376.79,Consumo,Alimentación,Esencial,tarjeta de crédito,48.4,lonche
106,Martín Martínez,2026-07-01,2026-07-31,2026-07-15,carga de gasolina,160.17,Consumo,Transporte,Esencial,efectivo,,carga de gasolina
106,Martín Martínez,2026-07-01,2026-07-31,2026-07-15,quincena,10977.78,Ingreso,,,transferencia bancaria,,quincena
106,Martín Martínez,2026-07-01,2026-07-31,2026-07-16,Chedraui,399.11,Consumo,Alimentación,Esencial,tarjeta de crédito,43.3,chedraui
106,Martín Martínez,2026-07-01,2026-07-31,2026-07-17,mandado,1202.35,Consumo,Alimentación,Esencial,tarjeta de débito,,mandado
106,Martín Martínez,2026-07-01,2026-07-31,2026-07-17,viaje,282.66,Consumo,Viajes y vacaciones,Discrecional,transferencia bancaria,,viaje
106,Martín Martínez,2026-07-01,2026-07-31,2026-07-18,leche y huevos,94.26,Consumo,Alimentación,Esencial,transferencia bancaria,,leche y huevos
106,Martín Martínez,2026-07-01,2026-07-31,2026-07-18,Soriana,302.05,Consumo,Alimentación,Esencial,transferencia bancaria,,soriana
106,Martín Martínez,2026-07-01,2026-07-31,2026-07-19,apoyo familiar,591.68,Consumo,Otros,,tarjeta de crédito,42.5,apoyo familiar
106,Martín Martínez,2026-07-01,2026-07-31,2026-07-20,comida para la casa,378.14,Consumo,Alimentación,Esencial,tarjeta de crédito,68.9,comida para la casa
106,Martín Martínez,2026-07-01,2026-07-31,2026-07-21,despensa,82.17,Consumo,Alimentación,Esencial,transferencia bancaria,,despensa
106,Martín Martínez,2026-07-01,2026-07-31,2026-07-21,pintura de la casa,1099.34,Consumo,Vivienda,Esencial,tarjeta de crédito,42.9,pintura de la casa
106,Martín Martínez,2026-07-01,2026-07-31,2026-07-22,mercado,449.4,Consumo,Alimentación,Esencial,tarjeta de débito,,mercado
106,Martín Martínez,2026-07-01,2026-07-31,2026-07-22,Walmart,278.85,Consumo,Alimentación,Esencial,transferencia bancaria,,walmart
106,Martín Martínez,2026-07-01,2026-07-31,2026-07-22,comida,583.32,Consumo,Alimentación,Esencial,efectivo,,comida
106,Martín Martínez,2026-07-01,2026-07-31,2026-07-22,cine,45.53,Consumo,Entretenimiento y ocio,Discrecional,tarjeta de débito,,cine
106,Martín Martínez,2026-07-01,2026-07-31,2026-07-24,pan y tortillas,90.64,Consumo,Alimentación,Esencial,tarjeta de crédito,49.9,pan y tortillas
106,Martín Martínez,2026-07-01,2026-07-31,2026-07-24,frutas y verduras,230.28,Consumo,Alimentación,Esencial,transferencia bancaria,,frutas y verduras
106,Martín Martínez,2026-07-01,2026-07-31,2026-07-25,Costco,49.28,Consumo,Alimentación,Esencial,tarjeta de débito,,costco
106,Martín Martínez,2026-07-01,2026-07-31,2026-07-26,Chedraui,113.24,Consumo,Alimentación,Esencial,transferencia bancaria,,chedraui
106,Martín Martínez,2026-07-01,2026-07-31,2026-07-26,servicio del coche,1373.04,Consumo,Transporte,Esencial,tarjeta de crédito,52.4,servicio del coche
106,Martín Martínez,2026-07-01,2026-07-31,2026-07-26,casetas,48.35,Consumo,Transporte,Esencial,tarjeta de débito,,casetas
106,Martín Martínez,2026-07-01,2026-07-31,2026-07-27,frutas y verduras,230.46,Consumo,Alimentación,Esencial,tarjeta de débito,,frutas y verduras
106,Martín Martínez,2026-07-01,2026-07-31,2026-07-27,iCloud,310.44,Consumo,Suscripciones digitales,Discrecional,tarjeta de crédito,57.7,icloud
106,Martín Martínez,2026-07-01,2026-07-31,2026-07-28,lonche,283.21,Consumo,Alimentación,Esencial,transferencia bancaria,,lonche
106,Martín Martínez,2026-07-01,2026-07-31,2026-07-28,pan y tortillas,135.86,Consumo,Alimentación,Esencial,tarjeta de débito,,pan y tortillas
106,Martín Martínez,2026-07-01,2026-07-31,2026-07-28,carga de gasolina,90.26,Consumo,Transporte,Esencial,tarjeta de crédito,71.0,carga de gasolina
106,Martín Martínez,2026-07-01,2026-07-31,2026-07-28,libros escolares,47.94,Consumo,Educación,Esencial,tarjeta de crédito,55.0,libros escolares
106,Martín Martínez,2026-07-01,2026-07-31,2026-07-29,Costco,795.47,Consumo,Alimentación,Esencial,transferencia bancaria,,costco
106,Martín Martínez,2026-07-01,2026-07-31,2026-07-30,llantas,267.33,Consumo,Transporte,Esencial,efectivo,,llantas
106,Martín Martínez,2026-07-01,2026-07-31,2026-07-30,pago de trabajo,10977.78,Ingreso,,,transferencia bancaria,,pago de trabajo
106,Martín Martínez,2026-07-01,2026-07-31,2026-07-31,taxi,313.62,Consumo,Transporte,Esencial,tarjeta de crédito,62.5,taxi
107,Andrea Flores,2026-07-01,2026-07-31,2026-07-02,lonche,126.91,Consumo,Alimentación,Esencial,tarjeta de débito,,lonche
107,Andrea Flores,2026-07-01,2026-07-31,2026-07-02,pollo,726.53,Consumo,Alimentación,Esencial,efectivo,,pollo
107,Andrea Flores,2026-07-01,2026-07-31,2026-07-02,certificación,67.45,Consumo,Educación,Esencial,tarjeta de débito,,certificación
107,Andrea Flores,2026-07-01,2026-07-31,2026-07-02,camión,1237.27,Consumo,Transporte,Esencial,tarjeta de crédito,70.0,camión
107,Andrea Flores,2026-07-01,2026-07-31,2026-07-05,bolsa,322.89,Consumo,Compras personales,Discrecional,tarjeta de débito,,bolsa
107,Andrea Flores,2026-07-01,2026-07-31,2026-07-05,celular,242.41,Consumo,Compras personales,Discrecional,transferencia bancaria,,celular
107,Andrea Flores,2026-07-01,2026-07-31,2026-07-05,taxi,59.32,Consumo,Transporte,Esencial,tarjeta de débito,,taxi
107,Andrea Flores,2026-07-01,2026-07-31,2026-07-05,abono a préstamo,222.26,Pago de deuda,,,transferencia bancaria,,abono a préstamo
107,Andrea Flores,2026-07-01,2026-07-31,2026-07-06,ingredientes para cocinar,448.62,Consumo,Alimentación,Esencial,tarjeta de crédito,48.1,ingredientes para cocinar
107,Andrea Flores,2026-07-01,2026-07-31,2026-07-06,pago de renta,287.98,Consumo,Vivienda,Esencial,transferencia bancaria,,pago de renta
107,Andrea Flores,2026-07-01,2026-07-31,2026-07-07,iCloud,48.51,Consumo,Suscripciones digitales,Discrecional,transferencia bancaria,,icloud
107,Andrea Flores,2026-07-01,2026-07-31,2026-07-08,Costco,388.44,Consumo,Alimentación,Esencial,efectivo,,costco
107,Andrea Flores,2026-07-01,2026-07-31,2026-07-09,renta,565.6,Consumo,Vivienda,Esencial,tarjeta de crédito,58.5,renta
107,Andrea Flores,2026-07-01,2026-07-31,2026-07-09,cuota de condominio,62.27,Consumo,Vivienda,Esencial,transferencia bancaria,,cuota de condominio
107,Andrea Flores,2026-07-01,2026-07-31,2026-07-11,frutas y verduras,2354.61,Consumo,Alimentación,Esencial,tarjeta de débito,,frutas y verduras
107,Andrea Flores,2026-07-01,2026-07-31,2026-07-11,recibo de agua,48.13,Consumo,Vivienda,Esencial,tarjeta de crédito,63.6,recibo de agua
107,Andrea Flores,2026-07-01,2026-07-31,2026-07-11,Prime Video,123.78,Consumo,Suscripciones digitales,Discrecional,tarjeta de crédito,43.2,prime video
107,Andrea Flores,2026-07-01,2026-07-31,2026-07-11,seguro de viaje,151.27,Consumo,Viajes y vacaciones,Discrecional,tarjeta de débito,,seguro de viaje
107,Andrea Flores,2026-07-01,2026-07-31,2026-07-12,despensa,1358.99,Consumo,Alimentación,Esencial,efectivo,,despensa
107,Andrea Flores,2026-07-01,2026-07-31,2026-07-12,pescado,385.02,Consumo,Alimentación,Esencial,transferencia bancaria,,pescado
107,Andrea Flores,2026-07-01,2026-07-31,2026-07-12,agua,223.57,Consumo,Vivienda,Esencial,tarjeta de débito,,agua
107,Andrea Flores,2026-07-01,2026-07-31,2026-07-12,material escolar,269.28,Consumo,Educación,Esencial,tarjeta de débito,,material escolar
107,Andrea Flores,2026-07-01,2026-07-31,2026-07-13,pago tarjeta Santander,191.33,Pago de deuda,,,transferencia bancaria,,pago tarjeta santander
107,Andrea Flores,2026-07-01,2026-07-31,2026-07-15,fondo de inversión,637.12,Ahorro e inversión,,,transferencia bancaria,,fondo de inversión
107,Andrea Flores,2026-07-01,2026-07-31,2026-07-15,sueldo,9158.83,Ingreso,,,transferencia bancaria,,sueldo
107,Andrea Flores,2026-07-01,2026-07-31,2026-07-17,lonche,415.53,Consumo,Alimentación,Esencial,tarjeta de crédito,58.2,lonche
107,Andrea Flores,2026-07-01,2026-07-31,2026-07-18,Bodega Aurrera,48.96,Consumo,Alimentación,Esencial,tarjeta de débito,,bodega aurrera
107,Andrea Flores,2026-07-01,2026-07-31,2026-07-18,ropa,239.5,Consumo,Compras personales,Discrecional,tarjeta de débito,,ropa
107,Andrea Flores,2026-07-01,2026-07-31,2026-07-20,evento,420.6,Consumo,Entretenimiento y ocio,Discrecional,efectivo,,evento
107,Andrea Flores,2026-07-01,2026-07-31,2026-07-22,mandado,224.44,Consumo,Alimentación,Esencial,tarjeta de débito,,mandado
107,Andrea Flores,2026-07-01,2026-07-31,2026-07-22,abono a préstamo,236.62,Pago de deuda,,,transferencia bancaria,,abono a préstamo
107,Andrea Flores,2026-07-01,2026-07-31,2026-07-23,lonche,274.86,Consumo,Alimentación,Esencial,tarjeta de débito,,lonche
107,Andrea Flores,2026-07-01,2026-07-31,2026-07-23,frutas y verduras,751.42,Consumo,Alimentación,Esencial,transferencia bancaria,,frutas y verduras
107,Andrea Flores,2026-07-01,2026-07-31,2026-07-24,Walmart,1049.91,Consumo,Alimentación,Esencial,efectivo,,walmart
107,Andrea Flores,2026-07-01,2026-07-31,2026-07-26,Walmart,312.37,Consumo,Alimentación,Esencial,tarjeta de crédito,63.8,walmart
107,Andrea Flores,2026-07-01,2026-07-31,2026-07-26,súper,118.41,Consumo,Alimentación,Esencial,tarjeta de débito,,súper
107,Andrea Flores,2026-07-01,2026-07-31,2026-07-30,súper,131.29,Consumo,Alimentación,Esencial,tarjeta de débito,,súper
107,Andrea Flores,2026-07-01,2026-07-31,2026-07-30,pago de trabajo,9158.83,Ingreso,,,transferencia bancaria,,pago de trabajo
107,Andrea Flores,2026-07-01,2026-07-31,2026-07-31,ingredientes para cocinar,99.07,Consumo,Alimentación,Esencial,transferencia bancaria,,ingredientes para cocinar
108,Luis Ortega,2026-07-01,2026-07-31,2026-07-01,leche y huevos,160.15,Consumo,Alimentación,Esencial,efectivo,,leche y huevos
108,Luis Ortega,2026-07-01,2026-07-31,2026-07-02,peaje,349.8,Consumo,Transporte,Esencial,tarjeta de débito,,peaje
108,Luis Ortega,2026-07-01,2026-07-31,2026-07-03,farmacia,559.47,Consumo,Salud,Esencial,tarjeta de débito,,farmacia
108,Luis Ortega,2026-07-01,2026-07-31,2026-07-04,gas de la casa,1261.67,Consumo,Vivienda,Esencial,tarjeta de débito,,gas de la casa
108,Luis Ortega,2026-07-01,2026-07-31,2026-07-05,cuenta de ahorro,228.51,Ahorro e inversión,,,transferencia bancaria,,cuenta de ahorro
108,Luis Ortega,2026-07-01,2026-07-31,2026-07-05,carga de gasolina,56.48,Consumo,Transporte,Esencial,tarjeta de débito,,carga de gasolina
108,Luis Ortega,2026-07-01,2026-07-31,2026-07-05,abarrotes,563.42,Consumo,Alimentación,Esencial,efectivo,,abarrotes
108,Luis Ortega,2026-07-01,2026-07-31,2026-07-06,carne,985.32,Consumo,Alimentación,Esencial,transferencia bancaria,,carne
108,Luis Ortega,2026-07-01,2026-07-31,2026-07-06,tablet,181.89,Consumo,Compras personales,Discrecional,tarjeta de débito,,tablet
108,Luis Ortega,2026-07-01,2026-07-31,2026-07-06,pagué la luz,371.94,Consumo,Vivienda,Esencial,tarjeta de débito,,pagué la luz
108,Luis Ortega,2026-07-01,2026-07-31,2026-07-07,ETF,1307.54,Ahorro e inversión,,,transferencia bancaria,,etf
108,Luis Ortega,2026-07-01,2026-07-31,2026-07-08,despensa de la semana,44.42,Consumo,Alimentación,Esencial,transferencia bancaria,,despensa de la semana
108,Luis Ortega,2026-07-01,2026-07-31,2026-07-09,mensualidad del coche,1386.73,Pago de deuda,,,transferencia bancaria,,mensualidad del coche
108,Luis Ortega,2026-07-01,2026-07-31,2026-07-10,cosas del súper,243.13,Consumo,Alimentación,Esencial,tarjeta de crédito,47.7,cosas del súper
108,Luis Ortega,2026-07-01,2026-07-31,2026-07-10,súper,97.09,Consumo,Alimentación,Esencial,tarjeta de crédito,69.4,súper
108,Luis Ortega,2026-07-01,2026-07-31,2026-07-12,pasaje,1178.9,Consumo,Transporte,Esencial,efectivo,,pasaje
108,Luis Ortega,2026-07-01,2026-07-31,2026-07-13,pasajes de la semana,808.06,Consumo,Transporte,Esencial,tarjeta de crédito,41.0,pasajes de la semana
108,Luis Ortega,2026-07-01,2026-07-31,2026-07-14,mensualidad del coche,1568.12,Pago de deuda,,,transferencia bancaria,,mensualidad del coche
108,Luis Ortega,2026-07-01,2026-07-31,2026-07-15,carne,943.19,Consumo,Alimentación,Esencial,tarjeta de crédito,65.5,carne
108,Luis Ortega,2026-07-01,2026-07-31,2026-07-15,Walmart,1153.46,Consumo,Alimentación,Esencial,tarjeta de débito,,walmart
108,Luis Ortega,2026-07-01,2026-07-31,2026-07-15,sueldo,12725.4,Ingreso,,,transferencia bancaria,,sueldo
108,Luis Ortega,2026-07-01,2026-07-31,2026-07-16,didi,289.3,Consumo,Transporte,Esencial,efectivo,,didi
108,Luis Ortega,2026-07-01,2026-07-31,2026-07-19,taxi,432.93,Consumo,Transporte,Esencial,efectivo,,taxi
108,Luis Ortega,2026-07-01,2026-07-31,2026-07-21,multa,676.04,Consumo,Otros,,tarjeta de crédito,39.3,multa
108,Luis Ortega,2026-07-01,2026-07-31,2026-07-22,ingredientes para cocinar,1021.2,Consumo,Alimentación,Esencial,tarjeta de débito,,ingredientes para cocinar
108,Luis Ortega,2026-07-01,2026-07-31,2026-07-23,maleta,105.36,Consumo,Viajes y vacaciones,Discrecional,efectivo,,maleta
108,Luis Ortega,2026-07-01,2026-07-31,2026-07-24,seguro de viaje,245.34,Consumo,Viajes y vacaciones,Discrecional,transferencia bancaria,,seguro de viaje
108,Luis Ortega,2026-07-01,2026-07-31,2026-07-24,recibo de agua,709.78,Consumo,Vivienda,Esencial,transferencia bancaria,,recibo de agua
108,Luis Ortega,2026-07-01,2026-07-31,2026-07-24,mensualidad del coche,2777.21,Pago de deuda,,,transferencia bancaria,,mensualidad del coche
108,Luis Ortega,2026-07-01,2026-07-31,2026-07-25,Costco,663.31,Consumo,Alimentación,Esencial,transferencia bancaria,,costco
108,Luis Ortega,2026-07-01,2026-07-31,2026-07-26,Walmart,86.61,Consumo,Alimentación,Esencial,tarjeta de crédito,67.4,walmart
108,Luis Ortega,2026-07-01,2026-07-31,2026-07-27,karaoke,910.37,Consumo,Entretenimiento y ocio,Discrecional,tarjeta de crédito,67.4,karaoke
108,Luis Ortega,2026-07-01,2026-07-31,2026-07-29,pollo,167.32,Consumo,Alimentación,Esencial,tarjeta de débito,,pollo
108,Luis Ortega,2026-07-01,2026-07-31,2026-07-30,pan y tortillas,174.14,Consumo,Alimentación,Esencial,tarjeta de débito,,pan y tortillas
108,Luis Ortega,2026-07-01,2026-07-31,2026-07-30,sueldo,12725.4,Ingreso,,,transferencia bancaria,,sueldo
108,Luis Ortega,2026-07-01,2026-07-31,2026-07-31,Amazon,1604.26,Consumo,Compras personales,Discrecional,tarjeta de débito,,amazon
109,María Padilla,2026-07-01,2026-07-31,2026-07-01,hostal,473.44,Consumo,Viajes y vacaciones,Discrecional,transferencia bancaria,,hostal
109,María Padilla,2026-07-01,2026-07-31,2026-07-01,boliche,2452.71,Consumo,Entretenimiento y ocio,Discrecional,transferencia bancaria,,boliche
109,María Padilla,2026-07-01,2026-07-31,2026-07-02,fondo de inversión,100.0,Ahorro e inversión,,,transferencia bancaria,,fondo de inversión
109,María Padilla,2026-07-01,2026-07-31,2026-07-03,didi,1405.78,Consumo,Transporte,Esencial,tarjeta de débito,,didi
109,María Padilla,2026-07-01,2026-07-31,2026-07-06,mascota,475.32,Consumo,Otros,,tarjeta de débito,,mascota
109,María Padilla,2026-07-01,2026-07-31,2026-07-09,accesorios,148.22,Consumo,Compras personales,Discrecional,tarjeta de crédito,67.2,accesorios
109,María Padilla,2026-07-01,2026-07-31,2026-07-09,abono a tarjeta,748.67,Pago de deuda,,,transferencia bancaria,,abono a tarjeta
109,María Padilla,2026-07-01,2026-07-31,2026-07-10,dentista,334.16,Consumo,Salud,Esencial,efectivo,,dentista
109,María Padilla,2026-07-01,2026-07-31,2026-07-10,viaje de fin de semana,360.52,Consumo,Viajes y vacaciones,Discrecional,efectivo,,viaje de fin de semana
109,María Padilla,2026-07-01,2026-07-31,2026-07-11,copias,800.87,Consumo,Educación,Esencial,efectivo,,copias
109,María Padilla,2026-07-01,2026-07-31,2026-07-13,seguro médico,108.11,Consumo,Salud,Esencial,transferencia bancaria,,seguro médico
109,María Padilla,2026-07-01,2026-07-31,2026-07-14,viaje,154.36,Consumo,Viajes y vacaciones,Discrecional,efectivo,,viaje
109,María Padilla,2026-07-01,2026-07-31,2026-07-14,decoración,1083.59,Consumo,Compras personales,Discrecional,efectivo,,decoración
109,María Padilla,2026-07-01,2026-07-31,2026-07-15,quincena,18231.65,Ingreso,,,transferencia bancaria,,quincena
109,María Padilla,2026-07-01,2026-07-31,2026-07-16,servicio del coche,168.2,Consumo,Transporte,Esencial,tarjeta de crédito,64.4,servicio del coche
109,María Padilla,2026-07-01,2026-07-31,2026-07-16,Costco,3558.19,Consumo,Alimentación,Esencial,tarjeta de débito,,costco
109,María Padilla,2026-07-01,2026-07-31,2026-07-18,comida,2537.37,Consumo,Alimentación,Esencial,efectivo,,comida
109,María Padilla,2026-07-01,2026-07-31,2026-07-18,lentes,252.46,Consumo,Salud,Esencial,tarjeta de débito,,lentes
109,María Padilla,2026-07-01,2026-07-31,2026-07-19,agua y refrescos,196.32,Consumo,Alimentación,Esencial,tarjeta de crédito,49.0,agua y refrescos
109,María Padilla,2026-07-01,2026-07-31,2026-07-20,accesorios,254.37,Consumo,Compras personales,Discrecional,transferencia bancaria,,accesorios
109,María Padilla,2026-07-01,2026-07-31,2026-07-21,internet de la casa,60.92,Consumo,Vivienda,Esencial,tarjeta de crédito,64.2,internet de la casa
109,María Padilla,2026-07-01,2026-07-31,2026-07-23,fondo de inversión,139.14,Ahorro e inversión,,,transferencia bancaria,,fondo de inversión
109,María Padilla,2026-07-01,2026-07-31,2026-07-23,gasolina,871.81,Consumo,Transporte,Esencial,tarjeta de crédito,69.0,gasolina
109,María Padilla,2026-07-01,2026-07-31,2026-07-24,reparación del coche,92.37,Consumo,Transporte,Esencial,transferencia bancaria,,reparación del coche
109,María Padilla,2026-07-01,2026-07-31,2026-07-24,gas de la casa,1378.96,Consumo,Vivienda,Esencial,tarjeta de débito,,gas de la casa
109,María Padilla,2026-07-01,2026-07-31,2026-07-24,pago al SAT,407.34,Consumo,Otros,,tarjeta de débito,,pago al sat
109,María Padilla,2026-07-01,2026-07-31,2026-07-25,fondo de inversión,109.23,Ahorro e inversión,,,transferencia bancaria,,fondo de inversión
109,María Padilla,2026-07-01,2026-07-31,2026-07-25,accesorios,2416.53,Consumo,Compras personales,Discrecional,transferencia bancaria,,accesorios
109,María Padilla,2026-07-01,2026-07-31,2026-07-26,cambio de aceite,93.93,Consumo,Transporte,Esencial,transferencia bancaria,,cambio de aceite
109,María Padilla,2026-07-01,2026-07-31,2026-07-27,estacionamiento,1316.51,Consumo,Transporte,Esencial,efectivo,,estacionamiento
109,María Padilla,2026-07-01,2026-07-31,2026-07-27,Bodega Aurrera,1395.21,Consumo,Alimentación,Esencial,tarjeta de crédito,50.3,bodega aurrera
109,María Padilla,2026-07-01,2026-07-31,2026-07-28,electricista,261.87,Consumo,Vivienda,Esencial,transferencia bancaria,,electricista
109,María Padilla,2026-07-01,2026-07-31,2026-07-28,recibo de luz,85.12,Consumo,Vivienda,Esencial,tarjeta de crédito,63.1,recibo de luz
109,María Padilla,2026-07-01,2026-07-31,2026-07-28,cosas del súper,157.08,Consumo,Alimentación,Esencial,tarjeta de débito,,cosas del súper
109,María Padilla,2026-07-01,2026-07-31,2026-07-29,internet de la casa,781.82,Consumo,Vivienda,Esencial,tarjeta de crédito,44.4,internet de la casa
109,María Padilla,2026-07-01,2026-07-31,2026-07-29,pagué la luz,550.15,Consumo,Vivienda,Esencial,tarjeta de débito,,pagué la luz
109,María Padilla,2026-07-01,2026-07-31,2026-07-30,salario,18231.65,Ingreso,,,transferencia bancaria,,salario
110,Mauricio Bravo,2026-07-01,2026-07-31,2026-07-01,metro,792.45,Consumo,Transporte,Esencial,tarjeta de crédito,40.6,metro
110,Mauricio Bravo,2026-07-01,2026-07-31,2026-07-03,peaje,296.79,Consumo,Transporte,Esencial,tarjeta de crédito,41.0,peaje
110,Mauricio Bravo,2026-07-01,2026-07-31,2026-07-03,vestido,1328.4,Consumo,Compras personales,Discrecional,tarjeta de crédito,62.9,vestido
110,Mauricio Bravo,2026-07-01,2026-07-31,2026-07-04,bonos gubernamentales,564.54,Ahorro e inversión,,,transferencia bancaria,,bonos gubernamentales
110,Mauricio Bravo,2026-07-01,2026-07-31,2026-07-04,Amazon,1331.31,Consumo,Compras personales,Discrecional,tarjeta de crédito,53.1,amazon
110,Mauricio Bravo,2026-07-01,2026-07-31,2026-07-04,carne,266.05,Consumo,Alimentación,Esencial,transferencia bancaria,,carne
110,Mauricio Bravo,2026-07-01,2026-07-31,2026-07-05,bonos gubernamentales,303.92,Ahorro e inversión,,,transferencia bancaria,,bonos gubernamentales
110,Mauricio Bravo,2026-07-01,2026-07-31,2026-07-08,venta del día,10059.5,Ingreso,,,efectivo,,venta del día
110,Mauricio Bravo,2026-07-01,2026-07-31,2026-07-08,pago TDC,1323.43,Pago de deuda,,,transferencia bancaria,,pago tdc
110,Mauricio Bravo,2026-07-01,2026-07-31,2026-07-09,Costco,4279.68,Consumo,Alimentación,Esencial,tarjeta de débito,,costco
110,Mauricio Bravo,2026-07-01,2026-07-31,2026-07-09,inscripción,1161.35,Consumo,Educación,Esencial,transferencia bancaria,,inscripción
110,Mauricio Bravo,2026-07-01,2026-07-31,2026-07-10,llené el tanque,801.75,Consumo,Transporte,Esencial,tarjeta de débito,,llené el tanque
110,Mauricio Bravo,2026-07-01,2026-07-31,2026-07-10,cremas,1299.9,Consumo,Compras personales,Discrecional,efectivo,,cremas
110,Mauricio Bravo,2026-07-01,2026-07-31,2026-07-10,ventas,1823.24,Ingreso,,,transferencia bancaria,,ventas
110,Mauricio Bravo,2026-07-01,2026-07-31,2026-07-11,aportación AFORE,917.24,Ahorro e inversión,,,transferencia bancaria,,aportación afore
110,Mauricio Bravo,2026-07-01,2026-07-31,2026-07-11,llené el tanque,639.57,Consumo,Transporte,Esencial,tarjeta de crédito,60.7,llené el tanque
110,Mauricio Bravo,2026-07-01,2026-07-31,2026-07-11,donación,971.58,Consumo,Otros,,transferencia bancaria,,donación
110,Mauricio Bravo,2026-07-01,2026-07-31,2026-07-11,abono a tarjeta,755.56,Pago de deuda,,,transferencia bancaria,,abono a tarjeta
110,Mauricio Bravo,2026-07-01,2026-07-31,2026-07-12,servicio del coche,776.25,Consumo,Transporte,Esencial,tarjeta de crédito,38.8,servicio del coche
110,Mauricio Bravo,2026-07-01,2026-07-31,2026-07-13,cobro a cliente,35234.44,Ingreso,,,transferencia bancaria,,cobro a cliente
110,Mauricio Bravo,2026-07-01,2026-07-31,2026-07-15,ingredientes para cocinar,2439.93,Consumo,Alimentación,Esencial,transferencia bancaria,,ingredientes para cocinar
110,Mauricio Bravo,2026-07-01,2026-07-31,2026-07-15,abarrotes,193.46,Consumo,Alimentación,Esencial,efectivo,,abarrotes
110,Mauricio Bravo,2026-07-01,2026-07-31,2026-07-15,despensa,2347.72,Consumo,Alimentación,Esencial,transferencia bancaria,,despensa
110,Mauricio Bravo,2026-07-01,2026-07-31,2026-07-15,internet de la casa,4511.49,Consumo,Vivienda,Esencial,transferencia bancaria,,internet de la casa
110,Mauricio Bravo,2026-07-01,2026-07-31,2026-07-16,pintura de la casa,757.12,Consumo,Vivienda,Esencial,tarjeta de débito,,pintura de la casa
110,Mauricio Bravo,2026-07-01,2026-07-31,2026-07-17,útiles,403.39,Consumo,Educación,Esencial,transferencia bancaria,,útiles
110,Mauricio Bravo,2026-07-01,2026-07-31,2026-07-17,YouTube Premium,677.11,Consumo,Suscripciones digitales,Discrecional,tarjeta de crédito,56.7,youtube premium
110,Mauricio Bravo,2026-07-01,2026-07-31,2026-07-17,ventas del negocio,3782.74,Ingreso,,,efectivo,,ventas del negocio
110,Mauricio Bravo,2026-07-01,2026-07-31,2026-07-18,pago mínimo de tarjeta,1002.87,Pago de deuda,,,transferencia bancaria,,pago mínimo de tarjeta
110,Mauricio Bravo,2026-07-01,2026-07-31,2026-07-19,Soriana,541.8,Consumo,Alimentación,Esencial,tarjeta de débito,,soriana
110,Mauricio Bravo,2026-07-01,2026-07-31,2026-07-21,peaje,183.14,Consumo,Transporte,Esencial,tarjeta de crédito,68.4,peaje
110,Mauricio Bravo,2026-07-01,2026-07-31,2026-07-21,seguro del coche,341.25,Consumo,Transporte,Esencial,transferencia bancaria,,seguro del coche
110,Mauricio Bravo,2026-07-01,2026-07-31,2026-07-21,Soriana,1274.08,Consumo,Alimentación,Esencial,efectivo,,soriana
110,Mauricio Bravo,2026-07-01,2026-07-31,2026-07-22,compras de comida,81.76,Consumo,Alimentación,Esencial,tarjeta de débito,,compras de comida
110,Mauricio Bravo,2026-07-01,2026-07-31,2026-07-22,carne,2906.14,Consumo,Alimentación,Esencial,tarjeta de crédito,37.0,carne
110,Mauricio Bravo,2026-07-01,2026-07-31,2026-07-24,ventas del negocio,7794.48,Ingreso,,,efectivo,,ventas del negocio
110,Mauricio Bravo,2026-07-01,2026-07-31,2026-07-26,gasolina,1910.15,Consumo,Transporte,Esencial,tarjeta de débito,,gasolina
110,Mauricio Bravo,2026-07-01,2026-07-31,2026-07-26,apoyo familiar,379.56,Consumo,Otros,,tarjeta de crédito,66.2,apoyo familiar
110,Mauricio Bravo,2026-07-01,2026-07-31,2026-07-26,cobro a cliente,7422.94,Ingreso,,,transferencia bancaria,,cobro a cliente
110,Mauricio Bravo,2026-07-01,2026-07-31,2026-07-27,despensa de la semana,804.13,Consumo,Alimentación,Esencial,transferencia bancaria,,despensa de la semana
110,Mauricio Bravo,2026-07-01,2026-07-31,2026-07-28,boliche,1663.76,Consumo,Entretenimiento y ocio,Discrecional,tarjeta de débito,,boliche
